anomaly,competition,category name,round,heat,couple,criteria,stdev,threshold,ratio,raw data
,174,Rock'n'Roll-Beginners,First round,1,6,DF,1.29,2.3,0.5608695652173914,"[10.0, 8.75, 6.25, 8.75, 7.5, 7.5, 10.0]"
,174,Rock'n'Roll-Beginners,First round,1,6,CO,1.92,2.0,0.96,"[9.0, 8.0, 4.0, 6.0, 5.0, 5.0, 9.0]"
,174,Rock'n'Roll-Beginners,First round,1,6,FM,1.33,2.0,0.665,"[6.5, 5.0, 2.5, 6.5, 5.0, 6.5, 5.0]"
,174,Rock'n'Roll-Beginners,First round,1,6,FW,13.89,14.4,0.9645833333333333,"[-35.0, -35.0, -75.0, -35.0, -50.0, -35.0, -50.0]"
,174,Rock'n'Roll-Beginners,First round,1,6,sm,1.76,2.3,0.7652173913043478,"[-4.0, 0.0, -4.0, 0.0, 0.0, -2.0, 0.0]"
,174,Rock'n'Roll-Beginners,First round,1,6,bm,4.95,8.0,0.61875,"[0.0, 0.0, 0.0, -10.0, -10.0, 0.0, -10.0]"
,174,Rock'n'Roll-Beginners,First round,1,350,DF,1.62,2.3,0.7043478260869567,"[10.0, 10.0, 10.0, 10.0, 12.5, 8.75, 13.75]"
,174,Rock'n'Roll-Beginners,First round,1,350,CO,1.96,2.0,0.98,"[8.0, 6.0, 9.0, 8.0, 10.0, 5.0, 11.0]"
,174,Rock'n'Roll-Beginners,First round,1,350,FM,1.33,2.0,0.665,"[6.5, 6.5, 2.5, 5.0, 5.0, 5.0, 6.5]"
,174,Rock'n'Roll-Beginners,First round,1,350,FW,7.42,14.4,0.5152777777777777,"[-35.0, -35.0, -50.0, -35.0, -35.0, -50.0, -50.0]"
,174,Rock'n'Roll-Beginners,First round,1,350,sm,0.9,2.3,0.391304347826087,"[0.0, 0.0, -2.0, -2.0, 0.0, 0.0, 0.0]"
,174,Rock'n'Roll-Beginners,First round,1,350,bm,0.0,8.0,0.0,"[0.0, 0.0, 0.0, 0.0, 0.0, 0.0, 0.0]"
,174,Rock'n'Roll-Beginners,First round,2,276,DF,0.91,2.3,0.3956521739130435,"[10.0, 8.75, 8.75, 10.0, 8.75, 8.75, 11.25]"
,174,Rock'n'Roll-Beginners,First round,2,276,CO,0.7,2.0,0.35,"[8.0, 8.0, 7.0, 7.0, 7.0, 8.0, 9.0]"
,174,Rock'n'Roll-Beginners,First round,2,276,FM,1.56,2.0,0.78,"[5.0, 2.5, 2.5, 2.5, 5.0, 6.5, 2.5]"
,174,Rock'n'Roll-Beginners,First round,2,276,FW,10.35,14.4,0.71875,"[-35.0, -50.0, -50.0, -25.0, -25.0, -35.0, -25.0]"
,174,Rock'n'Roll-Beginners,First round,2,276,sm,1.51,2.3,0.6565217391304349,"[-2.0, -2.0, 0.0, 0.0, -4.0, -4.0, -2.0]"
,174,Rock'n'Roll-Beginners,First round,2,276,bm,0.0,8.0,0.0,"[0.0, 0.0, 0.0, 0.0, 0.0, 0.0, 0.0]"
,174,Rock'n'Roll-Beginners,First round,2,289,DF,2.08,2.3,0.9043478260869566,"[12.5, 11.25, 10.0, 13.75, 15.0, 11.25, 16.25]"
,174,Rock'n'Roll-Beginners,First round,2,289,CO,1.29,2.0,0.645,"[10.0, 10.0, 8.0, 9.0, 10.0, 8.0, 12.0]"
,174,Rock'n'Roll-Beginners,First round,2,289,FM,0.83,2.0,0.415,"[7.5, 8.5, 6.5, 8.5, 7.5, 6.5, 8.5]"
,174,Rock'n'Roll-Beginners,First round,2,289,FW,6.39,14.4,0.44375,"[-25.0, -25.0, -35.0, -15.0, -35.0, -25.0, -25.0]"
,174,Rock'n'Roll-Beginners,First round,2,289,sm,0.0,2.3,0.0,"[0.0, 0.0, 0.0, 0.0, 0.0, 0.0, 0.0]"
,174,Rock'n'Roll-Beginners,First round,2,289,bm,0.0,8.0,0.0,"[0.0, 0.0, 0.0, 0.0, 0.0, 0.0, 0.0]"
,174,Rock'n'Roll-Beginners,First round,3,114,DF,1.87,2.3,0.8130434782608696,"[11.25, 8.75, 10.0, 13.75, 12.5, 13.75, 13.75]"
,174,Rock'n'Roll-Beginners,First round,3,114,CO,1.48,2.0,0.74,"[9.0, 6.0, 7.0, 9.0, 10.0, 10.0, 10.0]"
,174,Rock'n'Roll-Beginners,First round,3,114,FM,1.09,2.0,0.545,"[6.5, 5.0, 5.0, 6.5, 6.5, 8.5, 6.5]"
,174,Rock'n'Roll-Beginners,First round,3,114,FW,11.65,14.4,0.8090277777777778,"[-35.0, -50.0, -50.0, -25.0, -35.0, -15.0, -35.0]"
,174,Rock'n'Roll-Beginners,First round,3,114,sm,0.7,2.3,0.30434782608695654,"[0.0, 0.0, 0.0, 0.0, 0.0, 0.0, -2.0]"
,174,Rock'n'Roll-Beginners,First round,3,114,bm,3.5,8.0,0.4375,"[0.0, 0.0, -10.0, 0.0, 0.0, 0.0, 0.0]"
,174,Rock'n'Roll-Beginners,First round,3,290,DF,1.31,2.3,0.5695652173913044,"[10.0, 7.5, 6.25, 10.0, 7.5, 7.5, 7.5]"
,174,Rock'n'Roll-Beginners,First round,3,290,CO,1.48,2.0,0.74,"[9.0, 5.0, 5.0, 5.0, 8.0, 6.0, 6.0]"
,174,Rock'n'Roll-Beginners,First round,3,290,FM,0.45,2.0,0.225,"[6.5, 6.5, 6.5, 7.5, 6.5, 7.5, 6.5]"
,174,Rock'n'Roll-Beginners,First round,3,290,FW,8.75,14.4,0.6076388888888888,"[-35.0, -25.0, -50.0, -25.0, -35.0, -25.0, -25.0]"
,174,Rock'n'Roll-Beginners,First round,3,290,sm,1.85,2.3,0.8043478260869567,"[-2.0, -4.0, 0.0, 0.0, 0.0, -4.0, -4.0]"
,174,Rock'n'Roll-Beginners,First round,3,290,bm,4.52,8.0,0.565,"[0.0, 0.0, 0.0, -10.0, -10.0, 0.0, 0.0]"
,174,Rock'n'Roll-Beginners,First round,4,279,DF,1.41,2.3,0.6130434782608696,"[11.25, 11.25, 7.5, 8.75, 11.25, 10.0, 11.25]"
,174,Rock'n'Roll-Beginners,First round,4,279,CO,1.5,2.0,0.75,"[10.0, 6.0, 6.0, 7.0, 6.0, 8.0, 9.0]"
,174,Rock'n'Roll-Beginners,First round,4,279,FM,0.45,2.0,0.225,"[7.5, 6.5, 6.5, 6.5, 6.5, 6.5, 7.5]"
,174,Rock'n'Roll-Beginners,First round,4,279,FW,8.75,14.4,0.6076388888888888,"[-25.0, -25.0, -50.0, -25.0, -35.0, -25.0, -35.0]"
,174,Rock'n'Roll-Beginners,First round,4,279,sm,1.85,2.3,0.8043478260869567,"[0.0, -2.0, -6.0, -2.0, -2.0, 0.0, -2.0]"
,174,Rock'n'Roll-Beginners,First round,4,279,bm,0.0,8.0,0.0,"[0.0, 0.0, 0.0, 0.0, 0.0, 0.0, 0.0]"
,174,Rock'n'Roll-Beginners,First round,4,277,DF,1.47,2.3,0.6391304347826088,"[8.75, 7.5, 7.5, 10.0, 8.75, 5.0, 8.75]"
,174,Rock'n'Roll-Beginners,First round,4,277,CO,0.64,2.0,0.32,"[7.0, 5.0, 6.0, 5.0, 6.0, 6.0, 6.0]"
,174,Rock'n'Roll-Beginners,First round,4,277,FM,1.13,2.0,0.565,"[5.0, 2.5, 5.0, 2.5, 5.0, 5.0, 5.0]"
,174,Rock'n'Roll-Beginners,First round,4,277,FW,5.25,14.4,0.3645833333333333,"[-50.0, -50.0, -50.0, -50.0, -35.0, -50.0, -50.0]"
yes,174,Rock'n'Roll-Beginners,First round,4,277,sm,2.39,2.3,1.039130434782609,"[-2.0, 0.0, -4.0, -4.0, -4.0, -8.0, -6.0]"
,174,Rock'n'Roll-Beginners,First round,4,277,bm,0.0,8.0,0.0,"[0.0, 0.0, 0.0, 0.0, 0.0, 0.0, 0.0]"
,174,Rock'n'Roll-Beginners,First round,5,218,DF,1.6,2.3,0.6956521739130436,"[10.0, 7.5, 7.5, 8.75, 11.25, 6.25, 7.5]"
,174,Rock'n'Roll-Beginners,First round,5,218,CO,1.12,2.0,0.56,"[8.0, 8.0, 7.0, 8.0, 6.0, 5.0, 6.0]"
,174,Rock'n'Roll-Beginners,First round,5,218,FM,1.24,2.0,0.62,"[6.5, 5.0, 2.5, 5.0, 5.0, 5.0, 6.5]"
,174,Rock'n'Roll-Beginners,First round,5,218,FW,5.25,14.4,0.3645833333333333,"[-35.0, -35.0, -35.0, -35.0, -35.0, -35.0, -50.0]"
yes,174,Rock'n'Roll-Beginners,First round,5,218,sm,2.8,2.3,1.2173913043478262,"[-6.0, -4.0, -4.0, 0.0, -4.0, -6.0, -10.0]"
,174,Rock'n'Roll-Beginners,First round,5,218,bm,0.0,8.0,0.0,"[0.0, 0.0, 0.0, 0.0, 0.0, 0.0, 0.0]"
,174,Rock'n'Roll-Beginners,First round,5,293,DF,2.1,2.3,0.9130434782608696,"[11.25, 10.0, 11.25, 11.25, 11.25, 6.25, 13.75]"
,174,Rock'n'Roll-Beginners,First round,5,293,CO,0.73,2.0,0.365,"[9.0, 9.0, 8.0, 8.0, 9.0, 7.0, 9.0]"
,174,Rock'n'Roll-Beginners,First round,5,293,FM,0.68,2.0,0.34,"[6.5, 6.5, 5.0, 5.0, 6.5, 6.5, 6.5]"
,174,Rock'n'Roll-Beginners,First round,5,293,FW,10.15,14.4,0.7048611111111112,"[-25.0, -15.0, -35.0, -35.0, -15.0, -35.0, -10.0]"
,174,Rock'n'Roll-Beginners,First round,5,293,sm,0.7,2.3,0.30434782608695654,"[0.0, 0.0, 0.0, 0.0, 0.0, -2.0, 0.0]"
,174,Rock'n'Roll-Beginners,First round,5,293,bm,0.0,8.0,0.0,"[0.0, 0.0, 0.0, 0.0, 0.0, 0.0, 0.0]"
,174,Rock'n'Roll-Beginners,Hope round,1,277,DF,1.1,2.3,0.47826086956521746,"[10.0, 7.5, 8.75, 7.5, 6.25, 7.5, 7.5]"
,174,Rock'n'Roll-Beginners,Hope round,1,277,CO,0.83,2.0,0.415,"[7.0, 5.0, 7.0, 5.0, 6.0, 5.0, 6.0]"
,174,Rock'n'Roll-Beginners,Hope round,1,277,FM,1.56,2.0,0.78,"[6.5, 2.5, 2.5, 2.5, 5.0, 2.5, 5.0]"
,174,Rock'n'Roll-Beginners,Hope round,1,277,FW,12.37,14.4,0.8590277777777777,"[-50.0, -75.0, -50.0, -50.0, -35.0, -50.0, -35.0]"
,174,Rock'n'Roll-Beginners,Hope round,1,277,sm,2.25,2.3,0.9782608695652175,"[-6.0, -4.0, -2.0, 0.0, -6.0, -2.0, -6.0]"
,174,Rock'n'Roll-Beginners,Hope round,1,277,bm,0.0,8.0,0.0,"[0.0, 0.0, 0.0, 0.0, 0.0, 0.0, 0.0]"
,174,Rock'n'Roll-Beginners,Hope round,1,350,DF,1.87,2.3,0.8130434782608696,"[10.0, 8.75, 7.5, 7.5, 11.25, 7.5, 12.5]"
,174,Rock'n'Roll-Beginners,Hope round,1,350,CO,1.28,2.0,0.64,"[8.0, 6.0, 7.0, 6.0, 9.0, 6.0, 9.0]"
,174,Rock'n'Roll-Beginners,Hope round,1,350,FM,1.33,2.0,0.665,"[6.5, 6.5, 2.5, 5.0, 5.0, 5.0, 6.5]"
,174,Rock'n'Roll-Beginners,Hope round,1,350,FW,7.42,14.4,0.5152777777777777,"[-35.0, -50.0, -50.0, -50.0, -35.0, -35.0, -35.0]"
,174,Rock'n'Roll-Beginners,Hope round,1,350,sm,0.7,2.3,0.30434782608695654,"[0.0, -2.0, 0.0, 0.0, 0.0, 0.0, 0.0]"
,174,Rock'n'Roll-Beginners,Hope round,1,350,bm,0.0,8.0,0.0,"[0.0, 0.0, 0.0, 0.0, 0.0, 0.0, 0.0]"
,174,Rock'n'Roll-Beginners,Hope round,2,218,DF,1.34,2.3,0.582608695652174,"[10.0, 8.75, 10.0, 8.75, 6.25, 7.5, 10.0]"
,174,Rock'n'Roll-Beginners,Hope round,2,218,CO,1.03,2.0,0.515,"[7.0, 6.0, 7.0, 6.0, 9.0, 6.0, 6.0]"
,174,Rock'n'Roll-Beginners,Hope round,2,218,FM,1.53,2.0,0.765,"[6.5, 2.5, 2.5, 5.0, 5.0, 5.0, 6.5]"
,174,Rock'n'Roll-Beginners,Hope round,2,218,FW,12.37,14.4,0.8590277777777777,"[-50.0, -75.0, -50.0, -50.0, -35.0, -50.0, -35.0]"
yes,174,Rock'n'Roll-Beginners,Hope round,2,218,sm,2.56,2.3,1.1130434782608696,"[-4.0, -6.0, -6.0, 0.0, -6.0, -2.0, 0.0]"
,174,Rock'n'Roll-Beginners,Hope round,2,218,bm,3.5,8.0,0.4375,"[0.0, 0.0, 0.0, 0.0, 0.0, 0.0, -10.0]"
yes,174,Rock'n'Roll-Beginners,Hope round,2,290,DF,2.45,2.3,1.065217391304348,"[11.25, 10.0, 7.5, 7.5, 11.25, 8.75, 15.0]"
yes,174,Rock'n'Roll-Beginners,Hope round,2,290,CO,2.06,2.0,1.03,"[9.0, 10.0, 6.0, 6.0, 9.0, 7.0, 12.0]"
,174,Rock'n'Roll-Beginners,Hope round,2,290,FM,0.74,2.0,0.37,"[6.5, 5.0, 5.0, 5.0, 6.5, 5.0, 6.5]"
,174,Rock'n'Roll-Beginners,Hope round,2,290,FW,11.16,14.4,0.775,"[-35.0, -50.0, -50.0, -50.0, -25.0, -50.0, -25.0]"
,174,Rock'n'Roll-Beginners,Hope round,2,290,sm,0.0,2.3,0.0,"[0.0, 0.0, 0.0, 0.0, 0.0, 0.0, 0.0]"
,174,Rock'n'Roll-Beginners,Hope round,2,290,bm,0.0,8.0,0.0,"[0.0, 0.0, 0.0, 0.0, 0.0, 0.0, 0.0]"
,174,Rock'n'Roll-Beginners,Hope round,3,276,DF,1.62,2.3,0.7043478260869567,"[10.0, 10.0, 8.75, 10.0, 12.5, 10.0, 13.75]"
,174,Rock'n'Roll-Beginners,Hope round,3,276,CO,1.76,2.0,0.88,"[10.0, 7.0, 7.0, 8.0, 9.0, 7.0, 12.0]"
,174,Rock'n'Roll-Beginners,Hope round,3,276,FM,0.87,2.0,0.435,"[5.0, 5.0, 2.5, 5.0, 5.0, 5.0, 5.0]"
,174,Rock'n'Roll-Beginners,Hope round,3,276,FW,8.39,14.4,0.5826388888888889,"[-35.0, -35.0, -50.0, -25.0, -25.0, -35.0, -25.0]"
,174,Rock'n'Roll-Beginners,Hope round,3,276,sm,0.99,2.3,0.43043478260869567,"[0.0, -2.0, 0.0, -2.0, -2.0, -2.0, 0.0]"
,174,Rock'n'Roll-Beginners,Hope round,3,276,bm,0.0,8.0,0.0,"[0.0, 0.0, 0.0, 0.0, 0.0, 0.0, 0.0]"
,174,Rock'n'Roll-Beginners,Hope round,3,6,DF,1.99,2.3,0.8652173913043479,"[10.0, 6.25, 5.0, 8.75, 7.5, 8.75, 11.25]"
,174,Rock'n'Roll-Beginners,Hope round,3,6,CO,1.18,2.0,0.59,"[8.0, 5.0, 5.0, 7.0, 7.0, 6.0, 8.0]"
,174,Rock'n'Roll-Beginners,Hope round,3,6,FM,1.66,2.0,0.83,"[6.5, 2.5, 2.5, 6.5, 5.0, 6.5, 5.0]"
,174,Rock'n'Roll-Beginners,Hope round,3,6,FW,7.42,14.4,0.5152777777777777,"[-35.0, -50.0, -50.0, -35.0, -50.0, -35.0, -50.0]"
,174,Rock'n'Roll-Beginners,Hope round,3,6,sm,0.99,2.3,0.43043478260869567,"[0.0, 0.0, 0.0, -2.0, -2.0, -2.0, -2.0]"
,174,Rock'n'Roll-Beginners,Hope round,3,6,bm,0.0,8.0,0.0,"[0.0, 0.0, 0.0, 0.0, 0.0, 0.0, 0.0]"
,174,Rock'n'Roll-Beginners,Final,1,290,DF,1.64,2.3,0.7130434782608696,"[10.0, 8.75, 8.75, 10.0, 13.75, 10.0, 8.75]"
,174,Rock'n'Roll-Beginners,Final,1,290,CO,0.73,2.0,0.365,"[8.0, 8.0, 7.0, 7.0, 9.0, 7.0, 7.0]"
,174,Rock'n'Roll-Beginners,Final,1,290,FM,0.68,2.0,0.34,"[6.5, 6.5, 5.0, 5.0, 6.5, 6.5, 6.5]"
,174,Rock'n'Roll-Beginners,Final,1,290,FW,7.76,14.4,0.5388888888888889,"[-35.0, -35.0, -35.0, -50.0, -25.0, -35.0, -25.0]"
,174,Rock'n'Roll-Beginners,Final,1,290,sm,0.7,2.3,0.30434782608695654,"[0.0, 0.0, 0.0, 0.0, -2.0, 0.0, 0.0]"
,174,Rock'n'Roll-Beginners,Final,1,290,bm,0.0,8.0,0.0,"[0.0, 0.0, 0.0, 0.0, 0.0, 0.0, 0.0]"
,174,Rock'n'Roll-Beginners,Final,2,279,DF,1.47,2.3,0.6391304347826088,"[10.0, 7.5, 8.75, 11.25, 11.25, 7.5, 10.0]"
,174,Rock'n'Roll-Beginners,Final,2,279,CO,0.7,2.0,0.35,"[9.0, 7.0, 7.0, 7.0, 7.0, 7.0, 7.0]"
,174,Rock'n'Roll-Beginners,Final,2,279,FM,0.68,2.0,0.34,"[6.5, 6.5, 5.0, 5.0, 6.5, 6.5, 6.5]"
,174,Rock'n'Roll-Beginners,Final,2,279,FW,7.76,14.4,0.5388888888888889,"[-35.0, -50.0, -35.0, -25.0, -35.0, -35.0, -25.0]"
,174,Rock'n'Roll-Beginners,Final,2,279,sm,1.98,2.3,0.8608695652173913,"[0.0, -6.0, -2.0, 0.0, -2.0, 0.0, -2.0]"
,174,Rock'n'Roll-Beginners,Final,2,279,bm,0.0,8.0,0.0,"[0.0, 0.0, 0.0, 0.0, 0.0, 0.0, 0.0]"
,174,Rock'n'Roll-Beginners,Final,3,276,DF,1.94,2.3,0.8434782608695652,"[10.0, 7.5, 8.75, 7.5, 6.25, 7.5, 12.5]"
,174,Rock'n'Roll-Beginners,Final,3,276,CO,1.69,2.0,0.845,"[8.0, 9.0, 6.0, 4.0, 7.0, 6.0, 9.0]"
,174,Rock'n'Roll-Beginners,Final,3,276,FM,1.75,2.0,0.875,"[5.0, 2.5, 2.5, 0.0, 2.5, 5.0, 5.0]"
,174,Rock'n'Roll-Beginners,Final,3,276,FW,9.26,14.4,0.6430555555555555,"[-35.0, -50.0, -50.0, -50.0, -35.0, -35.0, -25.0]"
yes,174,Rock'n'Roll-Beginners,Final,3,276,sm,2.39,2.3,1.039130434782609,"[-4.0, -6.0, -2.0, -4.0, -8.0, -4.0, 0.0]"
,174,Rock'n'Roll-Beginners,Final,3,276,bm,0.0,8.0,0.0,"[0.0, 0.0, 0.0, 0.0, 0.0, 0.0, 0.0]"
,174,Rock'n'Roll-Beginners,Final,4,114,DF,1.82,2.3,0.791304347826087,"[12.5, 10.0, 11.25, 12.5, 12.5, 11.25, 16.25]"
yes,174,Rock'n'Roll-Beginners,Final,4,114,CO,2.36,2.0,1.18,"[10.0, 10.0, 7.0, 9.0, 5.0, 8.0, 13.0]"
,174,Rock'n'Roll-Beginners,Final,4,114,FM,0.84,2.0,0.42,"[6.5, 5.0, 6.5, 6.5, 5.0, 7.5, 6.5]"
,174,Rock'n'Roll-Beginners,Final,4,114,FW,7.0,14.4,0.4861111111111111,"[-25.0, -35.0, -25.0, -35.0, -35.0, -15.0, -25.0]"
,174,Rock'n'Roll-Beginners,Final,4,114,sm,1.46,2.3,0.6347826086956522,"[0.0, -2.0, 0.0, 0.0, -4.0, 0.0, 0.0]"
,174,Rock'n'Roll-Beginners,Final,4,114,bm,0.0,8.0,0.0,"[0.0, 0.0, 0.0, 0.0, 0.0, 0.0, 0.0]"
,174,Rock'n'Roll-Beginners,Final,5,293,DF,2.22,2.3,0.965217391304348,"[13.75, 13.75, 12.5, 13.75, 11.25, 12.5, 18.75]"
,174,Rock'n'Roll-Beginners,Final,5,293,CO,1.81,2.0,0.905,"[10.0, 8.0, 9.0, 9.0, 10.0, 9.0, 14.0]"
,174,Rock'n'Roll-Beginners,Final,5,293,FM,1.66,2.0,0.83,"[6.5, 5.0, 2.5, 2.5, 5.0, 6.5, 6.5]"
,174,Rock'n'Roll-Beginners,Final,5,293,FW,9.2,14.4,0.6388888888888888,"[-25.0, -25.0, -35.0, -35.0, -15.0, -15.0, -10.0]"
,174,Rock'n'Roll-Beginners,Final,5,293,sm,0.9,2.3,0.391304347826087,"[0.0, -2.0, 0.0, 0.0, -2.0, 0.0, 0.0]"
,174,Rock'n'Roll-Beginners,Final,5,293,bm,0.0,8.0,0.0,"[0.0, 0.0, 0.0, 0.0, 0.0, 0.0, 0.0]"
yes,174,Rock'n'Roll-Beginners,Final,6,289,DF,2.65,2.3,1.1521739130434783,"[11.25, 11.25, 11.25, 12.5, 16.25, 7.5, 15.0]"
,174,Rock'n'Roll-Beginners,Final,6,289,CO,1.75,2.0,0.875,"[10.0, 11.0, 7.0, 9.0, 9.0, 7.0, 12.0]"
,174,Rock'n'Roll-Beginners,Final,6,289,FM,0.73,2.0,0.365,"[6.5, 8.5, 6.5, 6.5, 7.5, 6.5, 6.5]"
,174,Rock'n'Roll-Beginners,Final,6,289,FW,4.95,14.4,0.34375,"[-35.0, -35.0, -35.0, -25.0, -25.0, -35.0, -25.0]"
,174,Rock'n'Roll-Beginners,Final,6,289,sm,0.7,2.3,0.30434782608695654,"[0.0, 0.0, 0.0, 0.0, -2.0, 0.0, 0.0]"
,174,Rock'n'Roll-Beginners,Final,6,289,bm,0.0,8.0,0.0,"[0.0, 0.0, 0.0, 0.0, 0.0, 0.0, 0.0]"
,174,Rock'n'Roll-Juveniles,First round,1,3,DF,2.29,2.3,0.9956521739130436,"[12.5, 15.0, 12.5, 13.75, 16.25, 8.75, 15.0]"
,174,Rock'n'Roll-Juveniles,First round,1,3,CO,1.76,2.0,0.88,"[10.0, 11.0, 10.0, 10.0, 13.0, 7.0, 12.0]"
,174,Rock'n'Roll-Juveniles,First round,1,3,FM,0.45,2.0,0.225,"[7.5, 8.5, 7.5, 7.5, 8.5, 7.5, 7.5]"
,174,Rock'n'Roll-Juveniles,First round,1,3,FW,7.0,14.4,0.4861111111111111,"[-25.0, -5.0, -15.0, -25.0, -15.0, -25.0, -15.0]"
,174,Rock'n'Roll-Juveniles,First round,1,3,sm,0.0,2.3,0.0,"[0.0, 0.0, 0.0, 0.0, 0.0, 0.0, 0.0]"
,174,Rock'n'Roll-Juveniles,First round,1,3,bm,0.0,8.0,0.0,"[0.0, 0.0, 0.0, 0.0, 0.0, 0.0, 0.0]"
,174,Rock'n'Roll-Juveniles,First round,1,193,DF,1.13,2.3,0.49130434782608695,"[12.5, 11.25, 8.75, 11.25, 11.25, 10.0, 10.0]"
,174,Rock'n'Roll-Juveniles,First round,1,193,CO,1.25,2.0,0.625,"[10.0, 6.0, 7.0, 9.0, 9.0, 8.0, 8.0]"
,174,Rock'n'Roll-Juveniles,First round,1,193,FM,0.49,2.0,0.245,"[6.5, 6.5, 6.5, 6.5, 7.5, 7.5, 7.5]"
,174,Rock'n'Roll-Juveniles,First round,1,193,FW,5.35,14.4,0.37152777777777773,"[-35.0, -25.0, -25.0, -25.0, -25.0, -15.0, -25.0]"
,174,Rock'n'Roll-Juveniles,First round,1,193,sm,0.7,2.3,0.30434782608695654,"[0.0, -2.0, 0.0, 0.0, 0.0, 0.0, 0.0]"
,174,Rock'n'Roll-Juveniles,First round,1,193,bm,0.0,8.0,0.0,"[0.0, 0.0, 0.0, 0.0, 0.0, 0.0, 0.0]"
,174,Rock'n'Roll-Juveniles,First round,2,57,DF,1.87,2.3,0.8130434782608696,"[11.25, 8.75, 10.0, 10.0, 10.0, 5.0, 10.0]"
,174,Rock'n'Roll-Juveniles,First round,2,57,CO,0.93,2.0,0.465,"[9.0, 8.0, 7.0, 7.0, 9.0, 7.0, 9.0]"
,174,Rock'n'Roll-Juveniles,First round,2,57,FM,0.73,2.0,0.365,"[6.5, 8.5, 6.5, 6.5, 6.5, 6.5, 7.5]"
,174,Rock'n'Roll-Juveniles,First round,2,57,FW,7.28,14.4,0.5055555555555555,"[-35.0, -15.0, -25.0, -35.0, -35.0, -35.0, -35.0]"
,174,Rock'n'Roll-Juveniles,First round,2,57,sm,0.0,2.3,0.0,"[0.0, 0.0, 0.0, 0.0, 0.0, 0.0, 0.0]"
,174,Rock'n'Roll-Juveniles,First round,2,57,bm,0.0,8.0,0.0,"[0.0, 0.0, 0.0, 0.0, 0.0, 0.0, 0.0]"
,174,Rock'n'Roll-Juveniles,First round,2,27,DF,1.47,2.3,0.6391304347826088,"[12.5, 15.0, 12.5, 13.75, 16.25, 13.75, 16.25]"
,174,Rock'n'Roll-Juveniles,First round,2,27,CO,1.05,2.0,0.525,"[10.0, 10.0, 10.0, 11.0, 10.0, 10.0, 13.0]"
,174,Rock'n'Roll-Juveniles,First round,2,27,FM,0.58,2.0,0.29,"[7.5, 9.0, 8.5, 8.5, 7.5, 9.0, 8.5]"
,174,Rock'n'Roll-Juveniles,First round,2,27,FW,5.8,14.4,0.40277777777777773,"[-25.0, -10.0, -15.0, -15.0, -15.0, -10.0, -25.0]"
,174,Rock'n'Roll-Juveniles,First round,2,27,sm,0.0,2.3,0.0,"[0.0, 0.0, 0.0, 0.0, 0.0, 0.0, 0.0]"
,174,Rock'n'Roll-Juveniles,First round,2,27,bm,0.0,8.0,0.0,"[0.0, 0.0, 0.0, 0.0, 0.0, 0.0, 0.0]"
,174,Rock'n'Roll-Juveniles,First round,3,134,DF,1.24,2.3,0.5391304347826087,"[13.75, 15.0, 11.25, 12.5, 13.75, 13.75, 15.0]"
,174,Rock'n'Roll-Juveniles,First round,3,134,CO,1.18,2.0,0.59,"[10.0, 9.0, 9.0, 10.0, 12.0, 11.0, 12.0]"
,174,Rock'n'Roll-Juveniles,First round,3,134,FM,0.58,2.0,0.29,"[8.5, 9.0, 7.5, 7.5, 8.5, 8.5, 7.5]"
,174,Rock'n'Roll-Juveniles,First round,3,134,FW,4.52,14.4,0.31388888888888883,"[-15.0, -15.0, -25.0, -25.0, -15.0, -15.0, -15.0]"
,174,Rock'n'Roll-Juveniles,First round,3,134,sm,0.0,2.3,0.0,"[0.0, 0.0, 0.0, 0.0, 0.0, 0.0, 0.0]"
,174,Rock'n'Roll-Juveniles,First round,3,134,bm,0.0,8.0,0.0,"[0.0, 0.0, 0.0, 0.0, 0.0, 0.0, 0.0]"
yes,174,Rock'n'Roll-Juveniles,First round,3,182,DF,3.09,2.3,1.3434782608695652,"[11.25, 17.5, 13.75, 15.0, 17.5, 10.0, 18.75]"
yes,174,Rock'n'Roll-Juveniles,First round,3,182,CO,2.49,2.0,1.245,"[10.0, 10.0, 9.0, 9.0, 14.0, 8.0, 15.0]"
,174,Rock'n'Roll-Juveniles,First round,3,182,FM,0.73,2.0,0.365,"[7.5, 9.5, 8.5, 7.5, 8.5, 7.5, 7.5]"
,174,Rock'n'Roll-Juveniles,First round,3,182,FW,7.42,14.4,0.5152777777777777,"[-25.0, -10.0, -25.0, -25.0, -10.0, -25.0, -10.0]"
,174,Rock'n'Roll-Juveniles,First round,3,182,sm,0.0,2.3,0.0,"[0.0, 0.0, 0.0, 0.0, 0.0, 0.0, 0.0]"
,174,Rock'n'Roll-Juveniles,First round,3,182,bm,0.0,8.0,0.0,"[0.0, 0.0, 0.0, 0.0, 0.0, 0.0, 0.0]"
,174,Rock'n'Roll-Juveniles,First round,4,7,DF,2.19,2.3,0.9521739130434783,"[10.0, 10.0, 11.25, 8.75, 12.5, 5.0, 10.0]"
,174,Rock'n'Roll-Juveniles,First round,4,7,CO,1.12,2.0,0.56,"[8.0, 7.0, 6.0, 8.0, 8.0, 5.0, 8.0]"
,174,Rock'n'Roll-Juveniles,First round,4,7,FM,1.53,2.0,0.765,"[6.5, 5.0, 6.5, 2.5, 6.5, 5.0, 7.5]"
,174,Rock'n'Roll-Juveniles,First round,4,7,FW,7.28,14.4,0.5055555555555555,"[-35.0, -25.0, -35.0, -35.0, -25.0, -35.0, -15.0]"
,174,Rock'n'Roll-Juveniles,First round,4,7,sm,0.0,2.3,0.0,"[0.0, 0.0, 0.0, 0.0, 0.0, 0.0, 0.0]"
,174,Rock'n'Roll-Juveniles,First round,4,7,bm,0.0,8.0,0.0,"[0.0, 0.0, 0.0, 0.0, 0.0, 0.0, 0.0]"
,174,Rock'n'Roll-Juveniles,Final,1,193,DF,1.31,2.3,0.5695652173913044,"[11.25, 10.0, 10.0, 10.0, 8.75, 12.5, 12.5]"
,174,Rock'n'Roll-Juveniles,Final,1,193,CO,1.28,2.0,0.64,"[11.0, 8.0, 8.0, 8.0, 7.0, 10.0, 9.0]"
,174,Rock'n'Roll-Juveniles,Final,1,193,FM,0.68,2.0,0.34,"[6.5, 6.5, 6.5, 5.0, 6.5, 7.5, 6.5]"
,174,Rock'n'Roll-Juveniles,Final,1,193,FW,7.56,14.4,0.5249999999999999,"[-35.0, -25.0, -25.0, -35.0, -25.0, -15.0, -15.0]"
,174,Rock'n'Roll-Juveniles,Final,1,193,sm,0.7,2.3,0.30434782608695654,"[0.0, 0.0, 0.0, 0.0, -2.0, 0.0, 0.0]"
,174,Rock'n'Roll-Juveniles,Final,1,193,bm,0.0,8.0,0.0,"[0.0, 0.0, 0.0, 0.0, 0.0, 0.0, 0.0]"
,174,Rock'n'Roll-Juveniles,Final,2,134,DF,1.77,2.3,0.7695652173913045,"[13.75, 13.75, 13.75, 13.75, 16.25, 15.0, 18.75]"
,174,Rock'n'Roll-Juveniles,Final,2,134,CO,1.05,2.0,0.525,"[13.0, 10.0, 11.0, 10.0, 12.0, 12.0, 12.0]"
,174,Rock'n'Roll-Juveniles,Final,2,134,FM,0.6,2.0,0.3,"[8.5, 7.5, 8.5, 7.5, 7.5, 9.0, 7.5]"
,174,Rock'n'Roll-Juveniles,Final,2,134,FW,5.8,14.4,0.40277777777777773,"[-15.0, -15.0, -25.0, -25.0, -15.0, -10.0, -10.0]"
,174,Rock'n'Roll-Juveniles,Final,2,134,sm,0.7,2.3,0.30434782608695654,"[0.0, 0.0, 0.0, 0.0, -2.0, 0.0, 0.0]"
,174,Rock'n'Roll-Juveniles,Final,2,134,bm,0.0,8.0,0.0,"[0.0, 0.0, 0.0, 0.0, 0.0, 0.0, 0.0]"
,174,Rock'n'Roll-Juveniles,Final,3,27,DF,1.29,2.3,0.5608695652173914,"[12.5, 15.0, 13.75, 16.25, 13.75, 16.25, 15.0]"
,174,Rock'n'Roll-Juveniles,Final,3,27,CO,0.64,2.0,0.32,"[11.0, 11.0, 11.0, 11.0, 10.0, 12.0, 12.0]"
,174,Rock'n'Roll-Juveniles,Final,3,27,FM,0.46,2.0,0.23,"[7.5, 9.0, 8.5, 8.5, 8.5, 9.0, 8.5]"
,174,Rock'n'Roll-Juveniles,Final,3,27,FW,5.25,14.4,0.3645833333333333,"[-25.0, -15.0, -15.0, -15.0, -15.0, -10.0, -25.0]"
,174,Rock'n'Roll-Juveniles,Final,3,27,sm,0.0,2.3,0.0,"[0.0, 0.0, 0.0, 0.0, 0.0, 0.0, 0.0]"
,174,Rock'n'Roll-Juveniles,Final,3,27,bm,0.0,8.0,0.0,"[0.0, 0.0, 0.0, 0.0, 0.0, 0.0, 0.0]"
,174,Rock'n'Roll-Juveniles,Final,4,182,DF,0.8,2.3,0.3478260869565218,"[15.0, 16.25, 16.25, 15.0, 15.0, 13.75, 15.0]"
,174,Rock'n'Roll-Juveniles,Final,4,182,CO,1.28,2.0,0.64,"[12.0, 10.0, 12.0, 12.0, 9.0, 11.0, 13.0]"
,174,Rock'n'Roll-Juveniles,Final,4,182,FM,0.7,2.0,0.35,"[7.5, 6.5, 7.5, 6.5, 7.5, 8.5, 6.5]"
,174,Rock'n'Roll-Juveniles,Final,4,182,FW,7.28,14.4,0.5055555555555555,"[-15.0, -35.0, -15.0, -25.0, -15.0, -15.0, -25.0]"
,174,Rock'n'Roll-Juveniles,Final,4,182,sm,0.7,2.3,0.30434782608695654,"[0.0, 0.0, 0.0, 0.0, -2.0, 0.0, 0.0]"
,174,Rock'n'Roll-Juveniles,Final,4,182,bm,0.0,8.0,0.0,"[0.0, 0.0, 0.0, 0.0, 0.0, 0.0, 0.0]"
,174,Rock'n'Roll-Juveniles,Final,5,57,DF,1.56,2.3,0.6782608695652175,"[11.25, 12.5, 10.0, 11.25, 13.75, 8.75, 10.0]"
,174,Rock'n'Roll-Juveniles,Final,5,57,CO,1.4,2.0,0.7,"[11.0, 9.0, 8.0, 9.0, 8.0, 6.0, 9.0]"
,174,Rock'n'Roll-Juveniles,Final,5,57,FM,0.49,2.0,0.245,"[7.5, 7.5, 6.5, 6.5, 6.5, 7.5, 7.5]"
,174,Rock'n'Roll-Juveniles,Final,5,57,FW,7.0,14.4,0.4861111111111111,"[-35.0, -15.0, -25.0, -35.0, -25.0, -25.0, -35.0]"
,174,Rock'n'Roll-Juveniles,Final,5,57,sm,0.0,2.3,0.0,"[0.0, 0.0, 0.0, 0.0, 0.0, 0.0, 0.0]"
,174,Rock'n'Roll-Juveniles,Final,5,57,bm,0.0,8.0,0.0,"[0.0, 0.0, 0.0, 0.0, 0.0, 0.0, 0.0]"
,174,Rock'n'Roll-Juveniles,Final,6,3,DF,1.13,2.3,0.49130434782608695,"[12.5, 12.5, 11.25, 13.75, 15.0, 13.75, 13.75]"
,174,Rock'n'Roll-Juveniles,Final,6,3,CO,0.64,2.0,0.32,"[11.0, 10.0, 9.0, 10.0, 10.0, 9.0, 10.0]"
,174,Rock'n'Roll-Juveniles,Final,6,3,FM,0.49,2.0,0.245,"[7.5, 6.5, 6.5, 6.5, 7.5, 7.5, 6.5]"
,174,Rock'n'Roll-Juveniles,Final,6,3,FW,7.28,14.4,0.5055555555555555,"[-25.0, -15.0, -15.0, -25.0, -25.0, -25.0, -5.0]"
,174,Rock'n'Roll-Juveniles,Final,6,3,sm,1.81,2.3,0.7869565217391306,"[-4.0, 0.0, -2.0, -2.0, -4.0, -2.0, -6.0]"
,174,Rock'n'Roll-Juveniles,Final,6,3,bm,0.0,8.0,0.0,"[0.0, 0.0, 0.0, 0.0, 0.0, 0.0, 0.0]"
,174,Rock'n'Roll-Juniors,Final,1,491,DF,1.88,2.3,0.8173913043478261,"[16.0, 12.0, 18.0, 18.0, 16.0, 16.0, 17.0]"
,174,Rock'n'Roll-Juniors,Final,1,491,CO,1.51,2.0,0.755,"[18.0, 13.0, 15.0, 16.0, 16.0, 17.0, 17.0]"
,174,Rock'n'Roll-Juniors,Final,1,491,FM,0.32,2.0,0.16,"[9.0, 9.5, 9.5, 9.0, 8.5, 9.0, 9.0]"
,174,Rock'n'Roll-Juniors,Final,1,491,FW,2.47,14.4,0.17152777777777778,"[-10.0, -5.0, -5.0, -10.0, -5.0, -10.0, -10.0]"
,174,Rock'n'Roll-Juniors,Final,1,491,sm,0.0,2.3,0.0,"[0.0, 0.0, 0.0, 0.0, 0.0, 0.0, 0.0]"
,174,Rock'n'Roll-Juniors,Final,1,491,bm,0.0,8.0,0.0,"[0.0, 0.0, 0.0, 0.0, 0.0, 0.0, 0.0]"
,174,Rock'n'Roll-Juniors,Final,2,235,DF,1.05,2.3,0.4565217391304348,"[12.0, 12.0, 13.0, 14.0, 14.0, 14.0, 15.0]"
,174,Rock'n'Roll-Juniors,Final,2,235,CO,0.9,2.0,0.45,"[14.0, 12.0, 14.0, 13.0, 14.0, 15.0, 13.0]"
,174,Rock'n'Roll-Juniors,Final,2,235,FM,0.25,2.0,0.125,"[8.5, 9.0, 8.5, 9.0, 8.5, 9.0, 8.5]"
,174,Rock'n'Roll-Juniors,Final,2,235,FW,2.67,14.4,0.18541666666666665,"[-15.0, -10.0, -10.0, -10.0, -10.0, -10.0, -5.0]"
,174,Rock'n'Roll-Juniors,Final,2,235,sm,0.0,2.3,0.0,"[0.0, 0.0, 0.0, 0.0, 0.0, 0.0, 0.0]"
,174,Rock'n'Roll-Juniors,Final,2,235,bm,0.0,8.0,0.0,"[0.0, 0.0, 0.0, 0.0, 0.0, 0.0, 0.0]"
,174,Rock'n'Roll-Juniors,Final,3,149,DF,0.88,2.3,0.3826086956521739,"[11.0, 9.0, 9.0, 11.0, 9.0, 10.0, 9.0]"
,174,Rock'n'Roll-Juniors,Final,3,149,CO,1.25,2.0,0.625,"[12.0, 10.0, 10.0, 9.0, 8.0, 11.0, 9.0]"
,174,Rock'n'Roll-Juniors,Final,3,149,FM,0.64,2.0,0.32,"[7.5, 8.5, 7.5, 6.5, 7.5, 8.5, 7.5]"
,174,Rock'n'Roll-Juniors,Final,3,149,FW,7.0,14.4,0.4861111111111111,"[-25.0, -25.0, -25.0, -35.0, -15.0, -15.0, -15.0]"
,174,Rock'n'Roll-Juniors,Final,3,149,sm,1.67,2.3,0.7260869565217392,"[-2.0, 0.0, -2.0, 0.0, -4.0, 0.0, -4.0]"
,174,Rock'n'Roll-Juniors,Final,3,149,bm,0.0,8.0,0.0,"[0.0, 0.0, 0.0, 0.0, 0.0, 0.0, 0.0]"
,174,Rock'n'Roll-Juniors,Final,4,155,DF,1.31,2.3,0.5695652173913044,"[10.0, 7.0, 6.0, 7.0, 7.0, 6.0, 6.0]"
,174,Rock'n'Roll-Juniors,Final,4,155,CO,1.88,2.0,0.94,"[11.0, 8.0, 6.0, 6.0, 5.0, 6.0, 6.0]"
,174,Rock'n'Roll-Juniors,Final,4,155,FM,1.33,2.0,0.665,"[6.5, 2.5, 5.0, 5.0, 5.0, 6.5, 6.5]"
,174,Rock'n'Roll-Juniors,Final,4,155,FW,7.42,14.4,0.5152777777777777,"[-35.0, -35.0, -35.0, -50.0, -50.0, -50.0, -35.0]"
,174,Rock'n'Roll-Juniors,Final,4,155,sm,2.14,2.3,0.9304347826086958,"[-2.0, -4.0, -2.0, 0.0, -6.0, 0.0, 0.0]"
,174,Rock'n'Roll-Juniors,Final,4,155,bm,0.0,8.0,0.0,"[0.0, 0.0, 0.0, 0.0, 0.0, 0.0, 0.0]"
,174,Rock'n'Roll-Juniors,Final,5,62,DF,0.99,2.3,0.43043478260869567,"[9.0, 7.0, 6.0, 7.0, 6.0, 6.0, 7.0]"
,174,Rock'n'Roll-Juniors,Final,5,62,CO,1.46,2.0,0.73,"[10.0, 6.0, 8.0, 7.0, 5.0, 7.0, 7.0]"
,174,Rock'n'Roll-Juniors,Final,5,62,FM,1.73,2.0,0.865,"[6.5, 2.5, 5.0, 6.5, 5.0, 6.5, 8.5]"
,174,Rock'n'Roll-Juniors,Final,5,62,FW,6.78,14.4,0.4708333333333333,"[-35.0, -35.0, -35.0, -35.0, -50.0, -35.0, -25.0]"
,174,Rock'n'Roll-Juniors,Final,5,62,sm,1.46,2.3,0.6347826086956522,"[0.0, -2.0, 0.0, 0.0, -4.0, -2.0, 0.0]"
,174,Rock'n'Roll-Juniors,Final,5,62,bm,0.0,8.0,0.0,"[0.0, 0.0, 0.0, 0.0, 0.0, 0.0, 0.0]"
,174,Rock'n'Roll-Small Formation Juniors,First round,1,281,DF,1.29,2.3,0.5608695652173914,"[10.0, 9.0, 9.0, 8.0, 10.0, 8.0, 12.0]"
,174,Rock'n'Roll-Small Formation Juniors,First round,1,281,CO,1.13,2.0,0.565,"[8.25, 7.5, 6.75, 7.5, 9.0, 5.25, 8.25]"
,174,Rock'n'Roll-Small Formation Juniors,First round,1,281,FM,1.07,2.0,0.535,"[10.0, 10.0, 9.0, 8.0, 10.0, 7.0, 9.0]"
,174,Rock'n'Roll-Small Formation Juniors,First round,1,281,FW,5.25,14.4,0.3645833333333333,"[-35.0, -50.0, -35.0, -35.0, -35.0, -35.0, -35.0]"
,174,Rock'n'Roll-Small Formation Juniors,First round,1,281,sm,0.9,2.3,0.391304347826087,"[0.0, 0.0, 0.0, 0.0, -2.0, 0.0, -2.0]"
,174,Rock'n'Roll-Small Formation Juniors,First round,1,281,bm,0.0,8.0,0.0,"[0.0, 0.0, 0.0, 0.0, 0.0, 0.0, 0.0]"
,174,Rock'n'Roll-Small Formation Juniors,First round,2,295,DF,1.28,2.3,0.5565217391304348,"[7.0, 4.0, 4.0, 4.0, 5.0, 3.0, 6.0]"
,174,Rock'n'Roll-Small Formation Juniors,First round,2,295,CO,0.77,2.0,0.385,"[6.0, 5.25, 3.75, 4.5, 5.25, 3.75, 4.5]"
,174,Rock'n'Roll-Small Formation Juniors,First round,2,295,FM,1.03,2.0,0.515,"[7.0, 5.0, 6.0, 4.0, 5.0, 4.0, 6.0]"
yes,174,Rock'n'Roll-Small Formation Juniors,First round,2,295,FW,15.32,14.4,1.0638888888888889,"[-35.0, -75.0, -50.0, -75.0, -50.0, -35.0, -50.0]"
,174,Rock'n'Roll-Small Formation Juniors,First round,2,295,sm,0.9,2.3,0.391304347826087,"[0.0, 0.0, 0.0, 0.0, -2.0, -2.0, 0.0]"
,174,Rock'n'Roll-Small Formation Juniors,First round,2,295,bm,0.0,8.0,0.0,"[0.0, 0.0, 0.0, 0.0, 0.0, 0.0, 0.0]"
,174,Rock'n'Roll-Small Formation Juniors,First round,3,174,DF,0.7,2.3,0.30434782608695654,"[10.0, 9.0, 11.0, 9.0, 9.0, 10.0, 10.0]"
,174,Rock'n'Roll-Small Formation Juniors,First round,3,174,CO,0.84,2.0,0.42,"[8.25, 7.5, 9.0, 6.75, 8.25, 6.75, 6.75]"
,174,Rock'n'Roll-Small Formation Juniors,First round,3,174,FM,1.12,2.0,0.56,"[10.0, 7.0, 10.0, 8.0, 10.0, 9.0, 10.0]"
,174,Rock'n'Roll-Small Formation Juniors,First round,3,174,FW,4.52,14.4,0.31388888888888883,"[-25.0, -35.0, -25.0, -25.0, -35.0, -25.0, -25.0]"
,174,Rock'n'Roll-Small Formation Juniors,First round,3,174,sm,0.0,2.3,0.0,"[0.0, 0.0, 0.0, 0.0, 0.0, 0.0, 0.0]"
,174,Rock'n'Roll-Small Formation Juniors,First round,3,174,bm,0.0,8.0,0.0,"[0.0, 0.0, 0.0, 0.0, 0.0, 0.0, 0.0]"
,174,Rock'n'Roll-Small Formation Juniors,First round,4,151,DF,0.9,2.3,0.391304347826087,"[7.0, 7.0, 8.0, 6.0, 6.0, 7.0, 5.0]"
,174,Rock'n'Roll-Small Formation Juniors,First round,4,151,CO,0.87,2.0,0.435,"[6.75, 5.25, 6.75, 5.25, 6.75, 5.25, 4.5]"
,174,Rock'n'Roll-Small Formation Juniors,First round,4,151,FM,1.18,2.0,0.59,"[7.0, 7.0, 8.0, 5.0, 5.0, 8.0, 6.0]"
yes,174,Rock'n'Roll-Small Formation Juniors,First round,4,151,FW,17.26,14.4,1.1986111111111113,"[-50.0, -75.0, -50.0, -35.0, -75.0, -25.0, -50.0]"
,174,Rock'n'Roll-Small Formation Juniors,First round,4,151,sm,1.67,2.3,0.7260869565217392,"[-6.0, -2.0, -4.0, -4.0, -6.0, -2.0, -2.0]"
,174,Rock'n'Roll-Small Formation Juniors,First round,4,151,bm,0.0,8.0,0.0,"[0.0, 0.0, 0.0, 0.0, 0.0, 0.0, 0.0]"
,174,Rock'n'Roll-Small Formation Juniors,First round,5,105,DF,0.88,2.3,0.3826086956521739,"[7.0, 5.0, 5.0, 4.0, 5.0, 5.0, 6.0]"
,174,Rock'n'Roll-Small Formation Juniors,First round,5,105,CO,0.9,2.0,0.45,"[6.0, 4.5, 5.25, 3.75, 4.5, 3.0, 4.5]"
,174,Rock'n'Roll-Small Formation Juniors,First round,5,105,FM,1.58,2.0,0.79,"[8.0, 6.0, 6.0, 4.0, 4.0, 3.0, 6.0]"
,174,Rock'n'Roll-Small Formation Juniors,First round,5,105,FW,12.37,14.4,0.8590277777777777,"[-50.0, -75.0, -75.0, -50.0, -75.0, -50.0, -50.0]"
,174,Rock'n'Roll-Small Formation Juniors,First round,5,105,sm,0.9,2.3,0.391304347826087,"[-6.0, -4.0, -4.0, -4.0, -4.0, -4.0, -6.0]"
,174,Rock'n'Roll-Small Formation Juniors,First round,5,105,bm,0.0,8.0,0.0,"[0.0, 0.0, 0.0, 0.0, 0.0, 0.0, 0.0]"
,174,Rock'n'Roll-Small Formation Juniors,First round,6,115,DF,0.88,2.3,0.3826086956521739,"[10.0, 8.0, 8.0, 8.0, 10.0, 9.0, 8.0]"
,174,Rock'n'Roll-Small Formation Juniors,First round,6,115,CO,0.87,2.0,0.435,"[8.25, 7.5, 6.75, 5.25, 7.5, 6.75, 6.75]"
,174,Rock'n'Roll-Small Formation Juniors,First round,6,115,FM,0.99,2.0,0.495,"[9.0, 6.0, 8.0, 8.0, 8.0, 7.0, 9.0]"
,174,Rock'n'Roll-Small Formation Juniors,First round,6,115,FW,9.95,14.4,0.6909722222222222,"[-35.0, -35.0, -35.0, -25.0, -50.0, -15.0, -35.0]"
,174,Rock'n'Roll-Small Formation Juniors,First round,6,115,sm,1.46,2.3,0.6347826086956522,"[0.0, 0.0, 0.0, -2.0, -2.0, 0.0, -4.0]"
,174,Rock'n'Roll-Small Formation Juniors,First round,6,115,bm,0.0,8.0,0.0,"[0.0, 0.0, 0.0, 0.0, 0.0, 0.0, 0.0]"
,174,Rock'n'Roll-Small Formation Juniors,First round,7,294,DF,1.2,2.3,0.5217391304347826,"[7.0, 4.0, 6.0, 4.0, 4.0, 4.0, 6.0]"
,174,Rock'n'Roll-Small Formation Juniors,First round,7,294,CO,1.36,2.0,0.68,"[6.0, 2.25, 2.25, 3.75, 4.5, 2.25, 4.5]"
,174,Rock'n'Roll-Small Formation Juniors,First round,7,294,FM,1.64,2.0,0.82,"[8.0, 4.0, 5.0, 3.0, 5.0, 3.0, 6.0]"
,174,Rock'n'Roll-Small Formation Juniors,First round,7,294,FW,12.37,14.4,0.8590277777777777,"[-50.0, -75.0, -75.0, -75.0, -75.0, -50.0, -50.0]"
yes,174,Rock'n'Roll-Small Formation Juniors,First round,7,294,sm,3.18,2.3,1.3826086956521741,"[-12.0, -10.0, -2.0, -8.0, -6.0, -6.0, -4.0]"
,174,Rock'n'Roll-Small Formation Juniors,First round,7,294,bm,4.95,8.0,0.61875,"[0.0, -10.0, -10.0, 0.0, 0.0, 0.0, -10.0]"
,174,Rock'n'Roll-Small Formation Juniors,Final,1,105,DF,0.64,2.3,0.2782608695652174,"[7.0, 5.0, 6.0, 6.0, 5.0, 6.0, 6.0]"
,174,Rock'n'Roll-Small Formation Juniors,Final,1,105,CO,0.88,2.0,0.44,"[6.75, 5.25, 4.5, 5.25, 3.75, 4.5, 4.5]"
,174,Rock'n'Roll-Small Formation Juniors,Final,1,105,FM,1.4,2.0,0.7,"[7.0, 6.0, 7.0, 4.0, 6.0, 3.0, 6.0]"
,174,Rock'n'Roll-Small Formation Juniors,Final,1,105,FW,7.42,14.4,0.5152777777777777,"[-50.0, -35.0, -50.0, -35.0, -50.0, -35.0, -50.0]"
,174,Rock'n'Roll-Small Formation Juniors,Final,1,105,sm,1.4,2.3,0.6086956521739131,"[-4.0, -2.0, -2.0, 0.0, -2.0, 0.0, 0.0]"
,174,Rock'n'Roll-Small Formation Juniors,Final,1,105,bm,0.0,8.0,0.0,"[0.0, 0.0, 0.0, 0.0, 0.0, 0.0, 0.0]"
,174,Rock'n'Roll-Small Formation Juniors,Final,2,115,DF,1.29,2.3,0.5608695652173914,"[11.0, 8.0, 7.0, 9.0, 8.0, 7.0, 9.0]"
,174,Rock'n'Roll-Small Formation Juniors,Final,2,115,CO,1.06,2.0,0.53,"[8.25, 5.25, 5.25, 5.25, 6.0, 5.25, 6.75]"
,174,Rock'n'Roll-Small Formation Juniors,Final,2,115,FM,1.64,2.0,0.82,"[10.0, 6.0, 7.0, 7.0, 6.0, 5.0, 9.0]"
,174,Rock'n'Roll-Small Formation Juniors,Final,2,115,FW,10.35,14.4,0.71875,"[-25.0, -50.0, -50.0, -35.0, -35.0, -25.0, -25.0]"
,174,Rock'n'Roll-Small Formation Juniors,Final,2,115,sm,1.28,2.3,0.5565217391304348,"[-2.0, -4.0, 0.0, 0.0, -2.0, -2.0, -2.0]"
,174,Rock'n'Roll-Small Formation Juniors,Final,2,115,bm,0.0,8.0,0.0,"[0.0, 0.0, 0.0, 0.0, 0.0, 0.0, 0.0]"
,174,Rock'n'Roll-Small Formation Juniors,Final,3,151,DF,1.05,2.3,0.4565217391304348,"[9.0, 7.0, 8.0, 8.0, 6.0, 8.0, 6.0]"
,174,Rock'n'Roll-Small Formation Juniors,Final,3,151,CO,0.98,2.0,0.49,"[7.5, 6.0, 5.25, 6.75, 4.5, 6.75, 5.25]"
,174,Rock'n'Roll-Small Formation Juniors,Final,3,151,FM,1.18,2.0,0.59,"[8.0, 7.0, 9.0, 9.0, 6.0, 7.0, 6.0]"
,174,Rock'n'Roll-Small Formation Juniors,Final,3,151,FW,7.42,14.4,0.5152777777777777,"[-50.0, -35.0, -50.0, -35.0, -50.0, -35.0, -50.0]"
yes,174,Rock'n'Roll-Small Formation Juniors,Final,3,151,sm,2.32,2.3,1.008695652173913,"[-6.0, -2.0, -2.0, 0.0, -6.0, 0.0, -2.0]"
,174,Rock'n'Roll-Small Formation Juniors,Final,3,151,bm,0.0,8.0,0.0,"[0.0, 0.0, 0.0, 0.0, 0.0, 0.0, 0.0]"
,174,Rock'n'Roll-Small Formation Juniors,Final,4,174,DF,1.16,2.3,0.5043478260869565,"[10.0, 11.0, 12.0, 12.0, 11.0, 12.0, 14.0]"
,174,Rock'n'Roll-Small Formation Juniors,Final,4,174,CO,1.31,2.0,0.655,"[9.0, 6.0, 9.0, 7.5, 9.0, 8.25, 10.5]"
,174,Rock'n'Roll-Small Formation Juniors,Final,4,174,FM,1.28,2.0,0.64,"[10.0, 11.0, 11.0, 10.0, 12.0, 11.0, 14.0]"
,174,Rock'n'Roll-Small Formation Juniors,Final,4,174,FW,7.0,14.4,0.4861111111111111,"[-25.0, -15.0, -25.0, -15.0, -35.0, -15.0, -25.0]"
,174,Rock'n'Roll-Small Formation Juniors,Final,4,174,sm,0.0,2.3,0.0,"[0.0, 0.0, 0.0, 0.0, 0.0, 0.0, 0.0]"
,174,Rock'n'Roll-Small Formation Juniors,Final,4,174,bm,0.0,8.0,0.0,"[0.0, 0.0, 0.0, 0.0, 0.0, 0.0, 0.0]"
,174,Rock'n'Roll-Small Formation Juniors,Final,5,281,DF,1.51,2.3,0.6565217391304349,"[10.0, 10.0, 9.0, 11.0, 12.0, 11.0, 14.0]"
,174,Rock'n'Roll-Small Formation Juniors,Final,5,281,CO,0.87,2.0,0.435,"[8.25, 8.25, 6.75, 8.25, 9.75, 9.0, 9.0]"
,174,Rock'n'Roll-Small Formation Juniors,Final,5,281,FM,1.29,2.0,0.645,"[9.0, 11.0, 8.0, 11.0, 11.0, 11.0, 12.0]"
,174,Rock'n'Roll-Small Formation Juniors,Final,5,281,FW,9.95,14.4,0.6909722222222222,"[-35.0, -35.0, -50.0, -25.0, -35.0, -15.0, -35.0]"
,174,Rock'n'Roll-Small Formation Juniors,Final,5,281,sm,1.46,2.3,0.6347826086956522,"[-4.0, 0.0, 0.0, 0.0, -2.0, 0.0, -2.0]"
,174,Rock'n'Roll-Small Formation Juniors,Final,5,281,bm,0.0,8.0,0.0,"[0.0, 0.0, 0.0, 0.0, 0.0, 0.0, 0.0]"
,174,Rock'n'Roll-Small Formation Juniors,Final,6,295,DF,1.18,2.3,0.5130434782608696,"[6.0, 7.0, 5.0, 4.0, 5.0, 4.0, 7.0]"
,174,Rock'n'Roll-Small Formation Juniors,Final,6,295,CO,1.25,2.0,0.625,"[6.75, 3.0, 4.5, 3.75, 6.0, 3.75, 5.25]"
,174,Rock'n'Roll-Small Formation Juniors,Final,6,295,FM,1.12,2.0,0.56,"[6.0, 6.0, 6.0, 4.0, 5.0, 3.0, 6.0]"
yes,174,Rock'n'Roll-Small Formation Juniors,Final,6,295,FW,15.32,14.4,1.0638888888888889,"[-35.0, -50.0, -75.0, -75.0, -50.0, -50.0, -35.0]"
yes,174,Rock'n'Roll-Small Formation Juniors,Final,6,295,sm,2.39,2.3,1.039130434782609,"[-4.0, -6.0, -2.0, -8.0, -4.0, 0.0, -4.0]"
,174,Rock'n'Roll-Small Formation Juniors,Final,6,295,bm,0.0,8.0,0.0,"[0.0, 0.0, 0.0, 0.0, 0.0, 0.0, 0.0]"
,174,Rock'n'Roll-Small Formation,First round,1,33,DF,1.58,2.3,0.6869565217391305,"[12.0, 9.0, 8.0, 12.0, 10.0, 12.0, 9.0]"
,174,Rock'n'Roll-Small Formation,First round,1,33,CO,1.36,2.0,0.68,"[9.0, 6.75, 6.0, 9.75, 9.75, 8.25, 7.5]"
,174,Rock'n'Roll-Small Formation,First round,1,33,FM,1.58,2.0,0.79,"[12.0, 10.0, 8.0, 10.0, 12.0, 13.0, 10.0]"
,174,Rock'n'Roll-Small Formation,First round,1,33,FW,9.2,14.4,0.6388888888888888,"[-25.0, -15.0, -35.0, -10.0, -25.0, -15.0, -35.0]"
,174,Rock'n'Roll-Small Formation,First round,1,33,sm,0.0,2.3,0.0,"[0.0, 0.0, 0.0, 0.0, 0.0, 0.0, 0.0]"
,174,Rock'n'Roll-Small Formation,First round,1,33,bm,0.0,8.0,0.0,"[0.0, 0.0, 0.0, 0.0, 0.0, 0.0, 0.0]"
,174,Rock'n'Roll-Small Formation,First round,2,259,DF,0.73,2.3,0.3173913043478261,"[8.0, 6.0, 6.0, 7.0, 6.0, 6.0, 7.0]"
,174,Rock'n'Roll-Small Formation,First round,2,259,CO,0.93,2.0,0.465,"[6.75, 5.25, 6.0, 4.5, 3.75, 6.0, 5.25]"
,174,Rock'n'Roll-Small Formation,First round,2,259,FM,0.73,2.0,0.365,"[7.0, 6.0, 7.0, 6.0, 5.0, 7.0, 7.0]"
yes,174,Rock'n'Roll-Small Formation,First round,2,259,FW,15.29,14.4,1.0618055555555554,"[-35.0, -35.0, -50.0, -35.0, -75.0, -25.0, -50.0]"
,174,Rock'n'Roll-Small Formation,First round,2,259,sm,1.67,2.3,0.7260869565217392,"[-2.0, 0.0, -2.0, -2.0, -2.0, -2.0, -6.0]"
,174,Rock'n'Roll-Small Formation,First round,2,259,bm,0.0,8.0,0.0,"[0.0, 0.0, 0.0, 0.0, 0.0, 0.0, 0.0]"
,174,Rock'n'Roll-Small Formation,First round,3,335,DF,0.93,2.3,0.4043478260869566,"[6.0, 8.0, 6.0, 8.0, 7.0, 6.0, 8.0]"
,174,Rock'n'Roll-Small Formation,First round,3,335,CO,0.88,2.0,0.44,"[6.75, 5.25, 5.25, 4.5, 6.75, 4.5, 6.0]"
,174,Rock'n'Roll-Small Formation,First round,3,335,FM,1.46,2.0,0.73,"[7.0, 8.0, 7.0, 6.0, 7.0, 4.0, 9.0]"
,174,Rock'n'Roll-Small Formation,First round,3,335,FW,7.76,14.4,0.5388888888888889,"[-35.0, -35.0, -35.0, -25.0, -50.0, -25.0, -35.0]"
,174,Rock'n'Roll-Small Formation,First round,3,335,sm,0.99,2.3,0.43043478260869567,"[-2.0, -2.0, 0.0, 0.0, -2.0, 0.0, -2.0]"
,174,Rock'n'Roll-Small Formation,First round,3,335,bm,0.0,8.0,0.0,"[0.0, 0.0, 0.0, 0.0, 0.0, 0.0, 0.0]"
,174,Rock'n'Roll-Small Formation,First round,4,180,DF,1.5,2.3,0.6521739130434783,"[7.0, 9.0, 7.0, 10.0, 7.0, 5.0, 8.0]"
,174,Rock'n'Roll-Small Formation,First round,4,180,CO,1.16,2.0,0.58,"[7.5, 6.75, 6.0, 7.5, 4.5, 4.5, 6.0]"
,174,Rock'n'Roll-Small Formation,First round,4,180,FM,1.18,2.0,0.59,"[7.0, 6.0, 7.0, 8.0, 6.0, 4.0, 7.0]"
,174,Rock'n'Roll-Small Formation,First round,4,180,FW,4.95,14.4,0.34375,"[-25.0, -25.0, -35.0, -25.0, -35.0, -35.0, -35.0]"
,174,Rock'n'Roll-Small Formation,First round,4,180,sm,0.7,2.3,0.30434782608695654,"[0.0, 0.0, 0.0, 0.0, 0.0, 0.0, -2.0]"
,174,Rock'n'Roll-Small Formation,First round,4,180,bm,0.0,8.0,0.0,"[0.0, 0.0, 0.0, 0.0, 0.0, 0.0, 0.0]"
,174,Rock'n'Roll-Small Formation,First round,5,31,DF,0.7,2.3,0.30434782608695654,"[12.0, 12.0, 14.0, 13.0, 13.0, 13.0, 12.0]"
,174,Rock'n'Roll-Small Formation,First round,5,31,CO,0.88,2.0,0.44,"[10.5, 8.25, 9.0, 9.0, 10.5, 8.25, 9.75]"
,174,Rock'n'Roll-Small Formation,First round,5,31,FM,0.73,2.0,0.365,"[12.0, 11.0, 12.0, 10.0, 12.0, 12.0, 12.0]"
,174,Rock'n'Roll-Small Formation,First round,5,31,FW,2.26,14.4,0.15694444444444441,"[-15.0, -15.0, -10.0, -15.0, -15.0, -10.0, -15.0]"
,174,Rock'n'Roll-Small Formation,First round,5,31,sm,0.0,2.3,0.0,"[0.0, 0.0, 0.0, 0.0, 0.0, 0.0, 0.0]"
,174,Rock'n'Roll-Small Formation,First round,5,31,bm,0.0,8.0,0.0,"[0.0, 0.0, 0.0, 0.0, 0.0, 0.0, 0.0]"
,174,Rock'n'Roll-Small Formation,First round,6,104,DF,0.7,2.3,0.30434782608695654,"[9.0, 11.0, 10.0, 10.0, 9.0, 10.0, 9.0]"
,174,Rock'n'Roll-Small Formation,First round,6,104,CO,1.11,2.0,0.555,"[6.75, 7.5, 9.0, 6.0, 5.25, 6.75, 7.5]"
,174,Rock'n'Roll-Small Formation,First round,6,104,FM,1.28,2.0,0.64,"[9.0, 10.0, 11.0, 8.0, 7.0, 10.0, 10.0]"
,174,Rock'n'Roll-Small Formation,First round,6,104,FW,7.28,14.4,0.5055555555555555,"[-35.0, -35.0, -25.0, -25.0, -35.0, -15.0, -35.0]"
,174,Rock'n'Roll-Small Formation,First round,6,104,sm,0.99,2.3,0.43043478260869567,"[-2.0, 0.0, 0.0, -2.0, -2.0, 0.0, 0.0]"
,174,Rock'n'Roll-Small Formation,First round,6,104,bm,0.0,8.0,0.0,"[0.0, 0.0, 0.0, 0.0, 0.0, 0.0, 0.0]"
,174,Rock'n'Roll-Small Formation,First round,7,390,DF,1.2,2.3,0.5217391304347826,"[7.0, 5.0, 7.0, 6.0, 9.0, 7.0, 8.0]"
,174,Rock'n'Roll-Small Formation,First round,7,390,CO,1.37,2.0,0.685,"[6.0, 4.5, 6.0, 3.75, 8.25, 5.25, 4.5]"
,174,Rock'n'Roll-Small Formation,First round,7,390,FM,1.48,2.0,0.74,"[8.0, 5.0, 7.0, 7.0, 10.0, 8.0, 6.0]"
yes,174,Rock'n'Roll-Small Formation,First round,7,390,FW,15.29,14.4,1.0618055555555554,"[-50.0, -75.0, -35.0, -35.0, -50.0, -25.0, -35.0]"
,174,Rock'n'Roll-Small Formation,First round,7,390,sm,1.4,2.3,0.6086956521739131,"[0.0, 0.0, -4.0, 0.0, -2.0, -2.0, -2.0]"
,174,Rock'n'Roll-Small Formation,First round,7,390,bm,0.0,8.0,0.0,"[0.0, 0.0, 0.0, 0.0, 0.0, 0.0, 0.0]"
,174,Rock'n'Roll-Small Formation,First round,8,35,DF,1.85,2.3,0.8043478260869567,"[7.0, 5.0, 8.0, 8.0, 7.0, 11.0, 10.0]"
,174,Rock'n'Roll-Small Formation,First round,8,35,CO,0.97,2.0,0.485,"[6.75, 5.25, 6.0, 5.25, 8.25, 6.75, 6.75]"
,174,Rock'n'Roll-Small Formation,First round,8,35,FM,1.6,2.0,0.8,"[8.0, 8.0, 6.0, 6.0, 8.0, 11.0, 9.0]"
,174,Rock'n'Roll-Small Formation,First round,8,35,FW,11.47,14.4,0.7965277777777778,"[-35.0, -35.0, -50.0, -25.0, -35.0, -10.0, -25.0]"
,174,Rock'n'Roll-Small Formation,First round,8,35,sm,0.0,2.3,0.0,"[0.0, 0.0, 0.0, 0.0, 0.0, 0.0, 0.0]"
,174,Rock'n'Roll-Small Formation,First round,8,35,bm,0.0,8.0,0.0,"[0.0, 0.0, 0.0, 0.0, 0.0, 0.0, 0.0]"
,174,Rock'n'Roll-Small Formation,First round,9,20,DF,0.7,2.3,0.30434782608695654,"[9.0, 8.0, 8.0, 9.0, 10.0, 8.0, 9.0]"
,174,Rock'n'Roll-Small Formation,First round,9,20,CO,1.23,2.0,0.615,"[8.25, 4.5, 6.75, 6.75, 7.5, 6.0, 8.25]"
,174,Rock'n'Roll-Small Formation,First round,9,20,FM,1.25,2.0,0.625,"[8.0, 5.0, 8.0, 7.0, 5.0, 8.0, 7.0]"
,174,Rock'n'Roll-Small Formation,First round,9,20,FW,8.33,14.4,0.5784722222222222,"[-25.0, -35.0, -35.0, -15.0, -35.0, -15.0, -25.0]"
,174,Rock'n'Roll-Small Formation,First round,9,20,sm,0.0,2.3,0.0,"[0.0, 0.0, 0.0, 0.0, 0.0, 0.0, 0.0]"
,174,Rock'n'Roll-Small Formation,First round,9,20,bm,0.0,8.0,0.0,"[0.0, 0.0, 0.0, 0.0, 0.0, 0.0, 0.0]"
,174,Rock'n'Roll-Small Formation,First round,10,321,DF,1.12,2.3,0.4869565217391305,"[11.0, 9.0, 11.0, 10.0, 13.0, 11.0, 11.0]"
,174,Rock'n'Roll-Small Formation,First round,10,321,CO,0.79,2.0,0.395,"[9.0, 8.25, 7.5, 7.5, 9.0, 7.5, 6.75]"
,174,Rock'n'Roll-Small Formation,First round,10,321,FM,1.12,2.0,0.56,"[10.0, 9.0, 11.0, 9.0, 8.0, 11.0, 11.0]"
,174,Rock'n'Roll-Small Formation,First round,10,321,FW,9.2,14.4,0.6388888888888888,"[-25.0, -35.0, -15.0, -15.0, -25.0, -10.0, -35.0]"
,174,Rock'n'Roll-Small Formation,First round,10,321,sm,0.7,2.3,0.30434782608695654,"[0.0, 0.0, 0.0, 0.0, -2.0, 0.0, 0.0]"
,174,Rock'n'Roll-Small Formation,First round,10,321,bm,0.0,8.0,0.0,"[0.0, 0.0, 0.0, 0.0, 0.0, 0.0, 0.0]"
,174,Rock'n'Roll-Small Formation,Hope round,1,259,DF,1.4,2.3,0.6086956521739131,"[9.0, 7.0, 7.0, 5.0, 9.0, 7.0, 9.0]"
,174,Rock'n'Roll-Small Formation,Hope round,1,259,CO,0.66,2.0,0.33,"[6.75, 6.75, 6.75, 5.25, 5.25, 6.0, 6.75]"
,174,Rock'n'Roll-Small Formation,Hope round,1,259,FM,0.49,2.0,0.245,"[7.0, 7.0, 7.0, 6.0, 7.0, 6.0, 6.0]"
,174,Rock'n'Roll-Small Formation,Hope round,1,259,FW,9.42,14.4,0.6541666666666667,"[-35.0, -50.0, -50.0, -50.0, -50.0, -25.0, -50.0]"
,174,Rock'n'Roll-Small Formation,Hope round,1,259,sm,1.28,2.3,0.5565217391304348,"[-2.0, -2.0, -4.0, -2.0, -2.0, 0.0, 0.0]"
,174,Rock'n'Roll-Small Formation,Hope round,1,259,bm,3.5,8.0,0.4375,"[0.0, 0.0, 0.0, 0.0, 0.0, 0.0, -10.0]"
,174,Rock'n'Roll-Small Formation,Hope round,2,390,DF,0.64,2.3,0.2782608695652174,"[8.0, 8.0, 8.0, 8.0, 9.0, 7.0, 9.0]"
,174,Rock'n'Roll-Small Formation,Hope round,2,390,CO,1.23,2.0,0.615,"[6.75, 4.5, 6.0, 4.5, 8.25, 6.0, 5.25]"
,174,Rock'n'Roll-Small Formation,Hope round,2,390,FM,0.99,2.0,0.495,"[7.0, 8.0, 8.0, 7.0, 10.0, 8.0, 9.0]"
,174,Rock'n'Roll-Small Formation,Hope round,2,390,FW,6.78,14.4,0.4708333333333333,"[-35.0, -50.0, -50.0, -50.0, -50.0, -35.0, -50.0]"
,174,Rock'n'Roll-Small Formation,Hope round,2,390,sm,0.0,2.3,0.0,"[0.0, 0.0, 0.0, 0.0, 0.0, 0.0, 0.0]"
,174,Rock'n'Roll-Small Formation,Hope round,2,390,bm,0.0,8.0,0.0,"[0.0, 0.0, 0.0, 0.0, 0.0, 0.0, 0.0]"
,174,Rock'n'Roll-Small Formation,Hope round,3,180,DF,1.51,2.3,0.6565217391304349,"[9.0, 7.0, 8.0, 8.0, 7.0, 6.0, 11.0]"
,174,Rock'n'Roll-Small Formation,Hope round,3,180,CO,1.36,2.0,0.68,"[6.75, 7.5, 6.0, 6.75, 4.5, 3.75, 7.5]"
,174,Rock'n'Roll-Small Formation,Hope round,3,180,FM,1.55,2.0,0.775,"[8.0, 8.0, 8.0, 8.0, 6.0, 6.0, 11.0]"
,174,Rock'n'Roll-Small Formation,Hope round,3,180,FW,8.39,14.4,0.5826388888888889,"[-25.0, -35.0, -35.0, -35.0, -50.0, -50.0, -35.0]"
,174,Rock'n'Roll-Small Formation,Hope round,3,180,sm,0.99,2.3,0.43043478260869567,"[0.0, -2.0, 0.0, 0.0, -2.0, 0.0, -2.0]"
,174,Rock'n'Roll-Small Formation,Hope round,3,180,bm,0.0,8.0,0.0,"[0.0, 0.0, 0.0, 0.0, 0.0, 0.0, 0.0]"
,174,Rock'n'Roll-Small Formation,Hope round,4,335,DF,1.31,2.3,0.5695652173913044,"[8.0, 8.0, 7.0, 8.0, 7.0, 7.0, 11.0]"
,174,Rock'n'Roll-Small Formation,Hope round,4,335,CO,0.88,2.0,0.44,"[7.5, 5.25, 6.0, 6.0, 7.5, 5.25, 6.75]"
,174,Rock'n'Roll-Small Formation,Hope round,4,335,FM,0.9,2.0,0.45,"[7.0, 8.0, 7.0, 7.0, 8.0, 6.0, 9.0]"
,174,Rock'n'Roll-Small Formation,Hope round,4,335,FW,8.39,14.4,0.5826388888888889,"[-35.0, -50.0, -35.0, -35.0, -50.0, -25.0, -35.0]"
,174,Rock'n'Roll-Small Formation,Hope round,4,335,sm,1.67,2.3,0.7260869565217392,"[0.0, -4.0, -2.0, 0.0, -4.0, 0.0, -2.0]"
,174,Rock'n'Roll-Small Formation,Hope round,4,335,bm,0.0,8.0,0.0,"[0.0, 0.0, 0.0, 0.0, 0.0, 0.0, 0.0]"
,174,Rock'n'Roll-Small Formation,Hope round,5,35,DF,0.99,2.3,0.43043478260869567,"[9.0, 8.0, 8.0, 9.0, 9.0, 8.0, 11.0]"
,174,Rock'n'Roll-Small Formation,Hope round,5,35,CO,1.54,2.0,0.77,"[7.5, 6.0, 4.5, 6.75, 9.0, 6.0, 9.0]"
,174,Rock'n'Roll-Small Formation,Hope round,5,35,FM,1.4,2.0,0.7,"[9.0, 9.0, 6.0, 8.0, 10.0, 7.0, 10.0]"
,174,Rock'n'Roll-Small Formation,Hope round,5,35,FW,7.28,14.4,0.5055555555555555,"[-35.0, -25.0, -35.0, -35.0, -35.0, -15.0, -25.0]"
,174,Rock'n'Roll-Small Formation,Hope round,5,35,sm,0.9,2.3,0.391304347826087,"[0.0, 0.0, 0.0, 0.0, -2.0, 0.0, -2.0]"
,174,Rock'n'Roll-Small Formation,Hope round,5,35,bm,0.0,8.0,0.0,"[0.0, 0.0, 0.0, 0.0, 0.0, 0.0, 0.0]"
,174,Rock'n'Roll-Small Formation,Hope round,6,20,DF,1.67,2.3,0.7260869565217392,"[10.0, 5.0, 7.0, 8.0, 6.0, 6.0, 9.0]"
,174,Rock'n'Roll-Small Formation,Hope round,6,20,CO,1.41,2.0,0.705,"[8.25, 3.75, 6.75, 6.75, 6.0, 4.5, 6.75]"
,174,Rock'n'Roll-Small Formation,Hope round,6,20,FM,1.25,2.0,0.625,"[9.0, 7.0, 7.0, 8.0, 8.0, 6.0, 5.0]"
,174,Rock'n'Roll-Small Formation,Hope round,6,20,FW,4.52,14.4,0.31388888888888883,"[-25.0, -35.0, -35.0, -25.0, -25.0, -25.0, -25.0]"
,174,Rock'n'Roll-Small Formation,Hope round,6,20,sm,0.0,2.3,0.0,"[0.0, 0.0, 0.0, 0.0, 0.0, 0.0, 0.0]"
,174,Rock'n'Roll-Small Formation,Hope round,6,20,bm,0.0,8.0,0.0,"[0.0, 0.0, 0.0, 0.0, 0.0, 0.0, 0.0]"
,174,Rock'n'Roll-Small Formation,Final,1,35,DF,1.75,2.3,0.7608695652173914,"[9.0, 7.0, 6.0, 8.0, 9.0, 11.0, 11.0]"
,174,Rock'n'Roll-Small Formation,Final,1,35,CO,1.19,2.0,0.595,"[8.25, 6.75, 6.0, 5.25, 9.0, 7.5, 6.75]"
,174,Rock'n'Roll-Small Formation,Final,1,35,FM,1.55,2.0,0.775,"[9.0, 10.0, 6.0, 8.0, 10.0, 11.0, 10.0]"
,174,Rock'n'Roll-Small Formation,Final,1,35,FW,8.81,14.4,0.6118055555555556,"[-25.0, -35.0, -35.0, -35.0, -35.0, -15.0, -15.0]"
,174,Rock'n'Roll-Small Formation,Final,1,35,sm,0.0,2.3,0.0,"[0.0, 0.0, 0.0, 0.0, 0.0, 0.0, 0.0]"
,174,Rock'n'Roll-Small Formation,Final,1,35,bm,0.0,8.0,0.0,"[0.0, 0.0, 0.0, 0.0, 0.0, 0.0, 0.0]"
,174,Rock'n'Roll-Small Formation,Final,2,31,DF,1.69,2.3,0.7347826086956523,"[12.0, 10.0, 12.0, 15.0, 15.0, 13.0, 14.0]"
,174,Rock'n'Roll-Small Formation,Final,2,31,CO,1.23,2.0,0.615,"[10.5, 8.25, 9.75, 8.25, 9.0, 9.75, 12.0]"
,174,Rock'n'Roll-Small Formation,Final,2,31,FM,1.4,2.0,0.7,"[12.0, 10.0, 12.0, 12.0, 13.0, 13.0, 15.0]"
,174,Rock'n'Roll-Small Formation,Final,2,31,FW,4.95,14.4,0.34375,"[-15.0, -25.0, -10.0, -10.0, -15.0, -10.0, -15.0]"
,174,Rock'n'Roll-Small Formation,Final,2,31,sm,0.0,2.3,0.0,"[0.0, 0.0, 0.0, 0.0, 0.0, 0.0, 0.0]"
,174,Rock'n'Roll-Small Formation,Final,2,31,bm,0.0,8.0,0.0,"[0.0, 0.0, 0.0, 0.0, 0.0, 0.0, 0.0]"
,174,Rock'n'Roll-Small Formation,Final,3,104,DF,1.98,2.3,0.8608695652173913,"[9.0, 9.0, 10.0, 8.0, 6.0, 13.0, 10.0]"
,174,Rock'n'Roll-Small Formation,Final,3,104,CO,1.02,2.0,0.51,"[8.25, 6.0, 8.25, 6.75, 6.0, 8.25, 8.25]"
,174,Rock'n'Roll-Small Formation,Final,3,104,FM,1.67,2.0,0.835,"[10.0, 9.0, 12.0, 8.0, 7.0, 11.0, 11.0]"
,174,Rock'n'Roll-Small Formation,Final,3,104,FW,5.35,14.4,0.37152777777777773,"[-25.0, -25.0, -25.0, -25.0, -35.0, -15.0, -25.0]"
,174,Rock'n'Roll-Small Formation,Final,3,104,sm,0.0,2.3,0.0,"[0.0, 0.0, 0.0, 0.0, 0.0, 0.0, 0.0]"
,174,Rock'n'Roll-Small Formation,Final,3,104,bm,0.0,8.0,0.0,"[0.0, 0.0, 0.0, 0.0, 0.0, 0.0, 0.0]"
,174,Rock'n'Roll-Small Formation,Final,4,180,DF,0.83,2.3,0.36086956521739133,"[9.0, 7.0, 8.0, 7.0, 7.0, 8.0, 9.0]"
,174,Rock'n'Roll-Small Formation,Final,4,180,CO,0.79,2.0,0.395,"[6.75, 6.75, 5.25, 5.25, 7.5, 6.0, 6.75]"
,174,Rock'n'Roll-Small Formation,Final,4,180,FM,1.16,2.0,0.58,"[8.0, 9.0, 9.0, 8.0, 6.0, 8.0, 10.0]"
,174,Rock'n'Roll-Small Formation,Final,4,180,FW,6.78,14.4,0.4708333333333333,"[-35.0, -35.0, -25.0, -35.0, -50.0, -35.0, -35.0]"
,174,Rock'n'Roll-Small Formation,Final,4,180,sm,0.0,2.3,0.0,"[0.0, 0.0, 0.0, 0.0, 0.0, 0.0, 0.0]"
,174,Rock'n'Roll-Small Formation,Final,4,180,bm,0.0,8.0,0.0,"[0.0, 0.0, 0.0, 0.0, 0.0, 0.0, 0.0]"
,174,Rock'n'Roll-Small Formation,Final,5,321,DF,1.64,2.3,0.7130434782608696,"[11.0, 10.0, 10.0, 9.0, 13.0, 11.0, 14.0]"
,174,Rock'n'Roll-Small Formation,Final,5,321,CO,0.96,2.0,0.48,"[9.0, 8.25, 6.75, 6.75, 9.0, 7.5, 9.0]"
,174,Rock'n'Roll-Small Formation,Final,5,321,FM,1.46,2.0,0.73,"[9.0, 12.0, 8.0, 9.0, 11.0, 10.0, 12.0]"
,174,Rock'n'Roll-Small Formation,Final,5,321,FW,4.95,14.4,0.34375,"[-15.0, -25.0, -15.0, -25.0, -25.0, -15.0, -25.0]"
,174,Rock'n'Roll-Small Formation,Final,5,321,sm,0.7,2.3,0.30434782608695654,"[0.0, 0.0, 0.0, 0.0, -2.0, 0.0, 0.0]"
,174,Rock'n'Roll-Small Formation,Final,5,321,bm,0.0,8.0,0.0,"[0.0, 0.0, 0.0, 0.0, 0.0, 0.0, 0.0]"
,174,Rock'n'Roll-Small Formation,Final,6,33,DF,1.64,2.3,0.7130434782608696,"[11.0, 11.0, 8.0, 12.0, 13.0, 12.0, 9.0]"
,174,Rock'n'Roll-Small Formation,Final,6,33,CO,1.98,2.0,0.99,"[10.5, 7.5, 4.5, 10.5, 8.25, 9.0, 6.75]"
,174,Rock'n'Roll-Small Formation,Final,6,33,FM,1.59,2.0,0.795,"[11.0, 12.0, 8.0, 12.0, 11.0, 11.0, 8.0]"
,174,Rock'n'Roll-Small Formation,Final,6,33,FW,7.0,14.4,0.4861111111111111,"[-15.0, -25.0, -25.0, -15.0, -25.0, -15.0, -35.0]"
,174,Rock'n'Roll-Small Formation,Final,6,33,sm,0.0,2.3,0.0,"[0.0, 0.0, 0.0, 0.0, 0.0, 0.0, 0.0]"
,174,Rock'n'Roll-Small Formation,Final,6,33,bm,0.0,8.0,0.0,"[0.0, 0.0, 0.0, 0.0, 0.0, 0.0, 0.0]"
,174,Rock'n'Roll-Formation Juniors,First round,1,303,DF,1.18,2.3,0.5130434782608696,"[8.0, 5.0, 8.0, 7.0, 6.0, 5.0, 6.0]"
,174,Rock'n'Roll-Formation Juniors,First round,1,303,CO,1.41,2.0,0.705,"[7.5, 5.25, 6.0, 3.0, 6.75, 4.5, 4.5]"
,174,Rock'n'Roll-Formation Juniors,First round,1,303,FM,1.83,2.0,0.915,"[9.0, 3.0, 7.0, 6.0, 8.0, 5.0, 6.0]"
,174,Rock'n'Roll-Formation Juniors,First round,1,303,FW,6.78,14.4,0.4708333333333333,"[-35.0, -50.0, -35.0, -50.0, -35.0, -35.0, -35.0]"
yes,174,Rock'n'Roll-Formation Juniors,First round,1,303,sm,2.49,2.3,1.082608695652174,"[-4.0, -8.0, 0.0, -6.0, -2.0, -4.0, -6.0]"
,174,Rock'n'Roll-Formation Juniors,First round,1,303,bm,0.0,8.0,0.0,"[0.0, 0.0, 0.0, 0.0, 0.0, 0.0, 0.0]"
,174,Rock'n'Roll-Formation Juniors,First round,2,175,DF,1.58,2.3,0.6869565217391305,"[9.0, 9.0, 8.0, 11.0, 9.0, 7.0, 12.0]"
,174,Rock'n'Roll-Formation Juniors,First round,2,175,CO,1.27,2.0,0.635,"[8.25, 6.75, 6.0, 7.5, 9.75, 6.0, 8.25]"
,174,Rock'n'Roll-Formation Juniors,First round,2,175,FM,1.18,2.0,0.59,"[9.0, 8.0, 8.0, 11.0, 10.0, 11.0, 10.0]"
,174,Rock'n'Roll-Formation Juniors,First round,2,175,FW,7.28,14.4,0.5055555555555555,"[-25.0, -35.0, -35.0, -25.0, -35.0, -15.0, -35.0]"
,174,Rock'n'Roll-Formation Juniors,First round,2,175,sm,0.9,2.3,0.391304347826087,"[0.0, -2.0, 0.0, 0.0, -2.0, 0.0, 0.0]"
,174,Rock'n'Roll-Formation Juniors,First round,2,175,bm,0.0,8.0,0.0,"[0.0, 0.0, 0.0, 0.0, 0.0, 0.0, 0.0]"
,174,Rock'n'Roll-Formation Juniors,First round,3,313,DF,1.69,2.3,0.7347826086956523,"[9.0, 5.0, 4.0, 6.0, 5.0, 5.0, 8.0]"
,174,Rock'n'Roll-Formation Juniors,First round,3,313,CO,1.87,2.0,0.935,"[9.0, 3.75, 3.0, 5.25, 4.5, 3.75, 6.0]"
,174,Rock'n'Roll-Formation Juniors,First round,3,313,FM,1.64,2.0,0.82,"[8.0, 6.0, 4.0, 6.0, 5.0, 5.0, 9.0]"
,174,Rock'n'Roll-Formation Juniors,First round,3,313,FW,7.42,14.4,0.5152777777777777,"[-35.0, -50.0, -50.0, -50.0, -50.0, -35.0, -35.0]"
,174,Rock'n'Roll-Formation Juniors,First round,3,313,sm,0.7,2.3,0.30434782608695654,"[-2.0, -2.0, -2.0, -2.0, -2.0, 0.0, -2.0]"
,174,Rock'n'Roll-Formation Juniors,First round,3,313,bm,0.0,8.0,0.0,"[0.0, 0.0, 0.0, 0.0, 0.0, 0.0, 0.0]"
,174,Rock'n'Roll-Formation Juniors,First round,4,67,DF,1.51,2.3,0.6565217391304349,"[9.0, 6.0, 6.0, 9.0, 10.0, 7.0, 9.0]"
,174,Rock'n'Roll-Formation Juniors,First round,4,67,CO,1.05,2.0,0.525,"[8.25, 6.75, 4.5, 6.0, 6.0, 6.0, 6.75]"
yes,174,Rock'n'Roll-Formation Juniors,First round,4,67,FM,2.14,2.0,1.07,"[9.0, 7.0, 5.0, 8.0, 12.0, 6.0, 9.0]"
,174,Rock'n'Roll-Formation Juniors,First round,4,67,FW,7.76,14.4,0.5388888888888889,"[-25.0, -50.0, -35.0, -35.0, -35.0, -25.0, -35.0]"
,174,Rock'n'Roll-Formation Juniors,First round,4,67,sm,0.99,2.3,0.43043478260869567,"[-2.0, -2.0, 0.0, 0.0, 0.0, 0.0, -2.0]"
,174,Rock'n'Roll-Formation Juniors,First round,4,67,bm,0.0,8.0,0.0,"[0.0, 0.0, 0.0, 0.0, 0.0, 0.0, 0.0]"
,174,Rock'n'Roll-Formation Juniors,First round,5,144,DF,1.18,2.3,0.5130434782608696,"[9.0, 11.0, 9.0, 11.0, 12.0, 10.0, 12.0]"
,174,Rock'n'Roll-Formation Juniors,First round,5,144,CO,0.93,2.0,0.465,"[8.25, 6.75, 8.25, 7.5, 9.75, 9.0, 9.0]"
,174,Rock'n'Roll-Formation Juniors,First round,5,144,FM,0.99,2.0,0.495,"[10.0, 11.0, 10.0, 11.0, 13.0, 11.0, 12.0]"
,174,Rock'n'Roll-Formation Juniors,First round,5,144,FW,5.8,14.4,0.40277777777777773,"[-25.0, -15.0, -25.0, -25.0, -25.0, -10.0, -25.0]"
,174,Rock'n'Roll-Formation Juniors,First round,5,144,sm,0.0,2.3,0.0,"[0.0, 0.0, 0.0, 0.0, 0.0, 0.0, 0.0]"
,174,Rock'n'Roll-Formation Juniors,First round,5,144,bm,0.0,8.0,0.0,"[0.0, 0.0, 0.0, 0.0, 0.0, 0.0, 0.0]"
,174,Rock'n'Roll-Formation Juniors,First round,6,37,DF,1.68,2.3,0.7304347826086957,"[12.0, 12.0, 9.0, 13.0, 14.0, 14.0, 14.0]"
,174,Rock'n'Roll-Formation Juniors,First round,6,37,CO,1.32,2.0,0.66,"[9.0, 9.0, 6.75, 9.0, 9.75, 10.5, 11.25]"
,174,Rock'n'Roll-Formation Juniors,First round,6,37,FM,1.99,2.0,0.995,"[12.0, 13.0, 8.0, 12.0, 14.0, 14.0, 14.0]"
,174,Rock'n'Roll-Formation Juniors,First round,6,37,FW,6.78,14.4,0.4708333333333333,"[-25.0, -10.0, -25.0, -15.0, -15.0, -5.0, -15.0]"
,174,Rock'n'Roll-Formation Juniors,First round,6,37,sm,0.0,2.3,0.0,"[0.0, 0.0, 0.0, 0.0, 0.0, 0.0, 0.0]"
,174,Rock'n'Roll-Formation Juniors,First round,6,37,bm,0.0,8.0,0.0,"[0.0, 0.0, 0.0, 0.0, 0.0, 0.0, 0.0]"
,174,Rock'n'Roll-Formation Juniors,First round,7,65,DF,1.46,2.3,0.6347826086956522,"[9.0, 10.0, 9.0, 8.0, 12.0, 9.0, 12.0]"
,174,Rock'n'Roll-Formation Juniors,First round,7,65,CO,1.44,2.0,0.72,"[8.25, 8.25, 6.0, 6.0, 10.5, 8.25, 8.25]"
,174,Rock'n'Roll-Formation Juniors,First round,7,65,FM,1.67,2.0,0.835,"[8.0, 11.0, 9.0, 7.0, 11.0, 10.0, 12.0]"
,174,Rock'n'Roll-Formation Juniors,First round,7,65,FW,7.0,14.4,0.4861111111111111,"[-25.0, -25.0, -35.0, -35.0, -25.0, -15.0, -35.0]"
,174,Rock'n'Roll-Formation Juniors,First round,7,65,sm,0.0,2.3,0.0,"[0.0, 0.0, 0.0, 0.0, 0.0, 0.0, 0.0]"
,174,Rock'n'Roll-Formation Juniors,First round,7,65,bm,0.0,8.0,0.0,"[0.0, 0.0, 0.0, 0.0, 0.0, 0.0, 0.0]"
,174,Rock'n'Roll-Formation Juniors,Final,1,65,DF,1.4,2.3,0.6086956521739131,"[9.0, 10.0, 9.0, 10.0, 12.0, 10.0, 7.0]"
,174,Rock'n'Roll-Formation Juniors,Final,1,65,CO,1.57,2.0,0.785,"[8.25, 8.25, 6.75, 7.5, 11.25, 9.0, 6.0]"
,174,Rock'n'Roll-Formation Juniors,Final,1,65,FM,1.58,2.0,0.79,"[9.0, 12.0, 9.0, 9.0, 11.0, 11.0, 7.0]"
,174,Rock'n'Roll-Formation Juniors,Final,1,65,FW,7.28,14.4,0.5055555555555555,"[-35.0, -25.0, -35.0, -35.0, -35.0, -15.0, -35.0]"
,174,Rock'n'Roll-Formation Juniors,Final,1,65,sm,2.06,2.3,0.8956521739130435,"[-6.0, -2.0, 0.0, 0.0, 0.0, 0.0, -2.0]"
,174,Rock'n'Roll-Formation Juniors,Final,1,65,bm,0.0,8.0,0.0,"[0.0, 0.0, 0.0, 0.0, 0.0, 0.0, 0.0]"
,174,Rock'n'Roll-Formation Juniors,Final,2,144,DF,1.96,2.3,0.8521739130434783,"[9.0, 12.0, 8.0, 13.0, 11.0, 11.0, 14.0]"
,174,Rock'n'Roll-Formation Juniors,Final,2,144,CO,1.13,2.0,0.565,"[8.25, 9.0, 6.75, 9.75, 9.0, 9.75, 10.5]"
,174,Rock'n'Roll-Formation Juniors,Final,2,144,FM,1.51,2.0,0.755,"[10.0, 12.0, 8.0, 11.0, 11.0, 12.0, 13.0]"
,174,Rock'n'Roll-Formation Juniors,Final,2,144,FW,8.63,14.4,0.5993055555555556,"[-25.0, -15.0, -35.0, -25.0, -35.0, -10.0, -25.0]"
,174,Rock'n'Roll-Formation Juniors,Final,2,144,sm,0.7,2.3,0.30434782608695654,"[0.0, 0.0, 0.0, 0.0, 0.0, 0.0, -2.0]"
,174,Rock'n'Roll-Formation Juniors,Final,2,144,bm,0.0,8.0,0.0,"[0.0, 0.0, 0.0, 0.0, 0.0, 0.0, 0.0]"
,174,Rock'n'Roll-Formation Juniors,Final,3,67,DF,1.18,2.3,0.5130434782608696,"[9.0, 7.0, 8.0, 9.0, 11.0, 8.0, 8.0]"
,174,Rock'n'Roll-Formation Juniors,Final,3,67,CO,1.38,2.0,0.69,"[9.0, 6.75, 4.5, 6.0, 7.5, 6.0, 5.25]"
yes,174,Rock'n'Roll-Formation Juniors,Final,3,67,FM,2.1,2.0,1.05,"[9.0, 10.0, 7.0, 9.0, 13.0, 8.0, 6.0]"
,174,Rock'n'Roll-Formation Juniors,Final,3,67,FW,4.52,14.4,0.31388888888888883,"[-35.0, -35.0, -35.0, -25.0, -35.0, -25.0, -35.0]"
,174,Rock'n'Roll-Formation Juniors,Final,3,67,sm,0.0,2.3,0.0,"[0.0, 0.0, 0.0, 0.0, 0.0, 0.0, 0.0]"
,174,Rock'n'Roll-Formation Juniors,Final,3,67,bm,0.0,8.0,0.0,"[0.0, 0.0, 0.0, 0.0, 0.0, 0.0, 0.0]"
,174,Rock'n'Roll-Formation Juniors,Final,4,303,DF,0.73,2.3,0.3173913043478261,"[8.0, 8.0, 8.0, 7.0, 8.0, 8.0, 6.0]"
,174,Rock'n'Roll-Formation Juniors,Final,4,303,CO,1.18,2.0,0.59,"[7.5, 6.75, 6.0, 4.5, 6.75, 7.5, 4.5]"
,174,Rock'n'Roll-Formation Juniors,Final,4,303,FM,1.48,2.0,0.74,"[7.0, 11.0, 7.0, 8.0, 7.0, 8.0, 6.0]"
,174,Rock'n'Roll-Formation Juniors,Final,4,303,FW,12.37,14.4,0.8590277777777777,"[-35.0, -50.0, -50.0, -50.0, -50.0, -15.0, -35.0]"
yes,174,Rock'n'Roll-Formation Juniors,Final,4,303,sm,2.32,2.3,1.008695652173913,"[-8.0, -4.0, -4.0, -6.0, -4.0, 0.0, -6.0]"
,174,Rock'n'Roll-Formation Juniors,Final,4,303,bm,0.0,8.0,0.0,"[0.0, 0.0, 0.0, 0.0, 0.0, 0.0, 0.0]"
,174,Rock'n'Roll-Formation Juniors,Final,5,37,DF,1.4,2.3,0.6086956521739131,"[12.0, 12.0, 10.0, 14.0, 14.0, 12.0, 14.0]"
,174,Rock'n'Roll-Formation Juniors,Final,5,37,CO,1.31,2.0,0.655,"[9.75, 10.5, 7.5, 10.5, 12.0, 9.0, 10.5]"
,174,Rock'n'Roll-Formation Juniors,Final,5,37,FM,1.12,2.0,0.56,"[12.0, 14.0, 11.0, 12.0, 13.0, 14.0, 14.0]"
,174,Rock'n'Roll-Formation Juniors,Final,5,37,FW,5.8,14.4,0.40277777777777773,"[-25.0, -15.0, -25.0, -15.0, -15.0, -10.0, -25.0]"
,174,Rock'n'Roll-Formation Juniors,Final,5,37,sm,0.0,2.3,0.0,"[0.0, 0.0, 0.0, 0.0, 0.0, 0.0, 0.0]"
,174,Rock'n'Roll-Formation Juniors,Final,5,37,bm,0.0,8.0,0.0,"[0.0, 0.0, 0.0, 0.0, 0.0, 0.0, 0.0]"
,174,Rock'n'Roll-Formation Juniors,Final,6,175,DF,1.05,2.3,0.4565217391304348,"[9.0, 8.0, 9.0, 11.0, 11.0, 10.0, 9.0]"
,174,Rock'n'Roll-Formation Juniors,Final,6,175,CO,0.77,2.0,0.385,"[8.25, 6.75, 6.75, 7.5, 9.0, 8.25, 7.5]"
,174,Rock'n'Roll-Formation Juniors,Final,6,175,FM,1.05,2.0,0.525,"[9.0, 11.0, 8.0, 9.0, 10.0, 11.0, 9.0]"
,174,Rock'n'Roll-Formation Juniors,Final,6,175,FW,7.0,14.4,0.4861111111111111,"[-35.0, -35.0, -25.0, -25.0, -25.0, -15.0, -35.0]"
,174,Rock'n'Roll-Formation Juniors,Final,6,175,sm,1.46,2.3,0.6347826086956522,"[0.0, -4.0, 0.0, 0.0, -2.0, 0.0, -2.0]"
,174,Rock'n'Roll-Formation Juniors,Final,6,175,bm,0.0,8.0,0.0,"[0.0, 0.0, 0.0, 0.0, 0.0, 0.0, 0.0]"
,174,Rock'n'Roll-Formation,Final,1,77,DF,1.64,2.3,0.7130434782608696,"[12.0, 10.0, 7.0, 9.0, 12.0, 11.0, 10.0]"
,174,Rock'n'Roll-Formation,Final,1,77,CO,1.43,2.0,0.715,"[11.25, 8.25, 6.75, 7.5, 9.75, 7.5, 8.25]"
,174,Rock'n'Roll-Formation,Final,1,77,FM,1.36,2.0,0.68,"[12.0, 12.0, 8.0, 10.0, 12.0, 11.0, 11.0]"
,174,Rock'n'Roll-Formation,Final,1,77,FW,10.83,14.4,0.7520833333333333,"[-15.0, -15.0, -35.0, -35.0, -35.0, -10.0, -35.0]"
,174,Rock'n'Roll-Formation,Final,1,77,sm,0.0,2.3,0.0,"[0.0, 0.0, 0.0, 0.0, 0.0, 0.0, 0.0]"
,174,Rock'n'Roll-Formation,Final,1,77,bm,0.0,8.0,0.0,"[0.0, 0.0, 0.0, 0.0, 0.0, 0.0, 0.0]"
,174,Rock'n'Roll-Formation,Final,2,208,DF,1.36,2.3,0.5913043478260871,"[14.0, 15.0, 11.0, 15.0, 15.0, 15.0, 14.0]"
,174,Rock'n'Roll-Formation,Final,2,208,CO,0.79,2.0,0.395,"[12.0, 12.0, 10.5, 12.0, 10.5, 11.25, 12.75]"
yes,174,Rock'n'Roll-Formation,Final,2,208,FM,2.19,2.0,1.095,"[12.0, 15.0, 11.0, 13.0, 15.0, 17.0, 17.0]"
,174,Rock'n'Roll-Formation,Final,2,208,FW,5.89,14.4,0.40902777777777777,"[-10.0, -5.0, -15.0, -10.0, -15.0, -10.0, -25.0]"
,174,Rock'n'Roll-Formation,Final,2,208,sm,0.7,2.3,0.30434782608695654,"[-2.0, 0.0, 0.0, 0.0, 0.0, 0.0, 0.0]"
,174,Rock'n'Roll-Formation,Final,2,208,bm,0.0,8.0,0.0,"[0.0, 0.0, 0.0, 0.0, 0.0, 0.0, 0.0]"
,174,Rock'n'Roll-Formation,Final,3,128,DF,2.19,2.3,0.9521739130434783,"[9.0, 12.0, 8.0, 9.0, 10.0, 13.0, 6.0]"
yes,174,Rock'n'Roll-Formation,Final,3,128,CO,2.1,2.0,1.05,"[8.25, 9.75, 6.0, 7.5, 11.25, 10.5, 5.25]"
yes,174,Rock'n'Roll-Formation,Final,3,128,FM,2.85,2.0,1.425,"[9.0, 13.0, 8.0, 9.0, 11.0, 15.0, 6.0]"
,174,Rock'n'Roll-Formation,Final,3,128,FW,7.28,14.4,0.5055555555555555,"[-35.0, -25.0, -35.0, -25.0, -35.0, -15.0, -35.0]"
,174,Rock'n'Roll-Formation,Final,3,128,sm,1.46,2.3,0.6347826086956522,"[-4.0, 0.0, 0.0, 0.0, -2.0, 0.0, -2.0]"
,174,Rock'n'Roll-Formation,Final,3,128,bm,0.0,8.0,0.0,"[0.0, 0.0, 0.0, 0.0, 0.0, 0.0, 0.0]"
yes,174,Rock'n'Roll-Main Class Start,Final,1,323,DF,2.34,2.3,1.0173913043478262,"[13.75, 7.5, 11.25, 12.5]"
,174,Rock'n'Roll-Main Class Start,Final,1,323,CO,1.79,2.0,0.895,"[10.0, 6.0, 7.0, 10.0]"
,174,Rock'n'Roll-Main Class Start,Final,1,323,FM,1.02,2.0,0.51,"[7.5, 5.0, 6.5, 7.5]"
,174,Rock'n'Roll-Main Class Start,Final,1,323,FW,10.23,14.4,0.7104166666666667,"[-25.0, -35.0, -35.0, -10.0]"
,174,Rock'n'Roll-Main Class Start,Final,1,323,sm,0.0,2.3,0.0,"[0.0, 0.0, 0.0, 0.0]"
,174,Rock'n'Roll-Main Class Start,Final,1,323,bm,0.0,8.0,0.0,"[0.0, 0.0, 0.0, 0.0]"
,174,Rock'n'Roll-Main Class Start,Final,2,286,DF,1.53,2.3,0.6652173913043479,"[7.5, 6.25, 3.75, 7.5]"
,174,Rock'n'Roll-Main Class Start,Final,2,286,CO,1.5,2.0,0.75,"[9.0, 5.0, 6.0, 6.0]"
,174,Rock'n'Roll-Main Class Start,Final,2,286,FM,1.25,2.0,0.625,"[5.0, 2.5, 2.5, 5.0]"
yes,174,Rock'n'Roll-Main Class Start,Final,2,286,FW,17.09,14.4,1.1868055555555554,"[-35.0, -75.0, -75.0, -50.0]"
,174,Rock'n'Roll-Main Class Start,Final,2,286,sm,1.0,2.3,0.4347826086956522,"[-2.0, -2.0, -4.0, -4.0]"
,174,Rock'n'Roll-Main Class Start,Final,2,286,bm,0.0,8.0,0.0,"[0.0, 0.0, 0.0, 0.0]"
,174,Rock'n'Roll-Main Class Start,Final,3,142,DF,1.85,2.3,0.8043478260869567,"[11.25, 7.5, 10.0, 12.5]"
,174,Rock'n'Roll-Main Class Start,Final,3,142,CO,1.79,2.0,0.895,"[12.0, 7.0, 9.0, 9.0]"
,174,Rock'n'Roll-Main Class Start,Final,3,142,FM,1.08,2.0,0.54,"[7.5, 7.5, 5.0, 7.5]"
,174,Rock'n'Roll-Main Class Start,Final,3,142,FW,4.33,14.4,0.30069444444444443,"[-35.0, -35.0, -35.0, -25.0]"
,174,Rock'n'Roll-Main Class Start,Final,3,142,sm,0.0,2.3,0.0,"[0.0, 0.0, 0.0, 0.0]"
,174,Rock'n'Roll-Main Class Start,Final,3,142,bm,0.0,8.0,0.0,"[0.0, 0.0, 0.0, 0.0]"
,174,Rock'n'Roll-Main Class Start,Final,4,118,DF,2.23,2.3,0.9695652173913044,"[15.0, 10.0, 10.0, 13.75]"
yes,174,Rock'n'Roll-Main Class Start,Final,4,118,CO,2.77,2.0,1.385,"[13.0, 8.0, 7.0, 13.0]"
,174,Rock'n'Roll-Main Class Start,Final,4,118,FM,1.43,2.0,0.715,"[8.5, 7.5, 5.0, 8.5]"
,174,Rock'n'Roll-Main Class Start,Final,4,118,FW,9.6,14.4,0.6666666666666666,"[-15.0, -25.0, -35.0, -10.0]"
,174,Rock'n'Roll-Main Class Start,Final,4,118,sm,0.0,2.3,0.0,"[0.0, 0.0, 0.0, 0.0]"
,174,Rock'n'Roll-Main Class Start,Final,4,118,bm,0.0,8.0,0.0,"[0.0, 0.0, 0.0, 0.0]"
,174,Rock'n'Roll-Main Class Start,Final,5,226,DF,1.88,2.3,0.8173913043478261,"[11.25, 11.25, 15.0, 15.0]"
,174,Rock'n'Roll-Main Class Start,Final,5,226,CO,0.5,2.0,0.25,"[11.0, 10.0, 10.0, 11.0]"
,174,Rock'n'Roll-Main Class Start,Final,5,226,FM,0.43,2.0,0.215,"[7.5, 7.5, 8.5, 7.5]"
,174,Rock'n'Roll-Main Class Start,Final,5,226,FW,8.29,14.4,0.5756944444444444,"[-35.0, -15.0, -25.0, -15.0]"
,174,Rock'n'Roll-Main Class Start,Final,5,226,sm,0.0,2.3,0.0,"[0.0, 0.0, 0.0, 0.0]"
,174,Rock'n'Roll-Main Class Start,Final,5,226,bm,0.0,8.0,0.0,"[0.0, 0.0, 0.0, 0.0]"
,174,Rock'n'Roll-Main Class Contact Style,First round,1,179,DF,2.07,2.3,0.9,"[12.5, 15.0, 10.0, 15.0]"
yes,174,Rock'n'Roll-Main Class Contact Style,First round,1,179,CO,2.17,2.0,1.085,"[9.0, 8.0, 6.0, 12.0]"
,174,Rock'n'Roll-Main Class Contact Style,First round,1,179,FM,0.71,2.0,0.355,"[9.5, 8.5, 7.5, 8.5]"
,174,Rock'n'Roll-Main Class Contact Style,First round,1,179,FW,8.29,14.4,0.5756944444444444,"[-5.0, -15.0, -25.0, -25.0]"
,174,Rock'n'Roll-Main Class Contact Style,First round,1,179,sm,0.0,2.3,0.0,"[0.0, 0.0, 0.0, 0.0]"
,174,Rock'n'Roll-Main Class Contact Style,First round,1,179,bm,0.0,8.0,0.0,"[0.0, 0.0, 0.0, 0.0]"
yes,174,Rock'n'Roll-Main Class Contact Style,First round,1,430,DF,3.68,2.3,1.6,"[15.0, 17.5, 7.5, 13.75]"
yes,174,Rock'n'Roll-Main Class Contact Style,First round,1,430,CO,2.17,2.0,1.085,"[11.0, 11.0, 6.0, 11.0]"
,174,Rock'n'Roll-Main Class Contact Style,First round,1,430,FM,0.74,2.0,0.37,"[9.5, 8.5, 7.5, 9.0]"
,174,Rock'n'Roll-Main Class Contact Style,First round,1,430,FW,4.33,14.4,0.30069444444444443,"[-5.0, -15.0, -15.0, -15.0]"
,174,Rock'n'Roll-Main Class Contact Style,First round,1,430,sm,0.0,2.3,0.0,"[0.0, 0.0, 0.0, 0.0]"
,174,Rock'n'Roll-Main Class Contact Style,First round,1,430,bm,0.0,8.0,0.0,"[0.0, 0.0, 0.0, 0.0]"
,174,Rock'n'Roll-Main Class Contact Style,First round,2,283,DF,1.04,2.3,0.4521739130434783,"[10.0, 11.25, 8.75, 8.75]"
,174,Rock'n'Roll-Main Class Contact Style,First round,2,283,CO,0.83,2.0,0.415,"[8.0, 6.0, 8.0, 7.0]"
,174,Rock'n'Roll-Main Class Contact Style,First round,2,283,FM,0.71,2.0,0.355,"[7.5, 6.5, 8.5, 7.5]"
,174,Rock'n'Roll-Main Class Contact Style,First round,2,283,FW,8.29,14.4,0.5756944444444444,"[-35.0, -35.0, -15.0, -25.0]"
,174,Rock'n'Roll-Main Class Contact Style,First round,2,283,sm,0.87,2.3,0.37826086956521743,"[0.0, -2.0, 0.0, 0.0]"
,174,Rock'n'Roll-Main Class Contact Style,First round,2,283,bm,0.0,8.0,0.0,"[0.0, 0.0, 0.0, 0.0]"
yes,174,Rock'n'Roll-Main Class Contact Style,First round,2,28,DF,3.06,2.3,1.3304347826086957,"[13.75, 16.25, 8.75, 16.25]"
yes,174,Rock'n'Roll-Main Class Contact Style,First round,2,28,CO,2.69,2.0,1.345,"[11.0, 13.0, 6.0, 12.0]"
,174,Rock'n'Roll-Main Class Contact Style,First round,2,28,FM,1.46,2.0,0.73,"[5.0, 7.5, 6.5, 9.0]"
yes,174,Rock'n'Roll-Main Class Contact Style,First round,2,28,FW,14.58,14.4,1.0125,"[-50.0, -25.0, -35.0, -10.0]"
,174,Rock'n'Roll-Main Class Contact Style,First round,2,28,sm,0.87,2.3,0.37826086956521743,"[0.0, -2.0, 0.0, 0.0]"
,174,Rock'n'Roll-Main Class Contact Style,First round,2,28,bm,0.0,8.0,0.0,"[0.0, 0.0, 0.0, 0.0]"
,174,Rock'n'Roll-Main Class Contact Style,First round,3,236,DF,1.88,2.3,0.8173913043478261,"[12.5, 11.25, 7.5, 11.25]"
,174,Rock'n'Roll-Main Class Contact Style,First round,3,236,CO,1.22,2.0,0.61,"[9.0, 8.0, 6.0, 9.0]"
,174,Rock'n'Roll-Main Class Contact Style,First round,3,236,FM,0.5,2.0,0.25,"[7.5, 6.5, 6.5, 7.5]"
,174,Rock'n'Roll-Main Class Contact Style,First round,3,236,FW,5.0,14.4,0.3472222222222222,"[-35.0, -35.0, -25.0, -25.0]"
,174,Rock'n'Roll-Main Class Contact Style,First round,3,236,sm,0.0,2.3,0.0,"[0.0, 0.0, 0.0, 0.0]"
,174,Rock'n'Roll-Main Class Contact Style,First round,3,236,bm,0.0,8.0,0.0,"[0.0, 0.0, 0.0, 0.0]"
yes,174,Rock'n'Roll-Main Class Contact Style,First round,3,494,DF,3.7,2.3,1.6086956521739133,"[12.5, 17.5, 7.5, 15.0]"
yes,174,Rock'n'Roll-Main Class Contact Style,First round,3,494,CO,2.68,2.0,1.34,"[11.0, 12.0, 5.0, 9.0]"
,174,Rock'n'Roll-Main Class Contact Style,First round,3,494,FM,0.74,2.0,0.37,"[9.0, 8.5, 7.5, 9.5]"
,174,Rock'n'Roll-Main Class Contact Style,First round,3,494,FW,6.5,14.4,0.4513888888888889,"[-15.0, -25.0, -25.0, -10.0]"
,174,Rock'n'Roll-Main Class Contact Style,First round,3,494,sm,0.0,2.3,0.0,"[0.0, 0.0, 0.0, 0.0]"
,174,Rock'n'Roll-Main Class Contact Style,First round,3,494,bm,0.0,8.0,0.0,"[0.0, 0.0, 0.0, 0.0]"
yes,174,Rock'n'Roll-Main Class Contact Style,First round,4,495,DF,2.34,2.3,1.0173913043478262,"[15.0, 16.25, 11.25, 17.5]"
,174,Rock'n'Roll-Main Class Contact Style,First round,4,495,CO,0.43,2.0,0.215,"[12.0, 11.0, 11.0, 11.0]"
,174,Rock'n'Roll-Main Class Contact Style,First round,4,495,FM,0.5,2.0,0.25,"[9.5, 8.5, 8.5, 9.5]"
,174,Rock'n'Roll-Main Class Contact Style,First round,4,495,FW,4.15,14.4,0.2881944444444445,"[-10.0, -15.0, -15.0, -5.0]"
,174,Rock'n'Roll-Main Class Contact Style,First round,4,495,sm,0.87,2.3,0.37826086956521743,"[0.0, -2.0, 0.0, 0.0]"
,174,Rock'n'Roll-Main Class Contact Style,First round,4,495,bm,0.0,8.0,0.0,"[0.0, 0.0, 0.0, 0.0]"
,174,Rock'n'Roll-Main Class Contact Style,Final - Foot technique,1,283,DF,1.05,2.3,0.4565217391304348,"[6.25, 5.625, 4.375, 5.625, 4.375, 6.875, 3.75]"
,174,Rock'n'Roll-Main Class Contact Style,Final - Foot technique,1,283,CO,1.1,2.0,0.55,"[6.0, 4.0, 5.0, 4.0, 3.5, 6.0, 3.0]"
,174,Rock'n'Roll-Main Class Contact Style,Final - Foot technique,1,283,FM,0.48,2.0,0.24,"[4.25, 3.75, 3.25, 4.25, 3.25, 4.5, 4.25]"
,174,Rock'n'Roll-Main Class Contact Style,Final - Foot technique,1,283,FW,4.01,14.4,0.2784722222222222,"[-57.5, -57.5, -67.5, -62.5, -57.5, -55.0, -62.5]"
,174,Rock'n'Roll-Main Class Contact Style,Final - Foot technique,1,283,sm,0.7,2.3,0.30434782608695654,"[-2.0, -2.0, -2.0, -4.0, -2.0, -2.0, -2.0]"
,174,Rock'n'Roll-Main Class Contact Style,Final - Foot technique,1,283,bm,3.5,8.0,0.4375,"[0.0, 0.0, 0.0, 0.0, -10.0, 0.0, 0.0]"
,174,Rock'n'Roll-Main Class Contact Style,Final - Foot technique,2,430,DF,0.56,2.3,0.24347826086956526,"[7.5, 6.875, 7.5, 8.75, 7.5, 8.125, 8.125]"
,174,Rock'n'Roll-Main Class Contact Style,Final - Foot technique,2,430,CO,0.58,2.0,0.29,"[6.0, 6.0, 7.0, 7.0, 5.5, 6.0, 7.0]"
,174,Rock'n'Roll-Main Class Contact Style,Final - Foot technique,2,430,FM,0.32,2.0,0.16,"[4.25, 4.75, 4.5, 4.5, 3.75, 4.75, 4.5]"
,174,Rock'n'Roll-Main Class Contact Style,Final - Foot technique,2,430,FW,1.24,14.4,0.08611111111111111,"[-57.5, -55.0, -57.5, -55.0, -57.5, -55.0, -57.5]"
,174,Rock'n'Roll-Main Class Contact Style,Final - Foot technique,2,430,sm,0.0,2.3,0.0,"[0.0, 0.0, 0.0, 0.0, 0.0, 0.0, 0.0]"
,174,Rock'n'Roll-Main Class Contact Style,Final - Foot technique,2,430,bm,0.0,8.0,0.0,"[0.0, 0.0, 0.0, 0.0, 0.0, 0.0, 0.0]"
,174,Rock'n'Roll-Main Class Contact Style,Final - Foot technique,3,179,DF,0.87,2.3,0.37826086956521743,"[8.125, 6.875, 6.875, 8.75, 6.875, 8.75, 8.75]"
,174,Rock'n'Roll-Main Class Contact Style,Final - Foot technique,3,179,CO,0.8,2.0,0.4,"[7.5, 5.0, 5.5, 6.5, 6.0, 6.0, 7.0]"
,174,Rock'n'Roll-Main Class Contact Style,Final - Foot technique,3,179,FM,0.26,2.0,0.13,"[4.5, 3.75, 4.25, 4.5, 4.25, 4.5, 4.5]"
,174,Rock'n'Roll-Main Class Contact Style,Final - Foot technique,3,179,FW,3.23,14.4,0.22430555555555554,"[-57.5, -57.5, -62.5, -55.0, -62.5, -55.0, -62.5]"
,174,Rock'n'Roll-Main Class Contact Style,Final - Foot technique,3,179,sm,0.0,2.3,0.0,"[0.0, 0.0, 0.0, 0.0, 0.0, 0.0, 0.0]"
,174,Rock'n'Roll-Main Class Contact Style,Final - Foot technique,3,179,bm,0.0,8.0,0.0,"[0.0, 0.0, 0.0, 0.0, 0.0, 0.0, 0.0]"
,174,Rock'n'Roll-Main Class Contact Style,Final - Foot technique,4,28,DF,0.64,2.3,0.2782608695652174,"[6.25, 5.0, 5.625, 6.875, 6.875, 6.25, 5.625]"
,174,Rock'n'Roll-Main Class Contact Style,Final - Foot technique,4,28,CO,0.42,2.0,0.21,"[6.0, 5.0, 6.0, 5.0, 5.5, 5.0, 5.5]"
,174,Rock'n'Roll-Main Class Contact Style,Final - Foot technique,4,28,FM,0.25,2.0,0.125,"[3.75, 4.25, 3.75, 3.75, 3.75, 4.25, 4.25]"
,174,Rock'n'Roll-Main Class Contact Style,Final - Foot technique,4,28,FW,0.87,14.4,0.06041666666666667,"[-57.5, -55.0, -57.5, -57.5, -57.5, -57.5, -57.5]"
,174,Rock'n'Roll-Main Class Contact Style,Final - Foot technique,4,28,sm,0.0,2.3,0.0,"[0.0, 0.0, 0.0, 0.0, 0.0, 0.0, 0.0]"
,174,Rock'n'Roll-Main Class Contact Style,Final - Foot technique,4,28,bm,0.0,8.0,0.0,"[0.0, 0.0, 0.0, 0.0, 0.0, 0.0, 0.0]"
,174,Rock'n'Roll-Main Class Contact Style,Final - Foot technique,5,495,DF,0.87,2.3,0.37826086956521743,"[6.25, 5.0, 6.875, 8.125, 6.25, 6.875, 6.875]"
,174,Rock'n'Roll-Main Class Contact Style,Final - Foot technique,5,495,CO,0.56,2.0,0.28,"[6.0, 5.0, 6.5, 5.0, 5.0, 5.0, 5.5]"
,174,Rock'n'Roll-Main Class Contact Style,Final - Foot technique,5,495,FM,0.36,2.0,0.18,"[4.5, 3.75, 4.5, 4.25, 3.75, 4.5, 4.75]"
,174,Rock'n'Roll-Main Class Contact Style,Final - Foot technique,5,495,FW,2.47,14.4,0.17152777777777778,"[-57.5, -57.5, -55.0, -55.0, -62.5, -55.0, -57.5]"
,174,Rock'n'Roll-Main Class Contact Style,Final - Foot technique,5,495,sm,0.0,2.3,0.0,"[0.0, 0.0, 0.0, 0.0, 0.0, 0.0, 0.0]"
,174,Rock'n'Roll-Main Class Contact Style,Final - Foot technique,5,495,bm,0.0,8.0,0.0,"[0.0, 0.0, 0.0, 0.0, 0.0, 0.0, 0.0]"
,174,Rock'n'Roll-Main Class Contact Style,Final - Foot technique,6,494,DF,1.13,2.3,0.49130434782608695,"[6.875, 6.875, 7.5, 9.375, 6.25, 8.75, 6.25]"
,174,Rock'n'Roll-Main Class Contact Style,Final - Foot technique,6,494,CO,0.99,2.0,0.495,"[6.0, 3.5, 6.0, 6.0, 6.5, 6.5, 5.0]"
,174,Rock'n'Roll-Main Class Contact Style,Final - Foot technique,6,494,FM,0.19,2.0,0.095,"[4.5, 4.25, 4.75, 4.5, 4.25, 4.5, 4.75]"
,174,Rock'n'Roll-Main Class Contact Style,Final - Foot technique,6,494,FW,2.9,14.4,0.20138888888888887,"[-57.5, -62.5, -55.0, -62.5, -57.5, -55.0, -57.5]"
,174,Rock'n'Roll-Main Class Contact Style,Final - Foot technique,6,494,sm,0.99,2.3,0.43043478260869567,"[0.0, -2.0, 0.0, 0.0, -2.0, 0.0, -2.0]"
,174,Rock'n'Roll-Main Class Contact Style,Final - Foot technique,6,494,bm,0.0,8.0,0.0,"[0.0, 0.0, 0.0, 0.0, 0.0, 0.0, 0.0]"
,174,Rock'n'Roll-Main Class Contact Style,Final - Acrobatic,1,179,DF,0.7,2.3,0.30434782608695654,"[7.5, 8.125, 6.875, 8.75]"
,174,Rock'n'Roll-Main Class Contact Style,Final - Acrobatic,1,179,CO,0.89,2.0,0.445,"[5.0, 6.5, 5.0, 7.0]"
,174,Rock'n'Roll-Main Class Contact Style,Final - Acrobatic,1,179,FM,0.11,2.0,0.055,"[4.5, 4.25, 4.5, 4.5]"
,174,Rock'n'Roll-Main Class Contact Style,Final - Acrobatic,1,179,FW,3.75,14.4,0.2604166666666667,"[-55.0, -62.5, -55.0, -62.5]"
,174,Rock'n'Roll-Main Class Contact Style,Final - Acrobatic,1,179,sm,0.0,2.3,0.0,"[0.0, 0.0, 0.0, 0.0]"
,174,Rock'n'Roll-Main Class Contact Style,Final - Acrobatic,1,179,bm,0.0,8.0,0.0,"[0.0, 0.0, 0.0, 0.0]"
,174,Rock'n'Roll-Main Class Contact Style,Final - Acrobatic,2,28,DF,0.92,2.3,0.4,"[6.875, 5.625, 4.375, 6.25]"
,174,Rock'n'Roll-Main Class Contact Style,Final - Acrobatic,2,28,CO,0.89,2.0,0.445,"[5.0, 6.5, 4.0, 5.0]"
,174,Rock'n'Roll-Main Class Contact Style,Final - Acrobatic,2,28,FM,0.25,2.0,0.125,"[3.25, 3.75, 3.25, 3.75]"
,174,Rock'n'Roll-Main Class Contact Style,Final - Acrobatic,2,28,FW,4.15,14.4,0.2881944444444445,"[-62.5, -57.5, -67.5, -57.5]"
,174,Rock'n'Roll-Main Class Contact Style,Final - Acrobatic,2,28,sm,1.73,2.3,0.7521739130434784,"[0.0, 0.0, -4.0, 0.0]"
,174,Rock'n'Roll-Main Class Contact Style,Final - Acrobatic,2,28,bm,0.0,8.0,0.0,"[0.0, 0.0, 0.0, 0.0]"
,174,Rock'n'Roll-Main Class Contact Style,Final - Acrobatic,3,494,DF,0.52,2.3,0.22608695652173916,"[6.875, 8.125, 7.5, 6.875]"
,174,Rock'n'Roll-Main Class Contact Style,Final - Acrobatic,3,494,CO,0.35,2.0,0.175,"[5.5, 6.0, 5.5, 5.0]"
,174,Rock'n'Roll-Main Class Contact Style,Final - Acrobatic,3,494,FM,0.18,2.0,0.09,"[4.5, 4.25, 4.5, 4.75]"
,174,Rock'n'Roll-Main Class Contact Style,Final - Acrobatic,3,494,FW,2.72,14.4,0.18888888888888888,"[-57.5, -62.5, -55.0, -57.5]"
,174,Rock'n'Roll-Main Class Contact Style,Final - Acrobatic,3,494,sm,0.0,2.3,0.0,"[0.0, 0.0, 0.0, 0.0]"
,174,Rock'n'Roll-Main Class Contact Style,Final - Acrobatic,3,494,bm,0.0,8.0,0.0,"[0.0, 0.0, 0.0, 0.0]"
,174,Rock'n'Roll-Main Class Contact Style,Final - Acrobatic,4,430,DF,0.52,2.3,0.22608695652173916,"[7.5, 7.5, 6.25, 6.875]"
,174,Rock'n'Roll-Main Class Contact Style,Final - Acrobatic,4,430,CO,0.89,2.0,0.445,"[7.5, 6.0, 5.0, 6.0]"
,174,Rock'n'Roll-Main Class Contact Style,Final - Acrobatic,4,430,FM,0.37,2.0,0.185,"[4.75, 3.75, 4.25, 4.5]"
,174,Rock'n'Roll-Main Class Contact Style,Final - Acrobatic,4,430,FW,3.06,14.4,0.2125,"[-55.0, -62.5, -57.5, -55.0]"
,174,Rock'n'Roll-Main Class Contact Style,Final - Acrobatic,4,430,sm,0.87,2.3,0.37826086956521743,"[0.0, -2.0, 0.0, 0.0]"
,174,Rock'n'Roll-Main Class Contact Style,Final - Acrobatic,4,430,bm,0.0,8.0,0.0,"[0.0, 0.0, 0.0, 0.0]"
,174,Rock'n'Roll-Main Class Contact Style,Final - Acrobatic,5,283,DF,0.68,2.3,0.29565217391304355,"[5.625, 4.375, 4.375, 3.75]"
,174,Rock'n'Roll-Main Class Contact Style,Final - Acrobatic,5,283,CO,0.56,2.0,0.28,"[5.0, 4.5, 4.0, 3.5]"
,174,Rock'n'Roll-Main Class Contact Style,Final - Acrobatic,5,283,FM,0.22,2.0,0.11,"[3.75, 3.25, 3.75, 3.75]"
,174,Rock'n'Roll-Main Class Contact Style,Final - Acrobatic,5,283,FW,4.15,14.4,0.2881944444444445,"[-57.5, -67.5, -57.5, -62.5]"
,174,Rock'n'Roll-Main Class Contact Style,Final - Acrobatic,5,283,sm,1.73,2.3,0.7521739130434784,"[0.0, -4.0, 0.0, 0.0]"
,174,Rock'n'Roll-Main Class Contact Style,Final - Acrobatic,5,283,bm,0.0,8.0,0.0,"[0.0, 0.0, 0.0, 0.0]"
,174,Rock'n'Roll-Main Class Contact Style,Final - Acrobatic,6,495,DF,0.81,2.3,0.35217391304347834,"[5.625, 7.5, 5.625, 6.875]"
,174,Rock'n'Roll-Main Class Contact Style,Final - Acrobatic,6,495,CO,0.54,2.0,0.27,"[6.5, 6.0, 6.0, 5.0]"
,174,Rock'n'Roll-Main Class Contact Style,Final - Acrobatic,6,495,FM,0.21,2.0,0.105,"[4.25, 4.25, 4.5, 4.75]"
,174,Rock'n'Roll-Main Class Contact Style,Final - Acrobatic,6,495,FW,3.25,14.4,0.22569444444444445,"[-62.5, -62.5, -55.0, -57.5]"
,174,Rock'n'Roll-Main Class Contact Style,Final - Acrobatic,6,495,sm,0.0,2.3,0.0,"[0.0, 0.0, 0.0, 0.0]"
,174,Rock'n'Roll-Main Class Contact Style,Final - Acrobatic,6,495,bm,0.0,8.0,0.0,"[0.0, 0.0, 0.0, 0.0]"
,174,Rock'n'Roll-Main Class Free Style,Final - Foot technique,1,63,DF,1.09,2.3,0.47391304347826096,"[6.25, 3.75, 3.75, 6.25, 6.25, 5.625, 6.25]"
,174,Rock'n'Roll-Main Class Free Style,Final - Foot technique,1,63,CO,0.99,2.0,0.495,"[6.0, 3.0, 3.5, 5.0, 3.5, 4.5, 5.0]"
,174,Rock'n'Roll-Main Class Free Style,Final - Foot technique,1,63,FM,0.44,2.0,0.22,"[3.75, 2.5, 3.25, 3.75, 3.25, 3.75, 3.75]"
,174,Rock'n'Roll-Main Class Free Style,Final - Foot technique,1,63,FW,2.47,14.4,0.17152777777777778,"[-62.5, -67.5, -67.5, -62.5, -67.5, -62.5, -62.5]"
,174,Rock'n'Roll-Main Class Free Style,Final - Foot technique,1,63,sm,0.0,2.3,0.0,"[0.0, 0.0, 0.0, 0.0, 0.0, 0.0, 0.0]"
,174,Rock'n'Roll-Main Class Free Style,Final - Foot technique,1,63,bm,0.0,8.0,0.0,"[0.0, 0.0, 0.0, 0.0, 0.0, 0.0, 0.0]"
,174,Rock'n'Roll-Main Class Free Style,Final - Foot technique,2,222,DF,1.13,2.3,0.49130434782608695,"[6.25, 5.625, 4.375, 5.0, 4.375, 6.875, 7.5]"
,174,Rock'n'Roll-Main Class Free Style,Final - Foot technique,2,222,CO,0.9,2.0,0.45,"[5.5, 5.0, 4.0, 4.5, 3.5, 6.0, 6.0]"
,174,Rock'n'Roll-Main Class Free Style,Final - Foot technique,2,222,FM,0.25,2.0,0.125,"[3.75, 3.25, 3.25, 3.25, 3.25, 3.75, 3.75]"
,174,Rock'n'Roll-Main Class Free Style,Final - Foot technique,2,222,FW,3.94,14.4,0.2736111111111111,"[-62.5, -62.5, -62.5, -55.0, -67.5, -57.5, -57.5]"
,174,Rock'n'Roll-Main Class Free Style,Final - Foot technique,2,222,sm,0.0,2.3,0.0,"[0.0, 0.0, 0.0, 0.0, 0.0, 0.0, 0.0]"
,174,Rock'n'Roll-Main Class Free Style,Final - Foot technique,2,222,bm,0.0,8.0,0.0,"[0.0, 0.0, 0.0, 0.0, 0.0, 0.0, 0.0]"
,174,Rock'n'Roll-Main Class Free Style,Final - Foot technique,3,292,DF,1.2,2.3,0.5217391304347826,"[6.25, 5.0, 3.75, 6.875, 5.625, 6.875, 7.5]"
,174,Rock'n'Roll-Main Class Free Style,Final - Foot technique,3,292,CO,1.13,2.0,0.565,"[5.5, 3.5, 3.5, 5.5, 5.0, 5.0, 7.0]"
,174,Rock'n'Roll-Main Class Free Style,Final - Foot technique,3,292,FM,0.64,2.0,0.32,"[3.75, 2.5, 3.25, 4.5, 3.75, 4.25, 4.25]"
,174,Rock'n'Roll-Main Class Free Style,Final - Foot technique,3,292,FW,2.99,14.4,0.2076388888888889,"[-57.5, -62.5, -62.5, -55.0, -62.5, -57.5, -62.5]"
,174,Rock'n'Roll-Main Class Free Style,Final - Foot technique,3,292,sm,0.0,2.3,0.0,"[0.0, 0.0, 0.0, 0.0, 0.0, 0.0, 0.0]"
,174,Rock'n'Roll-Main Class Free Style,Final - Foot technique,3,292,bm,3.5,8.0,0.4375,"[0.0, 0.0, 0.0, 0.0, 0.0, -10.0, 0.0]"
,174,Rock'n'Roll-Main Class Free Style,Final - Foot technique,4,172,DF,1.09,2.3,0.47391304347826096,"[6.875, 6.25, 4.375, 5.0, 4.375, 6.875, 4.375]"
,174,Rock'n'Roll-Main Class Free Style,Final - Foot technique,4,172,CO,1.09,2.0,0.545,"[6.0, 4.0, 3.0, 3.5, 4.0, 6.0, 4.0]"
,174,Rock'n'Roll-Main Class Free Style,Final - Foot technique,4,172,FM,0.51,2.0,0.255,"[3.75, 3.75, 3.25, 2.5, 3.25, 4.25, 3.25]"
,174,Rock'n'Roll-Main Class Free Style,Final - Foot technique,4,172,FW,2.67,14.4,0.18541666666666665,"[-62.5, -62.5, -62.5, -62.5, -67.5, -57.5, -62.5]"
,174,Rock'n'Roll-Main Class Free Style,Final - Foot technique,4,172,sm,0.9,2.3,0.391304347826087,"[0.0, -2.0, 0.0, 0.0, -2.0, 0.0, 0.0]"
,174,Rock'n'Roll-Main Class Free Style,Final - Foot technique,4,172,bm,0.0,8.0,0.0,"[0.0, 0.0, 0.0, 0.0, 0.0, 0.0, 0.0]"
,174,Rock'n'Roll-Main Class Free Style,Final - Foot technique,5,8,DF,1.1,2.3,0.47826086956521746,"[7.5, 4.375, 5.0, 5.0, 5.625, 5.625, 3.75]"
,174,Rock'n'Roll-Main Class Free Style,Final - Foot technique,5,8,CO,0.74,2.0,0.37,"[6.0, 4.5, 5.0, 4.0, 4.5, 5.0, 3.5]"
,174,Rock'n'Roll-Main Class Free Style,Final - Foot technique,5,8,FM,0.5,2.0,0.25,"[4.25, 2.5, 3.25, 3.25, 3.25, 3.75, 3.25]"
,174,Rock'n'Roll-Main Class Free Style,Final - Foot technique,5,8,FW,3.64,14.4,0.25277777777777777,"[-57.5, -67.5, -57.5, -57.5, -62.5, -57.5, -57.5]"
,174,Rock'n'Roll-Main Class Free Style,Final - Foot technique,5,8,sm,0.9,2.3,0.391304347826087,"[0.0, 0.0, 0.0, 0.0, -2.0, 0.0, -2.0]"
,174,Rock'n'Roll-Main Class Free Style,Final - Foot technique,5,8,bm,0.0,8.0,0.0,"[0.0, 0.0, 0.0, 0.0, 0.0, 0.0, 0.0]"
,174,Rock'n'Roll-Main Class Free Style,Final - Acrobatic,1,292,DF,0.81,2.3,0.35217391304347834,"[6.25, 5.625, 4.375, 4.375]"
,174,Rock'n'Roll-Main Class Free Style,Final - Acrobatic,1,292,CO,0.74,2.0,0.37,"[6.0, 5.0, 4.0, 4.5]"
,174,Rock'n'Roll-Main Class Free Style,Final - Acrobatic,1,292,FM,0.35,2.0,0.175,"[4.25, 3.75, 3.25, 3.75]"
,174,Rock'n'Roll-Main Class Free Style,Final - Acrobatic,1,292,FW,2.5,14.4,0.1736111111111111,"[-57.5, -57.5, -62.5, -62.5]"
,174,Rock'n'Roll-Main Class Free Style,Final - Acrobatic,1,292,sm,0.87,2.3,0.37826086956521743,"[-2.0, -2.0, 0.0, -2.0]"
,174,Rock'n'Roll-Main Class Free Style,Final - Acrobatic,1,292,bm,0.0,8.0,0.0,"[0.0, 0.0, 0.0, 0.0]"
,174,Rock'n'Roll-Main Class Free Style,Final - Acrobatic,2,8,DF,0.92,2.3,0.4,"[6.25, 4.375, 5.0, 3.75]"
,174,Rock'n'Roll-Main Class Free Style,Final - Acrobatic,2,8,CO,0.65,2.0,0.325,"[5.0, 3.5, 4.5, 3.5]"
,174,Rock'n'Roll-Main Class Free Style,Final - Acrobatic,2,8,FM,0.22,2.0,0.11,"[3.75, 3.25, 3.25, 3.25]"
,174,Rock'n'Roll-Main Class Free Style,Final - Acrobatic,2,8,FW,3.25,14.4,0.22569444444444445,"[-62.5, -55.0, -57.5, -62.5]"
,174,Rock'n'Roll-Main Class Free Style,Final - Acrobatic,2,8,sm,0.87,2.3,0.37826086956521743,"[0.0, 0.0, 0.0, -2.0]"
,174,Rock'n'Roll-Main Class Free Style,Final - Acrobatic,2,8,bm,0.0,8.0,0.0,"[0.0, 0.0, 0.0, 0.0]"
,174,Rock'n'Roll-Main Class Free Style,Final - Acrobatic,3,172,DF,0.68,2.3,0.29565217391304355,"[6.25, 5.0, 4.375, 5.0]"
,174,Rock'n'Roll-Main Class Free Style,Final - Acrobatic,3,172,CO,0.89,2.0,0.445,"[5.0, 5.0, 3.5, 6.0]"
,174,Rock'n'Roll-Main Class Free Style,Final - Acrobatic,3,172,FM,0.43,2.0,0.215,"[3.25, 4.25, 3.25, 3.25]"
,174,Rock'n'Roll-Main Class Free Style,Final - Acrobatic,3,172,FW,2.5,14.4,0.1736111111111111,"[-62.5, -57.5, -57.5, -62.5]"
,174,Rock'n'Roll-Main Class Free Style,Final - Acrobatic,3,172,sm,0.87,2.3,0.37826086956521743,"[0.0, 0.0, 0.0, -2.0]"
,174,Rock'n'Roll-Main Class Free Style,Final - Acrobatic,3,172,bm,0.0,8.0,0.0,"[0.0, 0.0, 0.0, 0.0]"
,174,Rock'n'Roll-Main Class Free Style,Final - Acrobatic,4,63,DF,1.02,2.3,0.44347826086956527,"[6.875, 4.375, 4.375, 5.0]"
,174,Rock'n'Roll-Main Class Free Style,Final - Acrobatic,4,63,CO,0.94,2.0,0.47,"[6.0, 4.0, 3.5, 4.5]"
,174,Rock'n'Roll-Main Class Free Style,Final - Acrobatic,4,63,FM,0.45,2.0,0.225,"[3.75, 2.5, 3.25, 3.25]"
,174,Rock'n'Roll-Main Class Free Style,Final - Acrobatic,4,63,FW,2.5,14.4,0.1736111111111111,"[-62.5, -62.5, -67.5, -67.5]"
,174,Rock'n'Roll-Main Class Free Style,Final - Acrobatic,4,63,sm,1.73,2.3,0.7521739130434784,"[0.0, 0.0, 0.0, -4.0]"
,174,Rock'n'Roll-Main Class Free Style,Final - Acrobatic,4,63,bm,0.0,8.0,0.0,"[0.0, 0.0, 0.0, 0.0]"
,174,Rock'n'Roll-Main Class Free Style,Final - Acrobatic,5,222,DF,0.81,2.3,0.35217391304347834,"[6.25, 6.25, 5.0, 4.375]"
,174,Rock'n'Roll-Main Class Free Style,Final - Acrobatic,5,222,CO,1.08,2.0,0.54,"[6.0, 5.0, 4.5, 3.0]"
,174,Rock'n'Roll-Main Class Free Style,Final - Acrobatic,5,222,FM,0.32,2.0,0.16,"[3.25, 3.25, 3.25, 2.5]"
,174,Rock'n'Roll-Main Class Free Style,Final - Acrobatic,5,222,FW,3.54,14.4,0.24583333333333332,"[-62.5, -57.5, -62.5, -67.5]"
,174,Rock'n'Roll-Main Class Free Style,Final - Acrobatic,5,222,sm,0.87,2.3,0.37826086956521743,"[0.0, 0.0, 0.0, -2.0]"
,174,Rock'n'Roll-Main Class Free Style,Final - Acrobatic,5,222,bm,0.0,8.0,0.0,"[0.0, 0.0, 0.0, 0.0]"
,174,Rock'n'Roll-Main Class Start,Final,1,323,Acro 1,4.71,12.0,0.3925,"[-15.0, -15.0, -25.0]"
,174,Rock'n'Roll-Main Class Start,Final,1,323,Acro 2,4.71,12.0,0.3925,"[-25.0, -25.0, -15.0]"
,174,Rock'n'Roll-Main Class Start,Final,1,323,Acro 3,11.79,12.0,0.9824999999999999,"[-35.0, -35.0, -10.0]"
,174,Rock'n'Roll-Main Class Start,Final,1,323,Acro 4,4.71,12.0,0.3925,"[-25.0, -25.0, -15.0]"
,174,Rock'n'Roll-Main Class Start,Final,1,323,Acro 5,9.43,12.0,0.7858333333333333,"[-15.0, -15.0, -35.0]"
,174,Rock'n'Roll-Main Class Start,Final,1,323,Acro 6,10.27,12.0,0.8558333333333333,"[-25.0, -50.0, -35.0]"
,174,Rock'n'Roll-Main Class Start,Final,2,286,Acro 1,10.27,12.0,0.8558333333333333,"[-50.0, -25.0, -35.0]"
,174,Rock'n'Roll-Main Class Start,Final,2,286,Acro 2,7.07,12.0,0.5891666666666667,"[-35.0, -50.0, -50.0]"
,174,Rock'n'Roll-Main Class Start,Final,2,286,Acro 3,11.79,12.0,0.9824999999999999,"[-100.0, -75.0, -75.0]"
,174,Rock'n'Roll-Main Class Start,Final,2,286,Acro 4,0.0,12.0,0.0,"[-50.0, -50.0, -50.0]"
,174,Rock'n'Roll-Main Class Start,Final,2,286,Acro 5,0.0,12.0,0.0,"[-35.0, -35.0, -35.0]"
,174,Rock'n'Roll-Main Class Start,Final,2,286,Acro 6,11.79,12.0,0.9824999999999999,"[-75.0, -50.0, -50.0]"
,174,Rock'n'Roll-Main Class Start,Final,3,142,Acro 1,4.71,12.0,0.3925,"[-25.0, -25.0, -15.0]"
,174,Rock'n'Roll-Main Class Start,Final,3,142,Acro 2,2.36,12.0,0.19666666666666666,"[-15.0, -15.0, -10.0]"
,174,Rock'n'Roll-Main Class Start,Final,3,142,Acro 3,4.71,12.0,0.3925,"[-15.0, -15.0, -5.0]"
,174,Rock'n'Roll-Main Class Start,Final,3,142,Acro 4,4.71,12.0,0.3925,"[-15.0, -15.0, -5.0]"
,174,Rock'n'Roll-Main Class Start,Final,3,142,Acro 5,8.16,12.0,0.68,"[-25.0, -15.0, -5.0]"
,174,Rock'n'Roll-Main Class Start,Final,3,142,Acro 6,2.36,12.0,0.19666666666666666,"[-15.0, -15.0, -10.0]"
,174,Rock'n'Roll-Main Class Start,Final,4,118,Acro 1,0.0,12.0,0.0,"[-25.0, -25.0, -25.0]"
,174,Rock'n'Roll-Main Class Start,Final,4,118,Acro 2,6.24,12.0,0.52,"[-15.0, -25.0, -10.0]"
,174,Rock'n'Roll-Main Class Start,Final,4,118,Acro 3,4.71,12.0,0.3925,"[-25.0, -25.0, -15.0]"
,174,Rock'n'Roll-Main Class Start,Final,4,118,Acro 4,4.71,12.0,0.3925,"[-25.0, -35.0, -25.0]"
,174,Rock'n'Roll-Main Class Start,Final,4,118,Acro 5,4.71,12.0,0.3925,"[-25.0, -35.0, -35.0]"
,174,Rock'n'Roll-Main Class Start,Final,4,118,Acro 6,9.43,12.0,0.7858333333333333,"[-35.0, -35.0, -15.0]"
,174,Rock'n'Roll-Main Class Start,Final,5,226,Acro 1,2.36,12.0,0.19666666666666666,"[-10.0, -10.0, -15.0]"
,174,Rock'n'Roll-Main Class Start,Final,5,226,Acro 2,4.71,12.0,0.3925,"[-15.0, -15.0, -5.0]"
,174,Rock'n'Roll-Main Class Start,Final,5,226,Acro 3,2.36,12.0,0.19666666666666666,"[-15.0, -15.0, -10.0]"
,174,Rock'n'Roll-Main Class Start,Final,5,226,Acro 4,4.71,12.0,0.3925,"[-15.0, -25.0, -15.0]"
,174,Rock'n'Roll-Main Class Start,Final,5,226,Acro 5,0.0,12.0,0.0,"[-15.0, -15.0, -15.0]"
,174,Rock'n'Roll-Main Class Start,Final,5,226,Acro 6,4.71,12.0,0.3925,"[-25.0, -25.0, -15.0]"
,174,Rock'n'Roll-Main Class Contact Style,First round,1,430,Acro 1,2.36,12.0,0.19666666666666666,"[-10.0, -10.0, -15.0]"
,174,Rock'n'Roll-Main Class Contact Style,First round,1,430,Acro 2,2.36,12.0,0.19666666666666666,"[-5.0, -10.0, -10.0]"
,174,Rock'n'Roll-Main Class Contact Style,First round,1,430,Acro 3,2.36,12.0,0.19666666666666666,"[-10.0, -15.0, -10.0]"
,174,Rock'n'Roll-Main Class Contact Style,First round,1,430,Acro 4,2.36,12.0,0.19666666666666666,"[-10.0, -15.0, -10.0]"
,174,Rock'n'Roll-Main Class Contact Style,First round,1,430,Acro 5,2.36,12.0,0.19666666666666666,"[-15.0, -10.0, -15.0]"
,174,Rock'n'Roll-Main Class Contact Style,First round,1,430,Acro 6,0.0,12.0,0.0,"[-1.0, -1.0, -1.0]"
,174,Rock'n'Roll-Main Class Contact Style,First round,1,179,Acro 1,4.08,12.0,0.34,"[0.0, -10.0, -5.0]"
,174,Rock'n'Roll-Main Class Contact Style,First round,1,179,Acro 2,2.36,12.0,0.19666666666666666,"[-5.0, -5.0, -10.0]"
,174,Rock'n'Roll-Main Class Contact Style,First round,1,179,Acro 3,0.0,12.0,0.0,"[-10.0, -10.0, -10.0]"
,174,Rock'n'Roll-Main Class Contact Style,First round,1,179,Acro 4,7.07,12.0,0.5891666666666667,"[-25.0, -10.0, -25.0]"
,174,Rock'n'Roll-Main Class Contact Style,First round,1,179,Acro 5,2.36,12.0,0.19666666666666666,"[-5.0, -10.0, -10.0]"
,174,Rock'n'Roll-Main Class Contact Style,First round,1,179,Acro 6,0.0,12.0,0.0,"[-1.0, -1.0, -1.0]"
,174,Rock'n'Roll-Main Class Contact Style,First round,2,28,Acro 1,4.71,12.0,0.3925,"[-15.0, -25.0, -25.0]"
,174,Rock'n'Roll-Main Class Contact Style,First round,2,28,Acro 2,2.36,12.0,0.19666666666666666,"[-10.0, -15.0, -15.0]"
,174,Rock'n'Roll-Main Class Contact Style,First round,2,28,Acro 3,10.27,12.0,0.8558333333333333,"[-35.0, -50.0, -25.0]"
,174,Rock'n'Roll-Main Class Contact Style,First round,2,28,Acro 4,10.27,12.0,0.8558333333333333,"[-10.0, -25.0, -35.0]"
,174,Rock'n'Roll-Main Class Contact Style,First round,2,28,Acro 5,7.07,12.0,0.5891666666666667,"[-10.0, -25.0, -10.0]"
,174,Rock'n'Roll-Main Class Contact Style,First round,2,28,Acro 6,0.0,12.0,0.0,"[-1.0, -1.0, -1.0]"
,174,Rock'n'Roll-Main Class Contact Style,First round,2,283,Acro 1,11.79,12.0,0.9824999999999999,"[-25.0, -50.0, -25.0]"
,174,Rock'n'Roll-Main Class Contact Style,First round,2,283,Acro 2,4.71,12.0,0.3925,"[-35.0, -25.0, -25.0]"
,174,Rock'n'Roll-Main Class Contact Style,First round,2,283,Acro 3,2.36,12.0,0.19666666666666666,"[-10.0, -15.0, -15.0]"
,174,Rock'n'Roll-Main Class Contact Style,First round,2,283,Acro 4,4.71,12.0,0.3925,"[-25.0, -25.0, -35.0]"
,174,Rock'n'Roll-Main Class Contact Style,First round,2,283,Acro 5,11.79,12.0,0.9824999999999999,"[-10.0, -35.0, -10.0]"
,174,Rock'n'Roll-Main Class Contact Style,First round,2,283,Acro 6,0.0,12.0,0.0,"[-1.0, -1.0, -1.0]"
,174,Rock'n'Roll-Main Class Contact Style,First round,3,236,Acro 1,6.24,12.0,0.52,"[-10.0, -15.0, -25.0]"
,174,Rock'n'Roll-Main Class Contact Style,First round,3,236,Acro 2,6.24,12.0,0.52,"[-15.0, -25.0, -10.0]"
,174,Rock'n'Roll-Main Class Contact Style,First round,3,236,Acro 3,2.36,12.0,0.19666666666666666,"[-15.0, -15.0, -10.0]"
,174,Rock'n'Roll-Main Class Contact Style,First round,3,236,Acro 4,4.71,12.0,0.3925,"[-35.0, -35.0, -25.0]"
,174,Rock'n'Roll-Main Class Contact Style,First round,3,236,Acro 5,4.71,12.0,0.3925,"[-35.0, -25.0, -25.0]"
,174,Rock'n'Roll-Main Class Contact Style,First round,3,236,Acro 6,0.0,12.0,0.0,"[-1.0, -1.0, -1.0]"
,174,Rock'n'Roll-Main Class Contact Style,First round,3,494,Acro 1,0.0,12.0,0.0,"[-35.0, -35.0, -35.0]"
,174,Rock'n'Roll-Main Class Contact Style,First round,3,494,Acro 2,0.0,12.0,0.0,"[-10.0, -10.0, -10.0]"
,174,Rock'n'Roll-Main Class Contact Style,First round,3,494,Acro 3,7.07,12.0,0.5891666666666667,"[-25.0, -10.0, -10.0]"
,174,Rock'n'Roll-Main Class Contact Style,First round,3,494,Acro 4,0.0,12.0,0.0,"[-10.0, -10.0, -10.0]"
,174,Rock'n'Roll-Main Class Contact Style,First round,3,494,Acro 5,2.36,12.0,0.19666666666666666,"[-10.0, -15.0, -10.0]"
,174,Rock'n'Roll-Main Class Contact Style,First round,3,494,Acro 6,0.0,12.0,0.0,"[-1.0, -1.0, -1.0]"
,174,Rock'n'Roll-Main Class Contact Style,First round,4,495,Acro 1,0.0,12.0,0.0,"[-10.0, -10.0, -10.0]"
,174,Rock'n'Roll-Main Class Contact Style,First round,4,495,Acro 2,2.36,12.0,0.19666666666666666,"[-15.0, -10.0, -10.0]"
,174,Rock'n'Roll-Main Class Contact Style,First round,4,495,Acro 3,2.36,12.0,0.19666666666666666,"[-5.0, -5.0, 0.0]"
,174,Rock'n'Roll-Main Class Contact Style,First round,4,495,Acro 4,7.07,12.0,0.5891666666666667,"[-50.0, -50.0, -35.0]"
,174,Rock'n'Roll-Main Class Contact Style,First round,4,495,Acro 5,7.07,12.0,0.5891666666666667,"[-10.0, -25.0, -25.0]"
,174,Rock'n'Roll-Main Class Contact Style,First round,4,495,Acro 6,0.0,12.0,0.0,"[-1.0, -1.0, -1.0]"
,174,Rock'n'Roll-Main Class Contact Style,Final - Acrobatic,1,179,Acro 1,4.71,12.0,0.3925,"[-10.0, -10.0, 0.0]"
,174,Rock'n'Roll-Main Class Contact Style,Final - Acrobatic,1,179,Acro 2,2.36,12.0,0.19666666666666666,"[-5.0, -10.0, -10.0]"
,174,Rock'n'Roll-Main Class Contact Style,Final - Acrobatic,1,179,Acro 3,2.36,12.0,0.19666666666666666,"[-5.0, -10.0, -10.0]"
,174,Rock'n'Roll-Main Class Contact Style,Final - Acrobatic,1,179,Acro 4,2.36,12.0,0.19666666666666666,"[-10.0, -10.0, -15.0]"
,174,Rock'n'Roll-Main Class Contact Style,Final - Acrobatic,1,179,Acro 5,6.24,12.0,0.52,"[-25.0, -15.0, -10.0]"
,174,Rock'n'Roll-Main Class Contact Style,Final - Acrobatic,1,179,Acro 6,4.08,12.0,0.34,"[0.0, -5.0, -10.0]"
,174,Rock'n'Roll-Main Class Contact Style,Final - Acrobatic,2,28,Acro 1,6.24,12.0,0.52,"[0.0, -15.0, -10.0]"
,174,Rock'n'Roll-Main Class Contact Style,Final - Acrobatic,2,28,Acro 2,8.5,12.0,0.7083333333333334,"[-5.0, -10.0, -25.0]"
,174,Rock'n'Roll-Main Class Contact Style,Final - Acrobatic,2,28,Acro 3,4.71,12.0,0.3925,"[-25.0, -15.0, -15.0]"
,174,Rock'n'Roll-Main Class Contact Style,Final - Acrobatic,2,28,Acro 4,10.27,12.0,0.8558333333333333,"[-25.0, -50.0, -35.0]"
,174,Rock'n'Roll-Main Class Contact Style,Final - Acrobatic,2,28,Acro 5,4.71,12.0,0.3925,"[-15.0, -25.0, -25.0]"
,174,Rock'n'Roll-Main Class Contact Style,Final - Acrobatic,2,28,Acro 6,2.36,12.0,0.19666666666666666,"[-10.0, -15.0, -15.0]"
,174,Rock'n'Roll-Main Class Contact Style,Final - Acrobatic,3,494,Acro 1,7.07,12.0,0.5891666666666667,"[-15.0, -15.0, 0.0]"
,174,Rock'n'Roll-Main Class Contact Style,Final - Acrobatic,3,494,Acro 2,7.07,12.0,0.5891666666666667,"[-25.0, -10.0, -10.0]"
,174,Rock'n'Roll-Main Class Contact Style,Final - Acrobatic,3,494,Acro 3,4.71,12.0,0.3925,"[-15.0, -15.0, -25.0]"
,174,Rock'n'Roll-Main Class Contact Style,Final - Acrobatic,3,494,Acro 4,2.36,12.0,0.19666666666666666,"[-5.0, -10.0, -10.0]"
,174,Rock'n'Roll-Main Class Contact Style,Final - Acrobatic,3,494,Acro 5,2.36,12.0,0.19666666666666666,"[-10.0, -15.0, -10.0]"
,174,Rock'n'Roll-Main Class Contact Style,Final - Acrobatic,3,494,Acro 6,2.36,12.0,0.19666666666666666,"[-5.0, -10.0, -10.0]"
,174,Rock'n'Roll-Main Class Contact Style,Final - Acrobatic,4,430,Acro 1,7.07,12.0,0.5891666666666667,"[-10.0, -25.0, -10.0]"
,174,Rock'n'Roll-Main Class Contact Style,Final - Acrobatic,4,430,Acro 2,2.36,12.0,0.19666666666666666,"[-5.0, -10.0, -10.0]"
,174,Rock'n'Roll-Main Class Contact Style,Final - Acrobatic,4,430,Acro 3,4.71,12.0,0.3925,"[0.0, -10.0, 0.0]"
,174,Rock'n'Roll-Main Class Contact Style,Final - Acrobatic,4,430,Acro 4,2.36,12.0,0.19666666666666666,"[-15.0, -10.0, -10.0]"
,174,Rock'n'Roll-Main Class Contact Style,Final - Acrobatic,4,430,Acro 5,7.07,12.0,0.5891666666666667,"[-10.0, -25.0, -10.0]"
,174,Rock'n'Roll-Main Class Contact Style,Final - Acrobatic,4,430,Acro 6,4.71,12.0,0.3925,"[-25.0, -35.0, -35.0]"
,174,Rock'n'Roll-Main Class Contact Style,Final - Acrobatic,5,283,Acro 1,6.24,12.0,0.52,"[-25.0, -15.0, -10.0]"
,174,Rock'n'Roll-Main Class Contact Style,Final - Acrobatic,5,283,Acro 2,2.36,12.0,0.19666666666666666,"[-10.0, -15.0, -10.0]"
,174,Rock'n'Roll-Main Class Contact Style,Final - Acrobatic,5,283,Acro 3,4.71,12.0,0.3925,"[-35.0, -25.0, -35.0]"
,174,Rock'n'Roll-Main Class Contact Style,Final - Acrobatic,5,283,Acro 4,6.24,12.0,0.52,"[-10.0, -25.0, -15.0]"
,174,Rock'n'Roll-Main Class Contact Style,Final - Acrobatic,5,283,Acro 5,10.8,12.0,0.9,"[-10.0, -35.0, -15.0]"
yes,174,Rock'n'Roll-Main Class Contact Style,Final - Acrobatic,5,283,Acro 6,16.5,12.0,1.375,"[-10.0, -50.0, -25.0]"
,174,Rock'n'Roll-Main Class Contact Style,Final - Acrobatic,6,495,Acro 1,4.08,12.0,0.34,"[-5.0, -10.0, 0.0]"
,174,Rock'n'Roll-Main Class Contact Style,Final - Acrobatic,6,495,Acro 2,0.0,12.0,0.0,"[-10.0, -10.0, -10.0]"
,174,Rock'n'Roll-Main Class Contact Style,Final - Acrobatic,6,495,Acro 3,2.36,12.0,0.19666666666666666,"[-15.0, -10.0, -10.0]"
,174,Rock'n'Roll-Main Class Contact Style,Final - Acrobatic,6,495,Acro 4,4.71,12.0,0.3925,"[0.0, -10.0, -10.0]"
,174,Rock'n'Roll-Main Class Contact Style,Final - Acrobatic,6,495,Acro 5,7.07,12.0,0.5891666666666667,"[-10.0, -25.0, -10.0]"
,174,Rock'n'Roll-Main Class Contact Style,Final - Acrobatic,6,495,Acro 6,6.24,12.0,0.52,"[-10.0, -15.0, -25.0]"
,174,Rock'n'Roll-Main Class Free Style,Final - Acrobatic,1,292,Acro 1,11.79,12.0,0.9824999999999999,"[-50.0, -25.0, -50.0]"
,174,Rock'n'Roll-Main Class Free Style,Final - Acrobatic,1,292,Acro 2,4.71,12.0,0.3925,"[-15.0, -15.0, -25.0]"
,174,Rock'n'Roll-Main Class Free Style,Final - Acrobatic,1,292,Acro 3,4.71,12.0,0.3925,"[-25.0, -25.0, -15.0]"
,174,Rock'n'Roll-Main Class Free Style,Final - Acrobatic,1,292,Acro 4,2.36,12.0,0.19666666666666666,"[-10.0, -10.0, -15.0]"
,174,Rock'n'Roll-Main Class Free Style,Final - Acrobatic,1,292,Acro 5,4.71,12.0,0.3925,"[-35.0, -25.0, -25.0]"
,174,Rock'n'Roll-Main Class Free Style,Final - Acrobatic,1,292,Acro 6,2.36,12.0,0.19666666666666666,"[-15.0, -10.0, -15.0]"
,174,Rock'n'Roll-Main Class Free Style,Final - Acrobatic,2,8,Acro 1,4.71,12.0,0.3925,"[-25.0, -15.0, -15.0]"
,174,Rock'n'Roll-Main Class Free Style,Final - Acrobatic,2,8,Acro 2,0.0,12.0,0.0,"[-50.0, -50.0, -50.0]"
,174,Rock'n'Roll-Main Class Free Style,Final - Acrobatic,2,8,Acro 3,0.0,12.0,0.0,"[-35.0, -35.0, -35.0]"
,174,Rock'n'Roll-Main Class Free Style,Final - Acrobatic,2,8,Acro 4,4.71,12.0,0.3925,"[-25.0, -25.0, -35.0]"
,174,Rock'n'Roll-Main Class Free Style,Final - Acrobatic,2,8,Acro 5,2.36,12.0,0.19666666666666666,"[-15.0, -15.0, -10.0]"
,174,Rock'n'Roll-Main Class Free Style,Final - Acrobatic,2,8,Acro 6,11.79,12.0,0.9824999999999999,"[-75.0, -75.0, -50.0]"
,174,Rock'n'Roll-Main Class Free Style,Final - Acrobatic,3,172,Acro 1,0.0,12.0,0.0,"[-35.0, -35.0, -35.0]"
,174,Rock'n'Roll-Main Class Free Style,Final - Acrobatic,3,172,Acro 2,4.71,12.0,0.3925,"[-25.0, -25.0, -35.0]"
,174,Rock'n'Roll-Main Class Free Style,Final - Acrobatic,3,172,Acro 3,7.07,12.0,0.5891666666666667,"[-50.0, -35.0, -50.0]"
,174,Rock'n'Roll-Main Class Free Style,Final - Acrobatic,3,172,Acro 4,0.0,12.0,0.0,"[-35.0, -35.0, -35.0]"
,174,Rock'n'Roll-Main Class Free Style,Final - Acrobatic,3,172,Acro 5,4.71,12.0,0.3925,"[-25.0, -25.0, -15.0]"
,174,Rock'n'Roll-Main Class Free Style,Final - Acrobatic,3,172,Acro 6,4.71,12.0,0.3925,"[-15.0, -25.0, -25.0]"
,174,Rock'n'Roll-Main Class Free Style,Final - Acrobatic,4,63,Acro 1,4.08,12.0,0.34,"[-5.0, -10.0, -15.0]"
,174,Rock'n'Roll-Main Class Free Style,Final - Acrobatic,4,63,Acro 2,4.71,12.0,0.3925,"[-15.0, -25.0, -15.0]"
,174,Rock'n'Roll-Main Class Free Style,Final - Acrobatic,4,63,Acro 3,0.0,12.0,0.0,"[-25.0, -25.0, -25.0]"
,174,Rock'n'Roll-Main Class Free Style,Final - Acrobatic,4,63,Acro 4,6.24,12.0,0.52,"[-10.0, -25.0, -15.0]"
,174,Rock'n'Roll-Main Class Free Style,Final - Acrobatic,4,63,Acro 5,4.71,12.0,0.3925,"[-25.0, -15.0, -15.0]"
,174,Rock'n'Roll-Main Class Free Style,Final - Acrobatic,4,63,Acro 6,2.36,12.0,0.19666666666666666,"[-10.0, -5.0, -10.0]"
,174,Rock'n'Roll-Main Class Free Style,Final - Acrobatic,5,222,Acro 1,4.71,12.0,0.3925,"[-15.0, -15.0, -25.0]"
,174,Rock'n'Roll-Main Class Free Style,Final - Acrobatic,5,222,Acro 2,2.36,12.0,0.19666666666666666,"[-10.0, -10.0, -5.0]"
,174,Rock'n'Roll-Main Class Free Style,Final - Acrobatic,5,222,Acro 3,0.0,12.0,0.0,"[-35.0, -35.0, -35.0]"
,174,Rock'n'Roll-Main Class Free Style,Final - Acrobatic,5,222,Acro 4,2.36,12.0,0.19666666666666666,"[-10.0, -15.0, -15.0]"
,174,Rock'n'Roll-Main Class Free Style,Final - Acrobatic,5,222,Acro 5,4.71,12.0,0.3925,"[-25.0, -25.0, -35.0]"
,174,Rock'n'Roll-Main Class Free Style,Final - Acrobatic,5,222,Acro 6,0.0,12.0,0.0,"[-25.0, -25.0, -25.0]"
