rt_id,Judge,Type,Category,Round,Heat,Stn,stanica,FW,FM,DF,CO,sm,bm,turnir,krit,val1,val2,val3,Acro 1,Acro 2,Acro 3,Acro 4,Acro 5,Acro 6,Acro 7,Acro 8
2003,A,,Rock'n'Roll-Beginners,First round,1,277,1,-35,6.5,7.5,9,0,0,167,DF,1.5,1.5,0,0,0,0,0,0,0,-1,-1
2003,A,,Rock'n'Roll-Beginners,First round,1,290,1,-25,7.5,13.75,12,0,0,167,CO,2,2,2,0,0,0,0,0,0,-1,-1
2003,A,,Rock'n'Roll-Beginners,First round,1,290,1,-25,7.5,13.75,12,0,0,167,DF,1.5,2,2,0,0,0,0,0,0,-1,-1
2003,A,,Rock'n'Roll-Beginners,First round,1,277,1,-35,6.5,7.5,9,0,0,167,CO,1.5,1.5,1.5,0,0,0,0,0,0,-1,-1
2003,A,,Rock'n'Roll-Beginners,First round,2,293,1,-25,5,10,8,0,0,167,DF,1.5,1,1.5,0,0,0,0,0,0,-1,-1
2003,A,,Rock'n'Roll-Beginners,First round,2,114,1,-25,7.5,15,10,0,0,167,CO,1.5,1.5,2,0,0,0,0,0,0,-1,-1
2003,A,,Rock'n'Roll-Beginners,First round,2,114,1,-25,7.5,15,10,0,0,167,DF,2,2,2,0,0,0,0,0,0,-1,-1
2003,A,,Rock'n'Roll-Beginners,First round,2,293,1,-25,5,10,8,0,0,167,CO,1,1.5,1.5,0,0,0,0,0,0,-1,-1
2003,A,,Rock'n'Roll-Beginners,First round,3,289,1,-25,7.5,10,11,0,0,167,DF,1.5,1,1.5,0,0,0,0,0,0,-1,-1
2003,A,,Rock'n'Roll-Beginners,First round,3,289,1,-25,7.5,10,11,0,0,167,CO,2,2,1.5,0,0,0,0,0,0,-1,-1
2003,A,,Rock'n'Roll-Beginners,First round,3,279,1,-35,5,11.25,9,0,0,167,CO,1.5,1.5,1.5,0,0,0,0,0,0,-1,-1
2003,A,,Rock'n'Roll-Beginners,First round,3,279,1,-35,5,11.25,9,0,0,167,DF,1.5,1.5,1.5,0,0,0,0,0,0,-1,-1
2003,A,,Rock'n'Roll-Beginners,First round,4,350,1,-35,6.5,11.25,10,0,0,167,CO,2,1.5,1.5,0,0,0,0,0,0,-1,-1
2003,A,,Rock'n'Roll-Beginners,First round,4,350,1,-35,6.5,11.25,10,0,0,167,DF,1.5,1.5,1.5,0,0,0,0,0,0,-1,-1
2003,B,,Rock'n'Roll-Beginners,First round,1,290,2,-35,5,8.75,7,0,0,167,DF,1,1,1.5,0,0,0,0,0,0,-1,-1
2003,B,,Rock'n'Roll-Beginners,First round,1,290,2,-35,5,8.75,7,0,0,167,CO,1.5,1,1,0,0,0,0,0,0,-1,-1
2003,B,,Rock'n'Roll-Beginners,First round,1,277,2,-35,5,7.5,6,0,0,167,DF,1,1,1,0,0,0,0,0,0,-1,-1
2003,B,,Rock'n'Roll-Beginners,First round,1,277,2,-35,5,7.5,6,0,0,167,CO,1,1,1,0,0,0,0,0,0,-1,-1
2003,B,,Rock'n'Roll-Beginners,First round,2,114,2,-25,7.5,10,8,-2,0,167,DF,1.5,1.5,1,0,0,0,0,0,0,-1,-1
2003,B,,Rock'n'Roll-Beginners,First round,2,293,2,-25,6.5,11.25,9,0,0,167,CO,1.5,1.5,1.5,0,0,0,0,0,0,-1,-1
2003,B,,Rock'n'Roll-Beginners,First round,2,293,2,-25,6.5,11.25,9,0,0,167,DF,1.5,1.5,1.5,0,0,0,0,0,0,-1,-1
2003,B,,Rock'n'Roll-Beginners,First round,2,114,2,-25,7.5,10,8,-2,0,167,CO,1,1.5,1.5,0,0,0,0,0,0,-1,-1
2003,B,,Rock'n'Roll-Beginners,First round,3,289,2,-25,6.5,11.25,10,0,0,167,CO,1.5,1.5,2,0,0,0,0,0,0,-1,-1
2003,B,,Rock'n'Roll-Beginners,First round,3,289,2,-25,6.5,11.25,10,0,0,167,DF,1.5,1.5,1.5,0,0,0,0,0,0,-1,-1
2003,B,,Rock'n'Roll-Beginners,First round,3,279,2,-35,6.5,8.75,8,0,0,167,DF,1,1,1.5,0,0,0,0,0,0,-1,-1
2003,B,,Rock'n'Roll-Beginners,First round,3,279,2,-35,6.5,8.75,8,0,0,167,CO,1,1.5,1.5,0,0,0,0,0,0,-1,-1
2003,B,,Rock'n'Roll-Beginners,First round,4,350,2,-35,6.5,8.75,8,0,0,167,DF,1,1,1.5,0,0,0,0,0,0,-1,-1
2003,B,,Rock'n'Roll-Beginners,First round,4,350,2,-35,6.5,8.75,8,0,0,167,CO,1.5,1.5,1,0,0,0,0,0,0,-1,-1
2003,C,,Rock'n'Roll-Beginners,First round,1,277,3,-75,5,7.5,6,0,0,167,CO,1,1,1,0,0,0,0,0,0,-1,-1
2003,C,,Rock'n'Roll-Beginners,First round,1,277,3,-75,5,7.5,6,0,0,167,DF,1,1,1,0,0,0,0,0,0,-1,-1
2003,C,,Rock'n'Roll-Beginners,First round,1,290,3,-35,6.5,8.75,6,0,0,167,CO,1,1,1,0,0,0,0,0,0,-1,-1
2003,C,,Rock'n'Roll-Beginners,First round,1,290,3,-35,6.5,8.75,6,0,0,167,DF,1,1,1.5,0,0,0,0,0,0,-1,-1
2003,C,,Rock'n'Roll-Beginners,First round,2,114,3,-50,5,7.5,5,0,0,167,CO,1,0.5,1,0,0,0,0,0,0,-1,-1
2003,C,,Rock'n'Roll-Beginners,First round,2,293,3,-25,5,8.75,6,0,0,167,DF,1,1,1.5,0,0,0,0,0,0,-1,-1
2003,C,,Rock'n'Roll-Beginners,First round,2,114,3,-50,5,7.5,5,0,0,167,DF,1,1,1,0,0,0,0,0,0,-1,-1
2003,C,,Rock'n'Roll-Beginners,First round,2,293,3,-25,5,8.75,6,0,0,167,CO,1,1,1,0,0,0,0,0,0,-1,-1
2003,C,,Rock'n'Roll-Beginners,First round,3,279,3,-50,6.5,6.25,5,0,0,167,CO,1,0.5,1,0,0,0,0,0,0,-1,-1
2003,C,,Rock'n'Roll-Beginners,First round,3,279,3,-50,6.5,6.25,5,0,0,167,DF,0.5,1,1,0,0,0,0,0,0,-1,-1
2003,C,,Rock'n'Roll-Beginners,First round,3,289,3,-35,6.5,7.5,6,0,0,167,CO,1,1,1,0,0,0,0,0,0,-1,-1
2003,C,,Rock'n'Roll-Beginners,First round,3,289,3,-35,6.5,7.5,6,0,0,167,DF,0.5,1.5,1,0,0,0,0,0,0,-1,-1
2003,C,,Rock'n'Roll-Beginners,First round,4,350,3,-50,2.5,8.75,6,0,0,167,CO,1,1,1,0,0,0,0,0,0,-1,-1
2003,C,,Rock'n'Roll-Beginners,First round,4,350,3,-50,2.5,8.75,6,0,0,167,DF,0.5,1.5,1.5,0,0,0,0,0,0,-1,-1
2003,E,,Rock'n'Roll-Beginners,First round,1,277,4,-75,2.5,8.75,7,0,0,167,CO,1.5,1,1,0,0,0,0,0,0,-1,-1
2003,E,,Rock'n'Roll-Beginners,First round,1,290,4,-50,5,10,8,0,0,167,DF,1.5,1.5,1,0,0,0,0,0,0,-1,-1
2003,E,,Rock'n'Roll-Beginners,First round,1,277,4,-75,2.5,8.75,7,0,0,167,DF,1.5,0.5,1.5,0,0,0,0,0,0,-1,-1
2003,E,,Rock'n'Roll-Beginners,First round,1,290,4,-50,5,10,8,0,0,167,CO,1.5,1,1.5,0,0,0,0,0,0,-1,-1
2003,E,,Rock'n'Roll-Beginners,First round,2,293,4,-35,5,11.25,8,0,0,167,DF,1.5,1.5,1.5,0,0,0,0,0,0,-1,-1
2003,E,,Rock'n'Roll-Beginners,First round,2,114,4,-50,2.5,10,7,-4,0,167,CO,1.5,1,1,0,0,0,0,0,0,-1,-1
2003,E,,Rock'n'Roll-Beginners,First round,2,114,4,-50,2.5,10,7,-4,0,167,DF,1.5,1,1.5,0,0,0,0,0,0,-1,-1
2003,E,,Rock'n'Roll-Beginners,First round,2,293,4,-35,5,11.25,8,0,0,167,CO,2,1,1,0,0,0,0,0,0,-1,-1
2003,E,,Rock'n'Roll-Beginners,First round,3,289,4,-35,6.5,12.5,10,-2,0,167,DF,1.5,2,1.5,0,0,0,0,0,0,-1,-1
2003,E,,Rock'n'Roll-Beginners,First round,3,289,4,-35,6.5,12.5,10,-2,0,167,CO,1.5,2,1.5,0,0,0,0,0,0,-1,-1
2003,E,,Rock'n'Roll-Beginners,First round,3,279,4,-75,5,8.75,6,0,0,167,CO,1,1,1,0,0,0,0,0,0,-1,-1
2003,E,,Rock'n'Roll-Beginners,First round,3,279,4,-75,5,8.75,6,0,0,167,DF,1,1.5,1,0,0,0,0,0,0,-1,-1
2003,E,,Rock'n'Roll-Beginners,First round,4,350,4,-35,5,7.5,8,0,0,167,CO,1,1.5,1.5,0,0,0,0,0,0,-1,-1
2003,E,,Rock'n'Roll-Beginners,First round,4,350,4,-35,5,7.5,8,0,0,167,DF,0.5,1.5,1,0,0,0,0,0,0,-1,-1
2003,F,,Rock'n'Roll-Beginners,First round,1,277,5,-75,2.5,8.75,6,0,0,167,CO,1,1,1,0,0,0,0,0,0,-1,-1
2003,F,,Rock'n'Roll-Beginners,First round,1,277,5,-75,2.5,8.75,6,0,0,167,DF,1.5,1,1,0,0,0,0,0,0,-1,-1
2003,F,,Rock'n'Roll-Beginners,First round,1,290,5,-35,6.5,15,9,0,0,167,CO,1.5,1.5,1.5,0,0,0,0,0,0,-1,-1
2003,F,,Rock'n'Roll-Beginners,First round,1,290,5,-35,6.5,15,9,0,0,167,DF,2,2,2,0,0,0,0,0,0,-1,-1
2003,F,,Rock'n'Roll-Beginners,First round,2,114,5,-50,2.5,7.5,7,-2,0,167,CO,1,1.5,1,0,0,0,0,0,0,-1,-1
2003,F,,Rock'n'Roll-Beginners,First round,2,114,5,-50,2.5,7.5,7,-2,0,167,DF,1,1,1,0,0,0,0,0,0,-1,-1
2003,F,,Rock'n'Roll-Beginners,First round,2,293,5,-15,7.5,13.75,9,0,0,167,CO,1.5,1.5,1.5,0,0,0,0,0,0,-1,-1
2003,F,,Rock'n'Roll-Beginners,First round,2,293,5,-15,7.5,13.75,9,0,0,167,DF,1.5,2,2,0,0,0,0,0,0,-1,-1
2003,F,,Rock'n'Roll-Beginners,First round,3,289,5,-15,7.5,15,10,0,0,167,CO,1.5,2,1.5,0,0,0,0,0,0,-1,-1
2003,F,,Rock'n'Roll-Beginners,First round,3,289,5,-15,7.5,15,10,0,0,167,DF,2,2,2,0,0,0,0,0,0,-1,-1
2003,F,,Rock'n'Roll-Beginners,First round,3,279,5,-50,5,7.5,7,0,0,167,CO,1,1,1.5,0,0,0,0,0,0,-1,-1
2003,F,,Rock'n'Roll-Beginners,First round,3,279,5,-50,5,7.5,7,0,0,167,DF,1,1,1,0,0,0,0,0,0,-1,-1
2003,F,,Rock'n'Roll-Beginners,First round,4,350,5,-35,5,10,10,0,0,167,CO,1.5,2,1.5,0,0,0,0,0,0,-1,-1
2003,F,,Rock'n'Roll-Beginners,First round,4,350,5,-35,5,10,10,0,0,167,DF,1,1.5,1.5,0,0,0,0,0,0,-1,-1
2003,G,,Rock'n'Roll-Beginners,First round,1,277,6,-50,5,6.25,3,0,0,167,CO,0.5,0.5,0.5,0,0,0,0,0,0,-1,-1
2003,G,,Rock'n'Roll-Beginners,First round,1,277,6,-50,5,6.25,3,0,0,167,DF,0.5,1,1,0,0,0,0,0,0,-1,-1
2003,G,,Rock'n'Roll-Beginners,First round,1,290,6,-50,2.5,2.5,2,0,0,167,CO,0,0.5,0.5,0,0,0,0,0,0,-1,-1
2003,G,,Rock'n'Roll-Beginners,First round,1,290,6,-50,2.5,2.5,2,0,0,167,DF,0,0.5,0.5,0,0,0,0,0,0,-1,-1
2003,G,,Rock'n'Roll-Beginners,First round,2,114,6,-35,5,10,7,0,0,167,CO,1,1,1.5,0,0,0,0,0,0,-1,-1
2003,G,,Rock'n'Roll-Beginners,First round,2,114,6,-35,5,10,7,0,0,167,DF,1,1.5,1.5,0,0,0,0,0,0,-1,-1
2003,G,,Rock'n'Roll-Beginners,First round,2,293,6,-15,6.5,13.75,9,0,0,167,CO,1.5,1.5,1.5,0,0,0,0,0,0,-1,-1
2003,G,,Rock'n'Roll-Beginners,First round,2,293,6,-15,6.5,13.75,9,0,0,167,DF,2,2,1.5,0,0,0,0,0,0,-1,-1
2003,G,,Rock'n'Roll-Beginners,First round,3,289,6,-15,9,11.25,8,0,0,167,CO,1.5,1,1.5,0,0,0,0,0,0,-1,-1
2003,G,,Rock'n'Roll-Beginners,First round,3,289,6,-15,9,11.25,8,0,0,167,DF,2,1.5,1,0,0,0,0,0,0,-1,-1
2003,G,,Rock'n'Roll-Beginners,First round,3,279,6,-50,5,7.5,4,0,0,167,DF,1,1,1,0,0,0,0,0,0,-1,-1
2003,G,,Rock'n'Roll-Beginners,First round,3,279,6,-50,5,7.5,4,0,0,167,CO,0.5,1,0.5,0,0,0,0,0,0,-1,-1
2003,G,,Rock'n'Roll-Beginners,First round,4,350,6,-35,5,10,6,0,0,167,DF,1.5,1.5,1,0,0,0,0,0,0,-1,-1
2003,G,,Rock'n'Roll-Beginners,First round,4,350,6,-35,5,10,6,0,0,167,CO,1,1,1,0,0,0,0,0,0,-1,-1
2004,A,,Rock'n'Roll-Juveniles,First round,1,182,1,-15,7.5,13.75,13,0,0,167,DF,2,2,1.5,0,0,0,0,0,0,-1,-1
2004,A,,Rock'n'Roll-Juveniles,First round,1,3,1,-25,7.5,13.75,10,0,0,167,CO,2,1.5,1.5,0,0,0,0,0,0,-1,-1
2004,A,,Rock'n'Roll-Juveniles,First round,1,3,1,-25,7.5,13.75,10,0,0,167,DF,2,1.5,2,0,0,0,0,0,0,-1,-1
2004,A,,Rock'n'Roll-Juveniles,First round,1,182,1,-15,7.5,13.75,13,0,0,167,CO,2.5,2,2,0,0,0,0,0,0,-1,-1
2004,A,,Rock'n'Roll-Juveniles,First round,2,134,1,-15,8.5,15,13,0,0,167,DF,2,2,2,0,0,0,0,0,0,-1,-1
2004,A,,Rock'n'Roll-Juveniles,First round,2,134,1,-15,8.5,15,13,0,0,167,CO,2,2.5,2,0,0,0,0,0,0,-1,-1
2004,A,,Rock'n'Roll-Juveniles,First round,2,27,1,-35,6.5,12.5,10,0,0,167,CO,1.5,1.5,2,0,0,0,0,0,0,-1,-1
2004,A,,Rock'n'Roll-Juveniles,First round,2,27,1,-35,6.5,12.5,10,0,0,167,DF,1.5,2,1.5,0,0,0,0,0,0,-1,-1
2004,A,,Rock'n'Roll-Juveniles,First round,3,7,1,-35,5,11.25,9,-4,0,167,CO,1.5,1.5,1.5,0,0,0,0,0,0,-1,-1
2004,A,,Rock'n'Roll-Juveniles,First round,3,7,1,-35,5,11.25,9,-4,0,167,DF,1.5,1.5,1.5,0,0,0,0,0,0,-1,-1
2004,A,,Rock'n'Roll-Juveniles,First round,3,57,1,-50,5,11.25,9,0,0,167,CO,1.5,1.5,1.5,0,0,0,0,0,0,-1,-1
2004,A,,Rock'n'Roll-Juveniles,First round,3,57,1,-50,5,11.25,9,0,0,167,DF,1.5,1.5,1.5,0,0,0,0,0,0,-1,-1
2004,A,,Rock'n'Roll-Juveniles,First round,4,193,1,-25,5,11.25,11,0,0,167,CO,2,2,1.5,0,0,0,0,0,0,-1,-1
2004,A,,Rock'n'Roll-Juveniles,First round,4,193,1,-25,5,11.25,11,0,0,167,DF,1.5,1.5,1.5,0,0,0,0,0,0,-1,-1
2004,B,,Rock'n'Roll-Juveniles,First round,1,3,2,-35,5,10,7,0,0,167,DF,1.5,1.5,1,0,0,0,0,0,0,-1,-1
2004,B,,Rock'n'Roll-Juveniles,First round,1,182,2,-25,7.5,12.5,11,0,0,167,CO,2,1.5,2,0,0,0,0,0,0,-1,-1
2004,B,,Rock'n'Roll-Juveniles,First round,1,182,2,-25,7.5,12.5,11,0,0,167,DF,1.5,1.5,2,0,0,0,0,0,0,-1,-1
2004,B,,Rock'n'Roll-Juveniles,First round,1,3,2,-35,5,10,7,0,0,167,CO,1,1,1.5,0,0,0,0,0,0,-1,-1
2004,B,,Rock'n'Roll-Juveniles,First round,2,134,2,-25,7.5,11.25,10,0,0,167,CO,1,2,2,0,0,0,0,0,0,-1,-1
2004,B,,Rock'n'Roll-Juveniles,First round,2,134,2,-25,7.5,11.25,10,0,0,167,DF,1.5,1.5,1.5,0,0,0,0,0,0,-1,-1
2004,B,,Rock'n'Roll-Juveniles,First round,2,27,2,-25,6.5,11.25,9,0,0,167,DF,1.5,1.5,1.5,0,0,0,0,0,0,-1,-1
2004,B,,Rock'n'Roll-Juveniles,First round,2,27,2,-25,6.5,11.25,9,0,0,167,CO,1.5,1.5,1.5,0,0,0,0,0,0,-1,-1
2004,B,,Rock'n'Roll-Juveniles,First round,3,7,2,-35,5,8.75,8,-4,0,167,DF,1,1.5,1,0,0,0,0,0,0,-1,-1
2004,B,,Rock'n'Roll-Juveniles,First round,3,57,2,-35,6.5,10,7,0,0,167,CO,1.5,1,1,0,0,0,0,0,0,-1,-1
2004,B,,Rock'n'Roll-Juveniles,First round,3,57,2,-35,6.5,10,7,0,0,167,DF,1,1.5,1.5,0,0,0,0,0,0,-1,-1
2004,B,,Rock'n'Roll-Juveniles,First round,3,7,2,-35,5,8.75,8,-4,0,167,CO,1,1.5,1.5,0,0,0,0,0,0,-1,-1
2004,B,,Rock'n'Roll-Juveniles,First round,4,193,2,-25,6.5,11.25,9,0,0,167,DF,1.5,1.5,1.5,0,0,0,0,0,0,-1,-1
2004,B,,Rock'n'Roll-Juveniles,First round,4,193,2,-25,6.5,11.25,9,0,0,167,CO,1.5,1.5,1.5,0,0,0,0,0,0,-1,-1
2004,C,,Rock'n'Roll-Juveniles,First round,1,182,3,-25,6.5,11.25,8,0,0,167,DF,1.5,1.5,1.5,0,0,0,0,0,0,-1,-1
2004,C,,Rock'n'Roll-Juveniles,First round,1,182,3,-25,6.5,11.25,8,0,0,167,CO,1.5,1.5,1,0,0,0,0,0,0,-1,-1
2004,C,,Rock'n'Roll-Juveniles,First round,1,3,3,-50,5,7.5,6,0,0,167,CO,1,1,1,0,0,0,0,0,0,-1,-1
2004,C,,Rock'n'Roll-Juveniles,First round,1,3,3,-50,5,7.5,6,0,0,167,DF,1,1,1,0,0,0,0,0,0,-1,-1
2004,C,,Rock'n'Roll-Juveniles,First round,2,27,3,-35,6.5,10,7,0,0,167,CO,1,1.5,1,0,0,0,0,0,0,-1,-1
2004,C,,Rock'n'Roll-Juveniles,First round,2,27,3,-35,6.5,10,7,0,0,167,DF,1,1.5,1.5,0,0,0,0,0,0,-1,-1
2004,C,,Rock'n'Roll-Juveniles,First round,2,134,3,-25,7.5,8.75,6,0,0,167,CO,1,1,1,0,0,0,0,0,0,-1,-1
2004,C,,Rock'n'Roll-Juveniles,First round,2,134,3,-25,7.5,8.75,6,0,0,167,DF,1,1.5,1,0,0,0,0,0,0,-1,-1
2004,C,,Rock'n'Roll-Juveniles,First round,3,7,3,-50,6.5,8.75,7,0,-30,167,CO,1,1.5,1,0,0,0,0,0,0,-1,-1
2004,C,,Rock'n'Roll-Juveniles,First round,3,7,3,-50,6.5,8.75,7,0,-30,167,DF,1,1.5,1,0,0,0,0,0,0,-1,-1
2004,C,,Rock'n'Roll-Juveniles,First round,3,57,3,-35,5,7.5,6,0,0,167,CO,1,1,1,0,0,0,0,0,0,-1,-1
2004,C,,Rock'n'Roll-Juveniles,First round,3,57,3,-35,5,7.5,6,0,0,167,DF,1,1,1,0,0,0,0,0,0,-1,-1
2004,C,,Rock'n'Roll-Juveniles,First round,4,193,3,-35,5,8.75,8,0,0,167,CO,1.5,1.5,1,0,0,0,0,0,0,-1,-1
2004,C,,Rock'n'Roll-Juveniles,First round,4,193,3,-35,5,8.75,8,0,0,167,DF,1.5,1,1,0,0,0,0,0,0,-1,-1
2004,E,,Rock'n'Roll-Juveniles,First round,1,182,4,-25,8.5,15,9,0,0,167,CO,1.5,1.5,1.5,0,0,0,0,0,0,-1,-1
2004,E,,Rock'n'Roll-Juveniles,First round,1,3,4,-35,5,8.75,7,0,0,167,DF,1.5,0.5,1.5,0,0,0,0,0,0,-1,-1
2004,E,,Rock'n'Roll-Juveniles,First round,1,3,4,-35,5,8.75,7,0,0,167,CO,1.5,1,1,0,0,0,0,0,0,-1,-1
2004,E,,Rock'n'Roll-Juveniles,First round,1,182,4,-25,8.5,15,9,0,0,167,DF,2,2,2,0,0,0,0,0,0,-1,-1
2004,E,,Rock'n'Roll-Juveniles,First round,2,27,4,-35,6.5,12.5,9,0,0,167,CO,1.5,1.5,1.5,0,0,0,0,0,0,-1,-1
2004,E,,Rock'n'Roll-Juveniles,First round,2,27,4,-35,6.5,12.5,9,0,0,167,DF,2,1.5,1.5,0,0,0,0,0,0,-1,-1
2004,E,,Rock'n'Roll-Juveniles,First round,2,134,4,-35,7.5,13.75,11,0,0,167,CO,2,2,1.5,0,0,0,0,0,0,-1,-1
2004,E,,Rock'n'Roll-Juveniles,First round,2,134,4,-35,7.5,13.75,11,0,0,167,DF,2,2,1.5,0,0,0,0,0,0,-1,-1
2004,E,,Rock'n'Roll-Juveniles,First round,3,57,4,-35,5,10,6,0,0,167,CO,1.5,0.5,1,0,0,0,0,0,0,-1,-1
2004,E,,Rock'n'Roll-Juveniles,First round,3,57,4,-35,5,10,6,0,0,167,DF,1.5,1,1.5,0,0,0,0,0,0,-1,-1
2004,E,,Rock'n'Roll-Juveniles,First round,3,7,4,-75,5,6.25,7,-6,0,167,DF,1,0.5,1,0,0,0,0,0,0,-1,-1
2004,E,,Rock'n'Roll-Juveniles,First round,3,7,4,-75,5,6.25,7,-6,0,167,CO,1.5,1,1,0,0,0,0,0,0,-1,-1
2004,E,,Rock'n'Roll-Juveniles,First round,4,193,4,-35,5,11.25,7,-2,0,167,DF,1.5,1.5,1.5,0,0,0,0,0,0,-1,-1
2004,E,,Rock'n'Roll-Juveniles,First round,4,193,4,-35,5,11.25,7,-2,0,167,CO,1,1.5,1,0,0,0,0,0,0,-1,-1
2004,F,,Rock'n'Roll-Juveniles,First round,1,182,5,-15,8.5,15,11,0,0,167,DF,2,2,2,0,0,0,0,0,0,-1,-1
2004,F,,Rock'n'Roll-Juveniles,First round,1,3,5,-25,5,12.5,10,0,0,167,CO,2,1.5,1.5,0,0,0,0,0,0,-1,-1
2004,F,,Rock'n'Roll-Juveniles,First round,1,3,5,-25,5,12.5,10,0,0,167,DF,1.5,2,1.5,0,0,0,0,0,0,-1,-1
2004,F,,Rock'n'Roll-Juveniles,First round,1,182,5,-15,8.5,15,11,0,0,167,CO,2,1.5,2,0,0,0,0,0,0,-1,-1
2004,F,,Rock'n'Roll-Juveniles,First round,2,134,5,-25,7.5,13.75,9,0,0,167,CO,1.5,1.5,1.5,0,0,0,0,0,0,-1,-1
2004,F,,Rock'n'Roll-Juveniles,First round,2,134,5,-25,7.5,13.75,9,0,0,167,DF,1.5,2,2,0,0,0,0,0,0,-1,-1
2004,F,,Rock'n'Roll-Juveniles,First round,2,27,5,-25,6.5,15,12,0,0,167,CO,2,2,2,0,0,0,0,0,0,-1,-1
2004,F,,Rock'n'Roll-Juveniles,First round,2,27,5,-25,6.5,15,12,0,0,167,DF,2,2,2,0,0,0,0,0,0,-1,-1
2004,F,,Rock'n'Roll-Juveniles,First round,3,7,5,-35,5,12.5,10,0,-10,167,CO,2,1.5,1.5,0,0,0,0,0,0,-1,-1
2004,F,,Rock'n'Roll-Juveniles,First round,3,7,5,-35,5,12.5,10,0,-10,167,DF,1.5,2,1.5,0,0,0,0,0,0,-1,-1
2004,F,,Rock'n'Roll-Juveniles,First round,3,57,5,-35,6.5,11.25,7,0,0,167,CO,1.5,1,1,0,0,0,0,0,0,-1,-1
2004,F,,Rock'n'Roll-Juveniles,First round,3,57,5,-35,6.5,11.25,7,0,0,167,DF,1.5,1.5,1.5,0,0,0,0,0,0,-1,-1
2004,F,,Rock'n'Roll-Juveniles,First round,4,193,5,-25,5,11.25,10,0,0,167,CO,1.5,2,1.5,0,0,0,0,0,0,-1,-1
2004,F,,Rock'n'Roll-Juveniles,First round,4,193,5,-25,5,11.25,10,0,0,167,DF,1.5,1.5,1.5,0,0,0,0,0,0,-1,-1
2004,G,,Rock'n'Roll-Juveniles,First round,1,3,6,-15,7.5,13.75,10,0,0,167,CO,2,1.5,1.5,0,0,0,0,0,0,-1,-1
2004,G,,Rock'n'Roll-Juveniles,First round,1,3,6,-15,7.5,13.75,10,0,0,167,DF,2,1.5,2,0,0,0,0,0,0,-1,-1
2004,G,,Rock'n'Roll-Juveniles,First round,1,182,6,-15,9,15,11,0,0,167,CO,2,2,1.5,0,0,0,0,0,0,-1,-1
2004,G,,Rock'n'Roll-Juveniles,First round,1,182,6,-15,9,15,11,0,0,167,DF,2,2,2,0,0,0,0,0,0,-1,-1
2004,G,,Rock'n'Roll-Juveniles,First round,2,134,6,-25,6.5,10,10,0,0,167,CO,2,1.5,1.5,0,0,0,0,0,0,-1,-1
2004,G,,Rock'n'Roll-Juveniles,First round,2,27,6,-10,8.5,15,7,0,0,167,DF,2,2,2,0,0,0,0,0,0,-1,-1
2004,G,,Rock'n'Roll-Juveniles,First round,2,27,6,-10,8.5,15,7,0,0,167,CO,1,1.5,1,0,0,0,0,0,0,-1,-1
2004,G,,Rock'n'Roll-Juveniles,First round,2,134,6,-25,6.5,10,10,0,0,167,DF,1.5,1.5,1,0,0,0,0,0,0,-1,-1
2004,G,,Rock'n'Roll-Juveniles,First round,3,7,6,-50,2.5,5,4,0,0,167,CO,0.5,1,0.5,0,0,0,0,0,0,-1,-1
2004,G,,Rock'n'Roll-Juveniles,First round,3,7,6,-50,2.5,5,4,0,0,167,DF,0.5,1,0.5,0,0,0,0,0,0,-1,-1
2004,G,,Rock'n'Roll-Juveniles,First round,3,57,6,-50,6.5,7.5,6,0,0,167,CO,1,1,1,0,0,0,0,0,0,-1,-1
2004,G,,Rock'n'Roll-Juveniles,First round,3,57,6,-50,6.5,7.5,6,0,0,167,DF,1,1,1,0,0,0,0,0,0,-1,-1
2004,G,,Rock'n'Roll-Juveniles,First round,4,193,6,-35,6.5,12.5,9,0,0,167,CO,1.5,1.5,1.5,0,0,0,0,0,0,-1,-1
2004,G,,Rock'n'Roll-Juveniles,First round,4,193,6,-35,6.5,12.5,9,0,0,167,DF,2,1.5,1.5,0,0,0,0,0,0,-1,-1
2005,A,F,Rock'n'Roll-Main Class Contact Style,First round,1,430,1,-25,7.5,12.5,11,0,0,167,CO,2,1.5,2,0,0,0,0,0,0,-1,-1
2005,A,F,Rock'n'Roll-Main Class Contact Style,First round,1,495,1,-10,8.5,10,12,0,0,167,DF,2,2,0,0,0,0,0,0,0,-1,-1
2005,A,F,Rock'n'Roll-Main Class Contact Style,First round,1,430,1,-25,7.5,12.5,11,0,0,167,DF,1.5,1.5,2,0,0,0,0,0,0,-1,-1
2005,A,F,Rock'n'Roll-Main Class Contact Style,First round,1,495,1,-10,8.5,10,12,0,0,167,CO,1.5,2.5,2,0,0,0,0,0,0,-1,-1
2005,A,F,Rock'n'Roll-Main Class Contact Style,First round,2,494,1,-10,9,17.5,14,0,0,167,DF,2.5,2,2.5,0,0,0,0,0,0,-1,-1
2005,A,F,Rock'n'Roll-Main Class Contact Style,First round,2,28,1,-15,8.5,13.75,11,0,0,167,CO,1.5,2,2,0,0,0,0,0,0,-1,-1
2005,A,F,Rock'n'Roll-Main Class Contact Style,First round,2,28,1,-15,8.5,13.75,11,0,0,167,DF,2,1.5,2,0,0,0,0,0,0,-1,-1
2005,A,F,Rock'n'Roll-Main Class Contact Style,First round,2,494,1,-10,9,17.5,14,0,0,167,CO,2,2.5,2.5,0,0,0,0,0,0,-1,-1
2005,A,F,Rock'n'Roll-Main Class Contact Style,First round,3,179,1,-25,9,13.75,11,0,0,167,DF,1.5,2,2,0,0,0,0,0,0,-1,-1
2005,A,F,Rock'n'Roll-Main Class Contact Style,First round,3,179,1,-25,9,13.75,11,0,0,167,CO,2,2,1.5,0,0,0,0,0,0,-1,-1
2005,A,F,Rock'n'Roll-Main Class Contact Style,First round,3,160,1,-25,7.5,11.25,10,0,0,167,CO,2,1.5,1.5,0,0,0,0,0,0,-1,-1
2005,A,F,Rock'n'Roll-Main Class Contact Style,First round,3,160,1,-25,7.5,11.25,10,0,0,167,DF,1.5,1.5,1.5,0,0,0,0,0,0,-1,-1
2005,A,F,Rock'n'Roll-Main Class Contact Style,First round,4,283,1,-25,6.5,10,9,0,0,167,CO,1.5,1.5,1.5,0,0,0,0,0,0,-1,-1
2005,A,F,Rock'n'Roll-Main Class Contact Style,First round,4,283,1,-25,6.5,10,9,0,0,167,DF,1.5,1,1.5,0,0,0,0,0,0,-1,-1
2005,C,F,Rock'n'Roll-Main Class Contact Style,First round,1,430,3,-15,7.5,10,8,0,0,167,CO,1.5,1.5,1,0,0,0,0,0,0,-1,-1
2005,C,F,Rock'n'Roll-Main Class Contact Style,First round,1,430,3,-15,7.5,10,8,0,0,167,DF,1,1.5,1.5,0,0,0,0,0,0,-1,-1
2005,C,F,Rock'n'Roll-Main Class Contact Style,First round,1,495,3,-15,7.5,10,9,0,0,167,CO,1.5,1.5,1.5,0,0,0,0,0,0,-1,-1
2005,C,F,Rock'n'Roll-Main Class Contact Style,First round,1,495,3,-15,7.5,10,9,0,0,167,DF,1,1.5,1.5,0,0,0,0,0,0,-1,-1
2005,C,F,Rock'n'Roll-Main Class Contact Style,First round,2,28,3,-25,6.5,8.75,9,0,0,167,CO,1,2,1.5,0,0,0,0,0,0,-1,-1
2005,C,F,Rock'n'Roll-Main Class Contact Style,First round,2,28,3,-25,6.5,8.75,9,0,0,167,DF,1,1.5,1,0,0,0,0,0,0,-1,-1
2005,C,F,Rock'n'Roll-Main Class Contact Style,First round,2,494,3,-15,7.5,8.75,6,0,0,167,CO,1,1,1,0,0,0,0,0,0,-1,-1
2005,C,F,Rock'n'Roll-Main Class Contact Style,First round,2,494,3,-15,7.5,8.75,6,0,0,167,DF,1,1.5,1,0,0,0,0,0,0,-1,-1
2005,C,F,Rock'n'Roll-Main Class Contact Style,First round,3,160,3,-35,6.5,8.75,7,0,0,167,DF,1,1.5,1,0,0,0,0,0,0,-1,-1
2005,C,F,Rock'n'Roll-Main Class Contact Style,First round,3,179,3,-35,8.5,10,9,0,0,167,CO,1.5,1.5,1.5,0,0,0,0,0,0,-1,-1
2005,C,F,Rock'n'Roll-Main Class Contact Style,First round,3,160,3,-35,6.5,8.75,7,0,0,167,CO,1,1.5,1,0,0,0,0,0,0,-1,-1
2005,C,F,Rock'n'Roll-Main Class Contact Style,First round,3,179,3,-35,8.5,10,9,0,0,167,DF,1,2,1,0,0,0,0,0,0,-1,-1
2005,C,F,Rock'n'Roll-Main Class Contact Style,First round,4,283,3,-35,5,8.75,7,0,0,167,CO,1,1,1.5,0,0,0,0,0,0,-1,-1
2005,C,F,Rock'n'Roll-Main Class Contact Style,First round,4,283,3,-35,5,8.75,7,0,0,167,DF,1,1,1.5,0,0,0,0,0,0,-1,-1
2005,F,F,Rock'n'Roll-Main Class Contact Style,First round,1,495,5,-25,7.5,15,11,0,0,167,DF,2,2,2,0,0,0,0,0,0,-1,-1
2005,F,F,Rock'n'Roll-Main Class Contact Style,First round,1,430,5,-25,7.5,13.75,12,0,0,167,CO,2,2,2,0,0,0,0,0,0,-1,-1
2005,F,F,Rock'n'Roll-Main Class Contact Style,First round,1,430,5,-25,7.5,13.75,12,0,0,167,DF,1.5,2,2,0,0,0,0,0,0,-1,-1
2005,F,F,Rock'n'Roll-Main Class Contact Style,First round,1,495,5,-25,7.5,15,11,0,0,167,CO,2,1.5,2,0,0,0,0,0,0,-1,-1
2005,F,F,Rock'n'Roll-Main Class Contact Style,First round,2,494,5,-25,7.5,11.25,9,0,0,167,DF,1.5,1.5,1.5,0,0,0,0,0,0,-1,-1
2005,F,F,Rock'n'Roll-Main Class Contact Style,First round,2,494,5,-25,7.5,11.25,9,0,0,167,CO,1.5,1.5,1.5,0,0,0,0,0,0,-1,-1
2005,F,F,Rock'n'Roll-Main Class Contact Style,First round,2,28,5,-25,7.5,11.25,9,0,0,167,CO,1.5,1.5,1.5,0,0,0,0,0,0,-1,-1
2005,F,F,Rock'n'Roll-Main Class Contact Style,First round,2,28,5,-25,7.5,11.25,9,0,0,167,DF,1.5,1.5,1.5,0,0,0,0,0,0,-1,-1
2005,F,F,Rock'n'Roll-Main Class Contact Style,First round,3,179,5,-25,8.5,15,12,0,0,167,DF,2,2,2,0,0,0,0,0,0,-1,-1
2005,F,F,Rock'n'Roll-Main Class Contact Style,First round,3,160,5,-25,7.5,12.5,10,0,0,167,CO,1.5,2,1.5,0,0,0,0,0,0,-1,-1
2005,F,F,Rock'n'Roll-Main Class Contact Style,First round,3,160,5,-25,7.5,12.5,10,0,0,167,DF,1.5,2,1.5,0,0,0,0,0,0,-1,-1
2005,F,F,Rock'n'Roll-Main Class Contact Style,First round,3,179,5,-25,8.5,15,12,0,0,167,CO,2,2,2,0,0,0,0,0,0,-1,-1
2005,F,F,Rock'n'Roll-Main Class Contact Style,First round,4,283,5,-25,6.5,10,9,0,0,167,CO,1.5,1.5,1.5,0,0,0,0,0,0,-1,-1
2005,F,F,Rock'n'Roll-Main Class Contact Style,First round,4,283,5,-25,6.5,10,9,0,0,167,DF,1.5,1.5,1,0,0,0,0,0,0,-1,-1
2007,B,,Rock'n'Roll-Small Formation,First round,1,33,1,-25,11,9,5.25,-2,0,167,CO,1,1,1.5,0,0,0,0,0,0,-1,-1
2007,B,,Rock'n'Roll-Small Formation,First round,1,33,1,-25,11,9,5.25,-2,0,167,DF,1.5,1.5,1.5,0,0,0,0,0,0,-1,-1
2007,B,,Rock'n'Roll-Small Formation,First round,1,33,1,-25,11,9,5.25,-2,0,167,FM,1.5,2,2,0,0,0,0,0,0,-1,-1
2007,B,,Rock'n'Roll-Small Formation,First round,2,321,1,-25,9,8,6,0,0,167,FM,1.5,1.5,1.5,0,0,0,0,0,0,-1,-1
2007,B,,Rock'n'Roll-Small Formation,First round,2,321,1,-25,9,8,6,0,0,167,CO,1.5,1.5,1,0,0,0,0,0,0,-1,-1
2007,B,,Rock'n'Roll-Small Formation,First round,2,321,1,-25,9,8,6,0,0,167,DF,1,1.5,1.5,0,0,0,0,0,0,-1,-1
2007,B,,Rock'n'Roll-Small Formation,First round,3,35,1,-25,9,8,6,0,0,167,FM,1.5,1.5,1.5,0,0,0,0,0,0,-1,-1
2007,B,,Rock'n'Roll-Small Formation,First round,3,35,1,-25,9,8,6,0,0,167,CO,1,1.5,1.5,0,0,0,0,0,0,-1,-1
2007,B,,Rock'n'Roll-Small Formation,First round,3,35,1,-25,9,8,6,0,0,167,DF,1,1.5,1.5,0,0,0,0,0,0,-1,-1
2007,B,,Rock'n'Roll-Small Formation,First round,4,259,1,-35,8,7,5.25,-4,0,167,CO,1.5,1,1,0,0,0,0,0,0,-1,-1
2007,B,,Rock'n'Roll-Small Formation,First round,4,259,1,-35,8,7,5.25,-4,0,167,DF,1,1.5,1,0,0,0,0,0,0,-1,-1
2007,B,,Rock'n'Roll-Small Formation,First round,4,259,1,-35,8,7,5.25,-4,0,167,FM,1,1.5,1.5,0,0,0,0,0,0,-1,-1
2007,B,,Rock'n'Roll-Small Formation,First round,5,104,1,-25,9,8,7.5,0,0,167,FM,1.5,1.5,1.5,0,0,0,0,0,0,-1,-1
2007,B,,Rock'n'Roll-Small Formation,First round,5,104,1,-25,9,8,7.5,0,0,167,DF,1.5,1,1.5,0,0,0,0,0,0,-1,-1
2007,B,,Rock'n'Roll-Small Formation,First round,5,104,1,-25,9,8,7.5,0,0,167,CO,1.5,1.5,2,0,0,0,0,0,0,-1,-1
2007,B,,Rock'n'Roll-Small Formation,First round,6,20,1,-15,11,12,7.5,0,0,167,DF,2,2,2,0,0,0,0,0,0,-1,-1
2007,B,,Rock'n'Roll-Small Formation,First round,6,20,1,-15,11,12,7.5,0,0,167,FM,2,2,1.5,0,0,0,0,0,0,-1,-1
2007,B,,Rock'n'Roll-Small Formation,First round,6,20,1,-15,11,12,7.5,0,0,167,CO,1.5,2,1.5,0,0,0,0,0,0,-1,-1
2007,B,,Rock'n'Roll-Small Formation,First round,7,335,1,-35,9,9,6.75,0,0,167,CO,1.5,1.5,1.5,0,0,0,0,0,0,-1,-1
2007,B,,Rock'n'Roll-Small Formation,First round,7,335,1,-35,9,9,6.75,0,0,167,DF,1.5,1.5,1.5,0,0,0,0,0,0,-1,-1
2007,B,,Rock'n'Roll-Small Formation,First round,7,335,1,-35,9,9,6.75,0,0,167,FM,1.5,1.5,1.5,0,0,0,0,0,0,-1,-1
2007,B,,Rock'n'Roll-Small Formation,First round,8,31,1,-15,12,12,9,0,0,167,CO,2,2,2,0,0,0,0,0,0,-1,-1
2007,B,,Rock'n'Roll-Small Formation,First round,8,31,1,-15,12,12,9,0,0,167,DF,2,2,2,0,0,0,0,0,0,-1,-1
2007,B,,Rock'n'Roll-Small Formation,First round,8,31,1,-15,12,12,9,0,0,167,FM,2,2,2,0,0,0,0,0,0,-1,-1
2007,E,,Rock'n'Roll-Small Formation,First round,1,33,2,-35,8,7,5.25,-4,0,167,CO,1,1,1.5,0,0,0,0,0,0,-1,-1
2007,E,,Rock'n'Roll-Small Formation,First round,1,33,2,-35,8,7,5.25,-4,0,167,DF,1.5,1,1,0,0,0,0,0,0,-1,-1
2007,E,,Rock'n'Roll-Small Formation,First round,1,33,2,-35,8,7,5.25,-4,0,167,FM,1.5,1,1.5,0,0,0,0,0,0,-1,-1
2007,E,,Rock'n'Roll-Small Formation,First round,2,321,2,-35,8,8,6,0,0,167,FM,1.5,1,1.5,0,0,0,0,0,0,-1,-1
2007,E,,Rock'n'Roll-Small Formation,First round,2,321,2,-35,8,8,6,0,0,167,CO,1.5,1,1.5,0,0,0,0,0,0,-1,-1
2007,E,,Rock'n'Roll-Small Formation,First round,2,321,2,-35,8,8,6,0,0,167,DF,1.5,1.5,1,0,0,0,0,0,0,-1,-1
2007,E,,Rock'n'Roll-Small Formation,First round,3,35,2,-35,6,7,4.5,0,0,167,FM,1,1,1,0,0,0,0,0,0,-1,-1
2007,E,,Rock'n'Roll-Small Formation,First round,3,35,2,-35,6,7,4.5,0,0,167,CO,1,1,1,0,0,0,0,0,0,-1,-1
2007,E,,Rock'n'Roll-Small Formation,First round,3,35,2,-35,6,7,4.5,0,0,167,DF,1,1.5,1,0,0,0,0,0,0,-1,-1
2007,E,,Rock'n'Roll-Small Formation,First round,4,259,2,-50,7,6,4.5,0,0,167,CO,1,1,1,0,0,0,0,0,0,-1,-1
2007,E,,Rock'n'Roll-Small Formation,First round,4,259,2,-50,7,6,4.5,0,0,167,DF,0.5,1,1.5,0,0,0,0,0,0,-1,-1
2007,E,,Rock'n'Roll-Small Formation,First round,4,259,2,-50,7,6,4.5,0,0,167,FM,1,1,1.5,0,0,0,0,0,0,-1,-1
2007,E,,Rock'n'Roll-Small Formation,First round,5,104,2,-25,11,10,9,0,0,167,FM,2,1.5,2,0,0,0,0,0,0,-1,-1
2007,E,,Rock'n'Roll-Small Formation,First round,5,104,2,-25,11,10,9,0,0,167,CO,2,2,2,0,0,0,0,0,0,-1,-1
2007,E,,Rock'n'Roll-Small Formation,First round,5,104,2,-25,11,10,9,0,0,167,DF,2,1.5,1.5,0,0,0,0,0,0,-1,-1
2007,E,,Rock'n'Roll-Small Formation,First round,6,20,2,-35,7,8,6.75,0,0,167,FM,1,1,1.5,0,0,0,0,0,0,-1,-1
2007,E,,Rock'n'Roll-Small Formation,First round,6,20,2,-35,7,8,6.75,0,0,167,CO,1.5,1.5,1.5,0,0,0,0,0,0,-1,-1
2007,E,,Rock'n'Roll-Small Formation,First round,6,20,2,-35,7,8,6.75,0,0,167,DF,1,1.5,1.5,0,0,0,0,0,0,-1,-1
2007,E,,Rock'n'Roll-Small Formation,First round,7,335,2,-35,5,6,4.5,0,0,167,CO,1,1,1,0,0,0,0,0,0,-1,-1
2007,E,,Rock'n'Roll-Small Formation,First round,7,335,2,-35,5,6,4.5,0,0,167,DF,1,1,1,0,0,0,0,0,0,-1,-1
2007,E,,Rock'n'Roll-Small Formation,First round,7,335,2,-35,5,6,4.5,0,0,167,FM,1,0.5,1,0,0,0,0,0,0,-1,-1
2007,E,,Rock'n'Roll-Small Formation,First round,8,31,2,-15,11,11,9,0,0,167,DF,2,1.5,2,0,0,0,0,0,0,-1,-1
2007,E,,Rock'n'Roll-Small Formation,First round,8,31,2,-15,11,11,9,0,0,167,FM,2,1.5,2,0,0,0,0,0,0,-1,-1
2007,E,,Rock'n'Roll-Small Formation,First round,8,31,2,-15,11,11,9,0,0,167,CO,2,2,2,0,0,0,0,0,0,-1,-1
2007,F,,Rock'n'Roll-Small Formation,First round,1,33,3,-25,10,12,9,0,0,167,DF,2,2,2,0,0,0,0,0,0,-1,-1
2007,F,,Rock'n'Roll-Small Formation,First round,1,33,3,-25,10,12,9,0,0,167,FM,1.5,2,1.5,0,0,0,0,0,0,-1,-1
2007,F,,Rock'n'Roll-Small Formation,First round,1,33,3,-25,10,12,9,0,0,167,CO,2,2,2,0,0,0,0,0,0,-1,-1
2007,F,,Rock'n'Roll-Small Formation,First round,2,321,3,-35,10,10,7.5,0,0,167,CO,1.5,2,1.5,0,0,0,0,0,0,-1,-1
2007,F,,Rock'n'Roll-Small Formation,First round,2,321,3,-35,10,10,7.5,0,0,167,DF,1.5,2,1.5,0,0,0,0,0,0,-1,-1
2007,F,,Rock'n'Roll-Small Formation,First round,2,321,3,-35,10,10,7.5,0,0,167,FM,1.5,2,1.5,0,0,0,0,0,0,-1,-1
2007,F,,Rock'n'Roll-Small Formation,First round,3,35,3,-50,9,9,6.75,0,0,167,CO,1.5,1.5,1.5,0,0,0,0,0,0,-1,-1
2007,F,,Rock'n'Roll-Small Formation,First round,3,35,3,-50,9,9,6.75,0,0,167,DF,1.5,1.5,1.5,0,0,0,0,0,0,-1,-1
2007,F,,Rock'n'Roll-Small Formation,First round,3,35,3,-50,9,9,6.75,0,0,167,FM,1.5,1.5,1.5,0,0,0,0,0,0,-1,-1
2007,F,,Rock'n'Roll-Small Formation,First round,4,259,3,-35,8,7,6,0,0,167,CO,1,2,1,0,0,0,0,0,0,-1,-1
2007,F,,Rock'n'Roll-Small Formation,First round,4,259,3,-35,8,7,6,0,0,167,DF,1,1.5,1,0,0,0,0,0,0,-1,-1
2007,F,,Rock'n'Roll-Small Formation,First round,4,259,3,-35,8,7,6,0,0,167,FM,1,1.5,1.5,0,0,0,0,0,0,-1,-1
2007,F,,Rock'n'Roll-Small Formation,First round,5,104,3,-35,10,11,8.25,0,0,167,FM,1.5,2,1.5,0,0,0,0,0,0,-1,-1
2007,F,,Rock'n'Roll-Small Formation,First round,5,104,3,-35,10,11,8.25,0,0,167,CO,1.5,2,2,0,0,0,0,0,0,-1,-1
2007,F,,Rock'n'Roll-Small Formation,First round,5,104,3,-35,10,11,8.25,0,0,167,DF,2,2,1.5,0,0,0,0,0,0,-1,-1
2007,F,,Rock'n'Roll-Small Formation,First round,6,20,3,-35,9,9,9,0,0,167,FM,1.5,1.5,1.5,0,0,0,0,0,0,-1,-1
2007,F,,Rock'n'Roll-Small Formation,First round,6,20,3,-35,9,9,9,0,0,167,CO,2,2,2,0,0,0,0,0,0,-1,-1
2007,F,,Rock'n'Roll-Small Formation,First round,6,20,3,-35,9,9,9,0,0,167,DF,1.5,1.5,1.5,0,0,0,0,0,0,-1,-1
2007,F,,Rock'n'Roll-Small Formation,First round,7,335,3,-50,8,9,6.75,0,0,167,CO,1.5,1.5,1.5,0,0,0,0,0,0,-1,-1
2007,F,,Rock'n'Roll-Small Formation,First round,7,335,3,-50,8,9,6.75,0,0,167,DF,1.5,1.5,1.5,0,0,0,0,0,0,-1,-1
2007,F,,Rock'n'Roll-Small Formation,First round,7,335,3,-50,8,9,6.75,0,0,167,FM,1.5,1,1.5,0,0,0,0,0,0,-1,-1
2007,F,,Rock'n'Roll-Small Formation,First round,8,31,3,-25,12,14,9.75,0,0,167,CO,2,2,2.5,0,0,0,0,0,0,-1,-1
2007,F,,Rock'n'Roll-Small Formation,First round,8,31,3,-25,12,14,9.75,0,0,167,DF,2.5,2.5,2,0,0,0,0,0,0,-1,-1
2007,F,,Rock'n'Roll-Small Formation,First round,8,31,3,-25,12,14,9.75,0,0,167,FM,2,2,2,0,0,0,0,0,0,-1,-1
2007,G,,Rock'n'Roll-Small Formation,First round,1,33,4,-25,7,9,6,0,0,167,CO,1.5,1.5,1,0,0,0,0,0,0,-1,-1
2007,G,,Rock'n'Roll-Small Formation,First round,1,33,4,-25,7,9,6,0,0,167,DF,1.5,1.5,1.5,0,0,0,0,0,0,-1,-1
2007,G,,Rock'n'Roll-Small Formation,First round,1,33,4,-25,7,9,6,0,0,167,FM,1.5,1,1,0,0,0,0,0,0,-1,-1
2007,G,,Rock'n'Roll-Small Formation,First round,2,321,4,-15,9,9,7.5,0,0,167,CO,1.5,2,1.5,0,0,0,0,0,0,-1,-1
2007,G,,Rock'n'Roll-Small Formation,First round,2,321,4,-15,9,9,7.5,0,0,167,DF,1.5,1.5,1.5,0,0,0,0,0,0,-1,-1
2007,G,,Rock'n'Roll-Small Formation,First round,2,321,4,-15,9,9,7.5,0,0,167,FM,1.5,1.5,1.5,0,0,0,0,0,0,-1,-1
2007,G,,Rock'n'Roll-Small Formation,First round,3,35,4,-35,5,6,5.25,0,0,167,CO,1,1.5,1,0,0,0,0,0,0,-1,-1
2007,G,,Rock'n'Roll-Small Formation,First round,3,35,4,-35,5,6,5.25,0,0,167,FM,0.5,1,1,0,0,0,0,0,0,-1,-1
2007,G,,Rock'n'Roll-Small Formation,First round,3,35,4,-35,5,6,5.25,0,0,167,DF,1,1,1,0,0,0,0,0,0,-1,-1
2007,G,,Rock'n'Roll-Small Formation,First round,4,259,4,-35,4,5,4.5,-4,0,167,CO,1,1,1,0,0,0,0,0,0,-1,-1
2007,G,,Rock'n'Roll-Small Formation,First round,4,259,4,-35,4,5,4.5,-4,0,167,DF,0.5,1,1,0,0,0,0,0,0,-1,-1
2007,G,,Rock'n'Roll-Small Formation,First round,4,259,4,-35,4,5,4.5,-4,0,167,FM,0.5,1,0.5,0,0,0,0,0,0,-1,-1
2007,G,,Rock'n'Roll-Small Formation,First round,5,104,4,-35,8,9,6.75,0,0,167,FM,1,1.5,1.5,0,0,0,0,0,0,-1,-1
2007,G,,Rock'n'Roll-Small Formation,First round,5,104,4,-35,8,9,6.75,0,0,167,CO,1.5,1.5,1.5,0,0,0,0,0,0,-1,-1
2007,G,,Rock'n'Roll-Small Formation,First round,5,104,4,-35,8,9,6.75,0,0,167,DF,1.5,1.5,1.5,0,0,0,0,0,0,-1,-1
2007,G,,Rock'n'Roll-Small Formation,First round,6,20,4,-25,7,9,6.75,0,0,167,FM,1,1.5,1,0,0,0,0,0,0,-1,-1
2007,G,,Rock'n'Roll-Small Formation,First round,6,20,4,-25,7,9,6.75,0,0,167,CO,1.5,1.5,1.5,0,0,0,0,0,0,-1,-1
2007,G,,Rock'n'Roll-Small Formation,First round,6,20,4,-25,7,9,6.75,0,0,167,DF,1.5,1.5,1.5,0,0,0,0,0,0,-1,-1
2007,G,,Rock'n'Roll-Small Formation,First round,7,335,4,-35,4,7,6,0,0,167,CO,1,1.5,1.5,0,0,0,0,0,0,-1,-1
2007,G,,Rock'n'Roll-Small Formation,First round,7,335,4,-35,4,7,6,0,0,167,DF,1,1.5,1,0,0,0,0,0,0,-1,-1
2007,G,,Rock'n'Roll-Small Formation,First round,7,335,4,-35,4,7,6,0,0,167,FM,1,1,0,0,0,0,0,0,0,-1,-1
2007,G,,Rock'n'Roll-Small Formation,First round,8,31,4,-5,12,14,9,0,0,167,DF,2.5,2,2.5,0,0,0,0,0,0,-1,-1
2007,G,,Rock'n'Roll-Small Formation,First round,8,31,4,-5,12,14,9,0,0,167,FM,2,2,2,0,0,0,0,0,0,-1,-1
2007,G,,Rock'n'Roll-Small Formation,First round,8,31,4,-5,12,14,9,0,0,167,CO,2,2,2,0,0,0,0,0,0,-1,-1
2007,J,,Rock'n'Roll-Small Formation,First round,1,33,5,-25,11,11,9,0,0,167,CO,2,2,2,0,0,0,0,0,0,-1,-1
2007,J,,Rock'n'Roll-Small Formation,First round,1,33,5,-25,11,11,9,0,0,167,DF,2,2,1.5,0,0,0,0,0,0,-1,-1
2007,J,,Rock'n'Roll-Small Formation,First round,1,33,5,-25,11,11,9,0,0,167,FM,2,1.5,2,0,0,0,0,0,0,-1,-1
2007,J,,Rock'n'Roll-Small Formation,First round,2,321,5,-25,9,10,9,0,0,167,CO,2,2,2,0,0,0,0,0,0,-1,-1
2007,J,,Rock'n'Roll-Small Formation,First round,2,321,5,-25,9,10,9,0,0,167,DF,2,1.5,1.5,0,0,0,0,0,0,-1,-1
2007,J,,Rock'n'Roll-Small Formation,First round,2,321,5,-25,9,10,9,0,0,167,FM,1.5,1.5,1.5,0,0,0,0,0,0,-1,-1
2007,J,,Rock'n'Roll-Small Formation,First round,3,35,5,-25,7,7,6.75,0,0,167,CO,1.5,1.5,1.5,0,0,0,0,0,0,-1,-1
2007,J,,Rock'n'Roll-Small Formation,First round,3,35,5,-25,7,7,6.75,0,0,167,DF,1,1,1.5,0,0,0,0,0,0,-1,-1
2007,J,,Rock'n'Roll-Small Formation,First round,3,35,5,-25,7,7,6.75,0,0,167,FM,1,1,1.5,0,0,0,0,0,0,-1,-1
2007,J,,Rock'n'Roll-Small Formation,First round,4,259,5,-35,6,8,6.75,-2,0,167,CO,1.5,1.5,1.5,0,0,0,0,0,0,-1,-1
2007,J,,Rock'n'Roll-Small Formation,First round,4,259,5,-35,6,8,6.75,-2,0,167,DF,1.5,1.5,1,0,0,0,0,0,0,-1,-1
2007,J,,Rock'n'Roll-Small Formation,First round,4,259,5,-35,6,8,6.75,-2,0,167,FM,1,1,1,0,0,0,0,0,0,-1,-1
2007,J,,Rock'n'Roll-Small Formation,First round,5,104,5,-35,8,10,7.5,0,0,167,FM,1,1.5,1.5,0,0,0,0,0,0,-1,-1
2007,J,,Rock'n'Roll-Small Formation,First round,5,104,5,-35,8,10,7.5,0,0,167,CO,2,1.5,1.5,0,0,0,0,0,0,-1,-1
2007,J,,Rock'n'Roll-Small Formation,First round,5,104,5,-35,8,10,7.5,0,0,167,DF,2,1.5,1.5,0,0,0,0,0,0,-1,-1
2007,J,,Rock'n'Roll-Small Formation,First round,6,20,5,-35,8,9,8.25,0,0,167,FM,1.5,1.5,1,0,0,0,0,0,0,-1,-1
2007,J,,Rock'n'Roll-Small Formation,First round,6,20,5,-35,8,9,8.25,0,0,167,DF,1.5,1.5,1.5,0,0,0,0,0,0,-1,-1
2007,J,,Rock'n'Roll-Small Formation,First round,6,20,5,-35,8,9,8.25,0,0,167,CO,2,1.5,2,0,0,0,0,0,0,-1,-1
2007,J,,Rock'n'Roll-Small Formation,First round,7,335,5,-35,8,6,6,0,0,167,CO,1.5,1,1.5,0,0,0,0,0,0,-1,-1
2007,J,,Rock'n'Roll-Small Formation,First round,7,335,5,-35,8,6,6,0,0,167,DF,1,1,1,0,0,0,0,0,0,-1,-1
2007,J,,Rock'n'Roll-Small Formation,First round,7,335,5,-35,8,6,6,0,0,167,FM,1.5,1,1.5,0,0,0,0,0,0,-1,-1
2007,J,,Rock'n'Roll-Small Formation,First round,8,31,5,-15,12,11,9.75,0,0,167,CO,2.5,2,2,0,0,0,0,0,0,-1,-1
2007,J,,Rock'n'Roll-Small Formation,First round,8,31,5,-15,12,11,9.75,0,0,167,DF,2,1.5,2,0,0,0,0,0,0,-1,-1
2007,J,,Rock'n'Roll-Small Formation,First round,8,31,5,-15,12,11,9.75,0,0,167,FM,2,2,2,0,0,0,0,0,0,-1,-1
2008,A,,Rock'n'Roll-Kids,Final,1,66,1,-35,6.5,11.25,9,0,0,167,CO,1.5,1.5,1.5,0,0,0,0,0,0,-1,-1
2008,A,,Rock'n'Roll-Kids,Final,1,66,1,-35,6.5,11.25,9,0,0,167,DF,1.5,1.5,1.5,0,0,0,0,0,0,-1,-1
2008,A,,Rock'n'Roll-Kids,Final,2,242,1,-25,7.5,13.75,11,0,0,167,CO,2,2,1.5,0,0,0,0,0,0,-1,-1
2008,A,,Rock'n'Roll-Kids,Final,2,242,1,-25,7.5,13.75,11,0,0,167,DF,2,2,1.5,0,0,0,0,0,0,-1,-1
2008,B,,Rock'n'Roll-Kids,Final,1,66,2,-25,8.5,11.25,9,0,0,167,CO,1.5,1.5,1.5,0,0,0,0,0,0,-1,-1
2008,B,,Rock'n'Roll-Kids,Final,1,66,2,-25,8.5,11.25,9,0,0,167,DF,1,2,1.5,0,0,0,0,0,0,-1,-1
2008,B,,Rock'n'Roll-Kids,Final,2,242,2,-25,6.5,8.75,8,0,0,167,CO,1,1.5,1.5,0,0,0,0,0,0,-1,-1
2008,B,,Rock'n'Roll-Kids,Final,2,242,2,-25,6.5,8.75,8,0,0,167,DF,1,1.5,1,0,0,0,0,0,0,-1,-1
2008,C,,Rock'n'Roll-Kids,Final,1,66,3,-35,5,7.5,6,0,0,167,CO,1,1,1,0,0,0,0,0,0,-1,-1
2008,C,,Rock'n'Roll-Kids,Final,1,66,3,-35,5,7.5,6,0,0,167,DF,0.5,1.5,1,0,0,0,0,0,0,-1,-1
2008,C,,Rock'n'Roll-Kids,Final,2,242,3,-50,2.5,8.75,6,0,0,167,CO,1,1,1,0,0,0,0,0,0,-1,-1
2008,C,,Rock'n'Roll-Kids,Final,2,242,3,-50,2.5,8.75,6,0,0,167,DF,1,1,1.5,0,0,0,0,0,0,-1,-1
2008,E,,Rock'n'Roll-Kids,Final,1,66,4,-35,5,8.75,6,0,0,167,CO,1,1,1,0,0,0,0,0,0,-1,-1
2008,E,,Rock'n'Roll-Kids,Final,1,66,4,-35,5,8.75,6,0,0,167,DF,1,1.5,1,0,0,0,0,0,0,-1,-1
2008,E,,Rock'n'Roll-Kids,Final,2,242,4,-25,5,11.25,7,0,0,167,CO,1,1,1.5,0,0,0,0,0,0,-1,-1
2008,E,,Rock'n'Roll-Kids,Final,2,242,4,-25,5,11.25,7,0,0,167,DF,1.5,1.5,1.5,0,0,0,0,0,0,-1,-1
2008,F,,Rock'n'Roll-Kids,Final,1,66,5,-25,6.5,8.75,10,0,0,167,DF,1.5,2,0,0,0,0,0,0,0,-1,-1
2008,F,,Rock'n'Roll-Kids,Final,1,66,5,-25,6.5,8.75,10,0,0,167,CO,1.5,2,1.5,0,0,0,0,0,0,-1,-1
2008,F,,Rock'n'Roll-Kids,Final,2,242,5,-25,7.5,13.75,10,0,0,167,CO,1.5,2,1.5,0,0,0,0,0,0,-1,-1
2008,F,,Rock'n'Roll-Kids,Final,2,242,5,-25,7.5,13.75,10,0,0,167,DF,2,2,1.5,0,0,0,0,0,0,-1,-1
2008,G,,Rock'n'Roll-Kids,Final,1,66,6,-35,6.5,10,6,0,0,167,CO,1,1,1,0,0,0,0,0,0,-1,-1
2008,G,,Rock'n'Roll-Kids,Final,1,66,6,-35,6.5,10,6,0,0,167,DF,1.5,1.5,1,0,0,0,0,0,0,-1,-1
2008,G,,Rock'n'Roll-Kids,Final,2,242,6,-35,6.5,8.75,6,-2,0,167,CO,1,1,1,0,0,0,0,0,0,-1,-1
2008,G,,Rock'n'Roll-Kids,Final,2,242,6,-35,6.5,8.75,6,-2,0,167,DF,1,1.5,1,0,0,0,0,0,0,-1,-1
2010,A,,Rock'n'Roll-Beginners,Final,1,289,1,-35,6.5,13.75,11,0,0,167,CO,2,2,1.5,0,0,0,0,0,0,-1,-1
2010,A,,Rock'n'Roll-Beginners,Final,1,289,1,-35,6.5,13.75,11,0,0,167,DF,2,1.5,2,0,0,0,0,0,0,-1,-1
2010,A,,Rock'n'Roll-Beginners,Final,2,293,1,-35,2.5,11.25,10,0,0,167,CO,2,1.5,1.5,0,0,0,0,0,0,-1,-1
2010,A,,Rock'n'Roll-Beginners,Final,2,293,1,-35,2.5,11.25,10,0,0,167,DF,1.5,1.5,1.5,0,0,0,0,0,0,-1,-1
2010,A,,Rock'n'Roll-Beginners,Final,3,114,1,-25,7.5,11.25,10,-2,0,167,CO,2,1.5,1.5,0,0,0,0,0,0,-1,-1
2010,A,,Rock'n'Roll-Beginners,Final,3,114,1,-25,7.5,11.25,10,-2,0,167,DF,1.5,1.5,1.5,0,0,0,0,0,0,-1,-1
2010,A,,Rock'n'Roll-Beginners,Final,4,350,1,-50,5,11.25,11,0,0,167,CO,1.5,2,2,0,0,0,0,0,0,-1,-1
2010,A,,Rock'n'Roll-Beginners,Final,4,350,1,-50,5,11.25,11,0,0,167,DF,1.5,1.5,1.5,0,0,0,0,0,0,-1,-1
2010,A,,Rock'n'Roll-Beginners,Final,5,290,1,-35,6.5,10,8,0,0,167,DF,1.5,1,1.5,0,0,0,0,0,0,-1,-1
2010,A,,Rock'n'Roll-Beginners,Final,5,290,1,-35,6.5,10,8,0,0,167,CO,1.5,1,1.5,0,0,0,0,0,0,-1,-1
2010,A,,Rock'n'Roll-Beginners,Final,6,279,1,-35,5,10,10,0,0,167,CO,2,1.5,1.5,0,0,0,0,0,0,-1,-1
2010,A,,Rock'n'Roll-Beginners,Final,6,279,1,-35,5,10,10,0,0,167,DF,1.5,1,1.5,0,0,0,0,0,0,-1,-1
2010,B,,Rock'n'Roll-Beginners,Final,1,289,2,-25,6.5,11.25,10,-2,0,167,CO,1.5,1.5,2,0,0,0,0,0,0,-1,-1
2010,B,,Rock'n'Roll-Beginners,Final,1,289,2,-25,6.5,11.25,10,-2,0,167,DF,1.5,1.5,1.5,0,0,0,0,0,0,-1,-1
2010,B,,Rock'n'Roll-Beginners,Final,2,293,2,-25,2.5,8.75,6,0,0,167,CO,1,1,1,0,0,0,0,0,0,-1,-1
2010,B,,Rock'n'Roll-Beginners,Final,2,293,2,-25,2.5,8.75,6,0,0,167,DF,1,1,1.5,0,0,0,0,0,0,-1,-1
2010,B,,Rock'n'Roll-Beginners,Final,3,114,2,-25,6.5,10,8,0,-10,167,CO,1.5,1.5,1,0,0,0,0,0,0,-1,-1
2010,B,,Rock'n'Roll-Beginners,Final,3,114,2,-25,6.5,10,8,0,-10,167,DF,1,1.5,1.5,0,0,0,0,0,0,-1,-1
2010,B,,Rock'n'Roll-Beginners,Final,4,350,2,-25,5,7.5,8,0,0,167,CO,1.5,1,1.5,0,0,0,0,0,0,-1,-1
2010,B,,Rock'n'Roll-Beginners,Final,4,350,2,-25,5,7.5,8,0,0,167,DF,1,1,1,0,0,0,0,0,0,-1,-1
2010,B,,Rock'n'Roll-Beginners,Final,5,290,2,-50,6.5,7.5,6,-2,0,167,CO,1,1,1,0,0,0,0,0,0,-1,-1
2010,B,,Rock'n'Roll-Beginners,Final,5,290,2,-50,6.5,7.5,6,-2,0,167,DF,1,1,1,0,0,0,0,0,0,-1,-1
2010,B,,Rock'n'Roll-Beginners,Final,6,279,2,-25,6.5,11.25,9,0,0,167,CO,1.5,1.5,1.5,0,0,0,0,0,0,-1,-1
2010,B,,Rock'n'Roll-Beginners,Final,6,279,2,-25,6.5,11.25,9,0,0,167,DF,1.5,1.5,1.5,0,0,0,0,0,0,-1,-1
2010,C,,Rock'n'Roll-Beginners,Final,1,289,3,-50,5,8.75,8,0,0,167,DF,1,1,1.5,0,0,0,0,0,0,-1,-1
2010,C,,Rock'n'Roll-Beginners,Final,1,289,3,-50,5,8.75,8,0,0,167,CO,1,1.5,1.5,0,0,0,0,0,0,-1,-1
2010,C,,Rock'n'Roll-Beginners,Final,2,293,3,-50,2.5,8.75,7,0,0,167,CO,1,1,1.5,0,0,0,0,0,0,-1,-1
2010,C,,Rock'n'Roll-Beginners,Final,2,293,3,-50,2.5,8.75,7,0,0,167,DF,1,1,1.5,0,0,0,0,0,0,-1,-1
2010,C,,Rock'n'Roll-Beginners,Final,3,114,3,-50,5,6.25,6,0,-10,167,CO,1,1,1,0,0,0,0,0,0,-1,-1
2010,C,,Rock'n'Roll-Beginners,Final,3,114,3,-50,5,6.25,6,0,-10,167,DF,1,0.5,1,0,0,0,0,0,0,-1,-1
2010,C,,Rock'n'Roll-Beginners,Final,4,350,3,-50,2.5,6.25,6,0,0,167,CO,1,1,1,0,0,0,0,0,0,-1,-1
2010,C,,Rock'n'Roll-Beginners,Final,4,350,3,-50,2.5,6.25,6,0,0,167,DF,0.5,1,1,0,0,0,0,0,0,-1,-1
2010,C,,Rock'n'Roll-Beginners,Final,5,290,3,-50,5,8.75,6,0,0,167,CO,1,1,1,0,0,0,0,0,0,-1,-1
2010,C,,Rock'n'Roll-Beginners,Final,5,290,3,-50,5,8.75,6,0,0,167,DF,1,1,1.5,0,0,0,0,0,0,-1,-1
2010,C,,Rock'n'Roll-Beginners,Final,6,279,3,-75,5,6.25,6,0,0,167,CO,1,1,1,0,0,0,0,0,0,-1,-1
2010,C,,Rock'n'Roll-Beginners,Final,6,279,3,-75,5,6.25,6,0,0,167,DF,0.5,1,1,0,0,0,0,0,0,-1,-1
2010,E,,Rock'n'Roll-Beginners,Final,1,289,4,-35,5,8.75,7,-4,0,167,CO,1,1,1.5,0,0,0,0,0,0,-1,-1
2010,E,,Rock'n'Roll-Beginners,Final,1,289,4,-35,5,8.75,7,-4,0,167,DF,1,1,1.5,0,0,0,0,0,0,-1,-1
2010,E,,Rock'n'Roll-Beginners,Final,2,293,4,-50,2.5,8.75,7,0,0,167,CO,1.5,1,1,0,0,0,0,0,0,-1,-1
2010,E,,Rock'n'Roll-Beginners,Final,2,293,4,-50,2.5,8.75,7,0,0,167,DF,1,1,1.5,0,0,0,0,0,0,-1,-1
2010,E,,Rock'n'Roll-Beginners,Final,3,114,4,-50,5,6.25,7,-2,0,167,DF,1,0.5,1,0,0,0,0,0,0,-1,-1
2010,E,,Rock'n'Roll-Beginners,Final,3,114,4,-50,5,6.25,7,-2,0,167,CO,1.5,1,1,0,0,0,0,0,0,-1,-1
2010,E,,Rock'n'Roll-Beginners,Final,4,350,4,-50,2.5,7.5,7,0,0,167,CO,1,1,1.5,0,0,0,0,0,0,-1,-1
2010,E,,Rock'n'Roll-Beginners,Final,4,350,4,-50,2.5,7.5,7,0,0,167,DF,1,1,1,0,0,0,0,0,0,-1,-1
2010,E,,Rock'n'Roll-Beginners,Final,5,290,4,-50,5,10,6,-2,0,167,CO,1,1,1,0,0,0,0,0,0,-1,-1
2010,E,,Rock'n'Roll-Beginners,Final,5,290,4,-50,5,10,6,-2,0,167,DF,1.5,1,1.5,0,0,0,0,0,0,-1,-1
2010,E,,Rock'n'Roll-Beginners,Final,6,279,4,-50,2.5,8.75,5,0,0,167,CO,0.5,1,1,0,0,0,0,0,0,-1,-1
2010,E,,Rock'n'Roll-Beginners,Final,6,279,4,-50,2.5,8.75,5,0,0,167,DF,1,1,1.5,0,0,0,0,0,0,-1,-1
2010,F,,Rock'n'Roll-Beginners,Final,1,289,5,-35,7.5,12.5,9,0,0,167,CO,1.5,1.5,1.5,0,0,0,0,0,0,-1,-1
2010,F,,Rock'n'Roll-Beginners,Final,1,289,5,-35,7.5,12.5,9,0,0,167,DF,2,1.5,1.5,0,0,0,0,0,0,-1,-1
2010,F,,Rock'n'Roll-Beginners,Final,2,293,5,-25,6.5,12.5,9,0,0,167,CO,1.5,1.5,1.5,0,0,0,0,0,0,-1,-1
2010,F,,Rock'n'Roll-Beginners,Final,2,293,5,-25,6.5,12.5,9,0,0,167,DF,2,1.5,1.5,0,0,0,0,0,0,-1,-1
2010,F,,Rock'n'Roll-Beginners,Final,3,114,5,-35,5,8.75,6,0,-10,167,CO,1,1,1,0,0,0,0,0,0,-1,-1
2010,F,,Rock'n'Roll-Beginners,Final,3,114,5,-35,5,8.75,6,0,-10,167,DF,1.5,1,1,0,0,0,0,0,0,-1,-1
2010,F,,Rock'n'Roll-Beginners,Final,4,350,5,-50,2.5,8.75,7,0,0,167,CO,1,1.5,1,0,0,0,0,0,0,-1,-1
2010,F,,Rock'n'Roll-Beginners,Final,4,350,5,-50,2.5,8.75,7,0,0,167,DF,1,1.5,1,0,0,0,0,0,0,-1,-1
2010,F,,Rock'n'Roll-Beginners,Final,5,290,5,-50,5,11.25,9,0,0,167,DF,1.5,1.5,1.5,0,0,0,0,0,0,-1,-1
2010,F,,Rock'n'Roll-Beginners,Final,5,290,5,-50,5,11.25,9,0,0,167,CO,1.5,1.5,1.5,0,0,0,0,0,0,-1,-1
2010,F,,Rock'n'Roll-Beginners,Final,6,279,5,-35,5,11.25,9,0,0,167,CO,1.5,1.5,1.5,0,0,0,0,0,0,-1,-1
2010,F,,Rock'n'Roll-Beginners,Final,6,279,5,-35,5,11.25,9,0,0,167,DF,1.5,1.5,1.5,0,0,0,0,0,0,-1,-1
2010,G,,Rock'n'Roll-Beginners,Final,1,289,6,-35,8.5,11.25,10,-2,0,167,CO,1.5,1.5,2,0,0,0,0,0,0,-1,-1
2010,G,,Rock'n'Roll-Beginners,Final,1,289,6,-35,8.5,11.25,10,-2,0,167,DF,1.5,1.5,1.5,0,0,0,0,0,0,-1,-1
2010,G,,Rock'n'Roll-Beginners,Final,2,293,6,-10,6.5,12.5,9,0,0,167,CO,1.5,1.5,1.5,0,0,0,0,0,0,-1,-1
2010,G,,Rock'n'Roll-Beginners,Final,2,293,6,-10,6.5,12.5,9,0,0,167,DF,2,1.5,1.5,0,0,0,0,0,0,-1,-1
2010,G,,Rock'n'Roll-Beginners,Final,3,114,6,-50,5,7.5,5,-2,0,167,CO,1,1,0.5,0,0,0,0,0,0,-1,-1
2010,G,,Rock'n'Roll-Beginners,Final,3,114,6,-50,5,7.5,5,-2,0,167,DF,1,1,1,0,0,0,0,0,0,-1,-1
2010,G,,Rock'n'Roll-Beginners,Final,4,350,6,-35,5,8.75,6,0,0,167,CO,1,1,1,0,0,0,0,0,0,-1,-1
2010,G,,Rock'n'Roll-Beginners,Final,4,350,6,-35,5,8.75,6,0,0,167,DF,1,1.5,1,0,0,0,0,0,0,-1,-1
2010,G,,Rock'n'Roll-Beginners,Final,5,290,6,-50,5,5,4,-2,0,167,CO,0.5,1,0.5,0,0,0,0,0,0,-1,-1
2010,G,,Rock'n'Roll-Beginners,Final,5,290,6,-50,5,5,4,-2,0,167,DF,0.5,1,0.5,0,0,0,0,0,0,-1,-1
2010,G,,Rock'n'Roll-Beginners,Final,6,279,6,-50,5,7.5,6,0,0,167,CO,1,1,1,0,0,0,0,0,0,-1,-1
2010,G,,Rock'n'Roll-Beginners,Final,6,279,6,-50,5,7.5,6,0,0,167,DF,1,1,1,0,0,0,0,0,0,-1,-1
2013,B,,Rock'n'Roll-Small Formation Juniors,Final,1,281,1,-25,9,6,5.25,-4,0,167,DF,1,1,1,0,0,0,0,0,0,-1,-1
2013,B,,Rock'n'Roll-Small Formation Juniors,Final,1,281,1,-25,9,6,5.25,-4,0,167,FM,1.5,1.5,1.5,0,0,0,0,0,0,-1,-1
2013,B,,Rock'n'Roll-Small Formation Juniors,Final,1,281,1,-25,9,6,5.25,-4,0,167,CO,1.5,1,1,0,0,0,0,0,0,-1,-1
2013,B,,Rock'n'Roll-Small Formation Juniors,Final,2,115,1,-35,8,8,6,0,0,167,CO,1,1.5,1.5,0,0,0,0,0,0,-1,-1
2013,B,,Rock'n'Roll-Small Formation Juniors,Final,2,115,1,-35,8,8,6,0,0,167,DF,1,1.5,1.5,0,0,0,0,0,0,-1,-1
2013,B,,Rock'n'Roll-Small Formation Juniors,Final,2,115,1,-35,8,8,6,0,0,167,FM,1.5,1.5,1,0,0,0,0,0,0,-1,-1
2013,B,,Rock'n'Roll-Small Formation Juniors,Final,3,105,1,-35,9,7,4.5,-4,0,167,CO,1,1,1,0,0,0,0,0,0,-1,-1
2013,B,,Rock'n'Roll-Small Formation Juniors,Final,3,105,1,-35,9,7,4.5,-4,0,167,DF,1,1,1.5,0,0,0,0,0,0,-1,-1
2013,B,,Rock'n'Roll-Small Formation Juniors,Final,3,105,1,-35,9,7,4.5,-4,0,167,FM,1.5,1.5,1.5,0,0,0,0,0,0,-1,-1
2013,B,,Rock'n'Roll-Small Formation Juniors,Final,4,174,1,-15,12,12,9.75,0,0,167,CO,2,2,2.5,0,0,0,0,0,0,-1,-1
2013,B,,Rock'n'Roll-Small Formation Juniors,Final,4,174,1,-15,12,12,9.75,0,0,167,DF,2,2,2,0,0,0,0,0,0,-1,-1
2013,B,,Rock'n'Roll-Small Formation Juniors,Final,4,174,1,-15,12,12,9.75,0,0,167,FM,2,2,2,0,0,0,0,0,0,-1,-1
2013,B,,Rock'n'Roll-Small Formation Juniors,Final,5,158,1,-50,6,6,5.25,-8,0,167,FM,1,1,1,0,0,0,0,0,0,-1,-1
2013,B,,Rock'n'Roll-Small Formation Juniors,Final,5,158,1,-50,6,6,5.25,-8,0,167,CO,1,1.5,1,0,0,0,0,0,0,-1,-1
2013,B,,Rock'n'Roll-Small Formation Juniors,Final,5,158,1,-50,6,6,5.25,-8,0,167,DF,1,1,1,0,0,0,0,0,0,-1,-1
2013,B,,Rock'n'Roll-Small Formation Juniors,Final,6,151,1,-35,9,8,6,-2,-10,167,FM,1.5,1.5,1.5,0,0,0,0,0,0,-1,-1
2013,B,,Rock'n'Roll-Small Formation Juniors,Final,6,151,1,-35,9,8,6,-2,-10,167,CO,1.5,1.5,1,0,0,0,0,0,0,-1,-1
2013,B,,Rock'n'Roll-Small Formation Juniors,Final,6,151,1,-35,9,8,6,-2,-10,167,DF,1.5,1,1.5,0,0,0,0,0,0,-1,-1
2013,E,,Rock'n'Roll-Small Formation Juniors,Final,1,281,2,-50,7,6,5.25,-6,0,167,CO,1,1,1.5,0,0,0,0,0,0,-1,-1
2013,E,,Rock'n'Roll-Small Formation Juniors,Final,1,281,2,-50,7,6,5.25,-6,0,167,DF,1,0.5,1.5,0,0,0,0,0,0,-1,-1
2013,E,,Rock'n'Roll-Small Formation Juniors,Final,1,281,2,-50,7,6,5.25,-6,0,167,FM,1.5,0.5,1.5,0,0,0,0,0,0,-1,-1
2013,E,,Rock'n'Roll-Small Formation Juniors,Final,2,115,2,-50,6,7,4.5,-2,0,167,DF,1,1,1.5,0,0,0,0,0,0,-1,-1
2013,E,,Rock'n'Roll-Small Formation Juniors,Final,2,115,2,-50,6,7,4.5,-2,0,167,FM,1,1,1,0,0,0,0,0,0,-1,-1
2013,E,,Rock'n'Roll-Small Formation Juniors,Final,2,115,2,-50,6,7,4.5,-2,0,167,CO,1,1,1,0,0,0,0,0,0,-1,-1
2013,E,,Rock'n'Roll-Small Formation Juniors,Final,3,105,2,-50,6,6,3.75,-2,0,167,CO,1,1,0.5,0,0,0,0,0,0,-1,-1
2013,E,,Rock'n'Roll-Small Formation Juniors,Final,3,105,2,-50,6,6,3.75,-2,0,167,DF,1,1,1,0,0,0,0,0,0,-1,-1
2013,E,,Rock'n'Roll-Small Formation Juniors,Final,3,105,2,-50,6,6,3.75,-2,0,167,FM,1,1,1,0,0,0,0,0,0,-1,-1
2013,E,,Rock'n'Roll-Small Formation Juniors,Final,4,174,2,-15,12,12,9.75,0,0,167,CO,2,2.5,2,0,0,0,0,0,0,-1,-1
2013,E,,Rock'n'Roll-Small Formation Juniors,Final,4,174,2,-15,12,12,9.75,0,0,167,DF,2,2,2,0,0,0,0,0,0,-1,-1
2013,E,,Rock'n'Roll-Small Formation Juniors,Final,4,174,2,-15,12,12,9.75,0,0,167,FM,2.5,1.5,2,0,0,0,0,0,0,-1,-1
2013,E,,Rock'n'Roll-Small Formation Juniors,Final,5,158,2,-50,7,6,5.25,-2,0,167,CO,1,1.5,1,0,0,0,0,0,0,-1,-1
2013,E,,Rock'n'Roll-Small Formation Juniors,Final,5,158,2,-50,7,6,5.25,-2,0,167,DF,1,1,1,0,0,0,0,0,0,-1,-1
2013,E,,Rock'n'Roll-Small Formation Juniors,Final,5,158,2,-50,7,6,5.25,-2,0,167,FM,1.5,1,1,0,0,0,0,0,0,-1,-1
2013,E,,Rock'n'Roll-Small Formation Juniors,Final,6,151,2,-50,8,9,6.75,0,0,167,CO,1.5,1.5,1.5,0,0,0,0,0,0,-1,-1
2013,E,,Rock'n'Roll-Small Formation Juniors,Final,6,151,2,-50,8,9,6.75,0,0,167,DF,1.5,1.5,1.5,0,0,0,0,0,0,-1,-1
2013,E,,Rock'n'Roll-Small Formation Juniors,Final,6,151,2,-50,8,9,6.75,0,0,167,FM,1.5,1,1.5,0,0,0,0,0,0,-1,-1
2013,F,,Rock'n'Roll-Small Formation Juniors,Final,1,281,3,-15,11,11,8.25,-4,-10,167,FM,2,1.5,2,0,0,0,0,0,0,-1,-1
2013,F,,Rock'n'Roll-Small Formation Juniors,Final,1,281,3,-15,11,11,8.25,-4,-10,167,CO,2,1.5,2,0,0,0,0,0,0,-1,-1
2013,F,,Rock'n'Roll-Small Formation Juniors,Final,1,281,3,-15,11,11,8.25,-4,-10,167,DF,2,1.5,2,0,0,0,0,0,0,-1,-1
2013,F,,Rock'n'Roll-Small Formation Juniors,Final,2,115,3,-35,9,9,6.75,0,0,167,FM,1.5,1.5,1.5,0,0,0,0,0,0,-1,-1
2013,F,,Rock'n'Roll-Small Formation Juniors,Final,2,115,3,-35,9,9,6.75,0,0,167,CO,1.5,1.5,1.5,0,0,0,0,0,0,-1,-1
2013,F,,Rock'n'Roll-Small Formation Juniors,Final,2,115,3,-35,9,9,6.75,0,0,167,DF,1.5,1.5,1.5,0,0,0,0,0,0,-1,-1
2013,F,,Rock'n'Roll-Small Formation Juniors,Final,3,105,3,-50,7,7,6,-2,0,167,CO,1,1.5,1.5,0,0,0,0,0,0,-1,-1
2013,F,,Rock'n'Roll-Small Formation Juniors,Final,3,105,3,-50,7,7,6,-2,0,167,DF,1,1.5,1,0,0,0,0,0,0,-1,-1
2013,F,,Rock'n'Roll-Small Formation Juniors,Final,3,105,3,-50,7,7,6,-2,0,167,FM,1,1.5,1,0,0,0,0,0,0,-1,-1
2013,F,,Rock'n'Roll-Small Formation Juniors,Final,4,174,3,-35,12,12,9,0,0,167,CO,2,2,2,0,0,0,0,0,0,-1,-1
2013,F,,Rock'n'Roll-Small Formation Juniors,Final,4,174,3,-35,12,12,9,0,0,167,DF,2,2,2,0,0,0,0,0,0,-1,-1
2013,F,,Rock'n'Roll-Small Formation Juniors,Final,4,174,3,-35,12,12,9,0,0,167,FM,2,2,2,0,0,0,0,0,0,-1,-1
2013,F,,Rock'n'Roll-Small Formation Juniors,Final,5,158,3,-50,6,6,5.25,0,0,167,CO,1,1.5,1,0,0,0,0,0,0,-1,-1
2013,F,,Rock'n'Roll-Small Formation Juniors,Final,5,158,3,-50,6,6,5.25,0,0,167,DF,1,1,1,0,0,0,0,0,0,-1,-1
2013,F,,Rock'n'Roll-Small Formation Juniors,Final,5,158,3,-50,6,6,5.25,0,0,167,FM,1,1,1,0,0,0,0,0,0,-1,-1
2013,F,,Rock'n'Roll-Small Formation Juniors,Final,6,151,3,-50,9,9,6.75,0,0,167,CO,1.5,1.5,1.5,0,0,0,0,0,0,-1,-1
2013,F,,Rock'n'Roll-Small Formation Juniors,Final,6,151,3,-50,9,9,6.75,0,0,167,DF,1.5,1.5,1.5,0,0,0,0,0,0,-1,-1
2013,F,,Rock'n'Roll-Small Formation Juniors,Final,6,151,3,-50,9,9,6.75,0,0,167,FM,1.5,1.5,1.5,0,0,0,0,0,0,-1,-1
2013,G,,Rock'n'Roll-Small Formation Juniors,Final,1,281,4,-50,6,6,5.25,-6,0,167,CO,1,1.5,1,0,0,0,0,0,0,-1,-1
2013,G,,Rock'n'Roll-Small Formation Juniors,Final,1,281,4,-50,6,6,5.25,-6,0,167,FM,1,1,1,0,0,0,0,0,0,-1,-1
2013,G,,Rock'n'Roll-Small Formation Juniors,Final,1,281,4,-50,6,6,5.25,-6,0,167,DF,1,1,1,0,0,0,0,0,0,-1,-1
2013,G,,Rock'n'Roll-Small Formation Juniors,Final,2,115,4,-35,6,8,5.25,-4,0,167,CO,1.5,1,1,0,0,0,0,0,0,-1,-1
2013,G,,Rock'n'Roll-Small Formation Juniors,Final,2,115,4,-35,6,8,5.25,-4,0,167,DF,1.5,1.5,1,0,0,0,0,0,0,-1,-1
2013,G,,Rock'n'Roll-Small Formation Juniors,Final,2,115,4,-35,6,8,5.25,-4,0,167,FM,1,1,1,0,0,0,0,0,0,-1,-1
2013,G,,Rock'n'Roll-Small Formation Juniors,Final,3,105,4,-50,8,6,4.5,0,0,167,FM,1.5,1.5,1,0,0,0,0,0,0,-1,-1
2013,G,,Rock'n'Roll-Small Formation Juniors,Final,3,105,4,-50,8,6,4.5,0,0,167,CO,1,1,1,0,0,0,0,0,0,-1,-1
2013,G,,Rock'n'Roll-Small Formation Juniors,Final,3,105,4,-50,8,6,4.5,0,0,167,DF,1,1,1,0,0,0,0,0,0,-1,-1
2013,G,,Rock'n'Roll-Small Formation Juniors,Final,4,174,4,-15,11,12,8.25,0,0,167,FM,2,2,1.5,0,0,0,0,0,0,-1,-1
2013,G,,Rock'n'Roll-Small Formation Juniors,Final,4,174,4,-15,11,12,8.25,0,0,167,CO,2,2,1.5,0,0,0,0,0,0,-1,-1
2013,G,,Rock'n'Roll-Small Formation Juniors,Final,4,174,4,-15,11,12,8.25,0,0,167,DF,2,2,2,0,0,0,0,0,0,-1,-1
2013,G,,Rock'n'Roll-Small Formation Juniors,Final,5,158,4,-50,5,6,3,0,0,167,CO,0.5,1,0.5,0,0,0,0,0,0,-1,-1
2013,G,,Rock'n'Roll-Small Formation Juniors,Final,5,158,4,-50,5,6,3,0,0,167,DF,1,1,1,0,0,0,0,0,0,-1,-1
2013,G,,Rock'n'Roll-Small Formation Juniors,Final,5,158,4,-50,5,6,3,0,0,167,FM,0.5,1,1,0,0,0,0,0,0,-1,-1
2013,G,,Rock'n'Roll-Small Formation Juniors,Final,6,151,4,-50,6,8,5.25,0,0,167,DF,1.5,1.5,1,0,0,0,0,0,0,-1,-1
2013,G,,Rock'n'Roll-Small Formation Juniors,Final,6,151,4,-50,6,8,5.25,0,0,167,FM,1,1,1,0,0,0,0,0,0,-1,-1
2013,G,,Rock'n'Roll-Small Formation Juniors,Final,6,151,4,-50,6,8,5.25,0,0,167,CO,1,1.5,1,0,0,0,0,0,0,-1,-1
2013,J,,Rock'n'Roll-Small Formation Juniors,Final,1,281,5,-35,9,10,7.5,-2,-10,167,CO,2,1.5,1.5,0,0,0,0,0,0,-1,-1
2013,J,,Rock'n'Roll-Small Formation Juniors,Final,1,281,5,-35,9,10,7.5,-2,-10,167,DF,2,1.5,1.5,0,0,0,0,0,0,-1,-1
2013,J,,Rock'n'Roll-Small Formation Juniors,Final,1,281,5,-35,9,10,7.5,-2,-10,167,FM,1.5,1.5,1.5,0,0,0,0,0,0,-1,-1
2013,J,,Rock'n'Roll-Small Formation Juniors,Final,2,115,5,-35,11,11,9,-2,0,167,CO,2,2,2,0,0,0,0,0,0,-1,-1
2013,J,,Rock'n'Roll-Small Formation Juniors,Final,2,115,5,-35,11,11,9,-2,0,167,DF,2,1.5,2,0,0,0,0,0,0,-1,-1
2013,J,,Rock'n'Roll-Small Formation Juniors,Final,2,115,5,-35,11,11,9,-2,0,167,FM,2,1.5,2,0,0,0,0,0,0,-1,-1
2013,J,,Rock'n'Roll-Small Formation Juniors,Final,3,105,5,-50,7,6,6.75,-6,0,167,CO,1.5,1.5,1.5,0,0,0,0,0,0,-1,-1
2013,J,,Rock'n'Roll-Small Formation Juniors,Final,3,105,5,-50,7,6,6.75,-6,0,167,DF,1,1,1,0,0,0,0,0,0,-1,-1
2013,J,,Rock'n'Roll-Small Formation Juniors,Final,3,105,5,-50,7,6,6.75,-6,0,167,FM,1,1,1.5,0,0,0,0,0,0,-1,-1
2013,J,,Rock'n'Roll-Small Formation Juniors,Final,4,174,5,-25,10,11,8.25,0,0,167,CO,2,2,1.5,0,0,0,0,0,0,-1,-1
2013,J,,Rock'n'Roll-Small Formation Juniors,Final,4,174,5,-25,10,11,8.25,0,0,167,DF,2,2,1.5,0,0,0,0,0,0,-1,-1
2013,J,,Rock'n'Roll-Small Formation Juniors,Final,4,174,5,-25,10,11,8.25,0,0,167,FM,1.5,1.5,2,0,0,0,0,0,0,-1,-1
2013,J,,Rock'n'Roll-Small Formation Juniors,Final,5,158,5,-35,7,7,6.75,0,0,167,CO,1.5,1.5,1.5,0,0,0,0,0,0,-1,-1
2013,J,,Rock'n'Roll-Small Formation Juniors,Final,5,158,5,-35,7,7,6.75,0,0,167,DF,1,1.5,1,0,0,0,0,0,0,-1,-1
2013,J,,Rock'n'Roll-Small Formation Juniors,Final,5,158,5,-35,7,7,6.75,0,0,167,FM,1,1.5,1,0,0,0,0,0,0,-1,-1
2013,J,,Rock'n'Roll-Small Formation Juniors,Final,6,151,5,-35,7,9,8.25,-2,0,167,FM,1,1,1.5,0,0,0,0,0,0,-1,-1
2013,J,,Rock'n'Roll-Small Formation Juniors,Final,6,151,5,-35,7,9,8.25,-2,0,167,DF,1.5,1.5,1.5,0,0,0,0,0,0,-1,-1
2013,J,,Rock'n'Roll-Small Formation Juniors,Final,6,151,5,-35,7,9,8.25,-2,0,167,CO,2,1.5,2,0,0,0,0,0,0,-1,-1
2014,A,F,Rock'n'Roll-Main Class Contact Style,Final - Foot technique,1,430,1,-57.5,4.25,8.125,6,-2,0,167,CO,2,2,2,0,0,0,0,0,0,-1,-1
2014,A,F,Rock'n'Roll-Main Class Contact Style,Final - Foot technique,1,430,1,-57.5,4.25,8.125,6,-2,0,167,DF,2,2.5,2,0,0,0,0,0,0,-1,-1
2014,A,F,Rock'n'Roll-Main Class Contact Style,Final - Foot technique,2,160,1,-62.5,3.25,6.25,6,0,0,167,CO,2,2,2,0,0,0,0,0,0,-1,-1
2014,A,F,Rock'n'Roll-Main Class Contact Style,Final - Foot technique,2,160,1,-62.5,3.25,6.25,6,0,0,167,DF,2,1.5,1.5,0,0,0,0,0,0,-1,-1
2014,A,F,Rock'n'Roll-Main Class Contact Style,Final - Foot technique,3,494,1,-55,4.5,10,6.5,0,0,167,DF,2.5,2.5,3,0,0,0,0,0,0,-1,-1
2014,A,F,Rock'n'Roll-Main Class Contact Style,Final - Foot technique,3,494,1,-55,4.5,10,6.5,0,0,167,CO,2,2,2.5,0,0,0,0,0,0,-1,-1
2014,A,F,Rock'n'Roll-Main Class Contact Style,Final - Foot technique,4,28,1,-57.5,3.75,7.5,5.5,0,0,167,CO,2,1.5,2,0,0,0,0,0,0,-1,-1
2014,A,F,Rock'n'Roll-Main Class Contact Style,Final - Foot technique,4,28,1,-57.5,3.75,7.5,5.5,0,0,167,DF,2,1.5,2.5,0,0,0,0,0,0,-1,-1
2014,A,F,Rock'n'Roll-Main Class Contact Style,Final - Foot technique,5,495,1,-57.5,4.5,7.5,6,-2,0,167,CO,2,2,2,0,0,0,0,0,0,-1,-1
2014,A,F,Rock'n'Roll-Main Class Contact Style,Final - Foot technique,5,495,1,-57.5,4.5,7.5,6,-2,0,167,DF,2,1.5,2.5,0,0,0,0,0,0,-1,-1
2014,A,F,Rock'n'Roll-Main Class Contact Style,Final - Foot technique,6,179,1,-62.5,4.25,6.875,6.5,0,0,167,CO,2,2,2.5,0,0,0,0,0,0,-1,-1
2014,A,F,Rock'n'Roll-Main Class Contact Style,Final - Foot technique,6,179,1,-62.5,4.25,6.875,6.5,0,0,167,DF,2,1.5,2,0,0,0,0,0,0,-1,-1
2014,B,F,Rock'n'Roll-Main Class Contact Style,Final - Foot technique,1,430,2,-57.5,4.25,5.625,5.5,0,0,167,DF,1.5,1.5,1.5,0,0,0,0,0,0,-1,-1
2014,B,F,Rock'n'Roll-Main Class Contact Style,Final - Foot technique,1,430,2,-57.5,4.25,5.625,5.5,0,0,167,CO,1.5,2,2,0,0,0,0,0,0,-1,-1
2014,B,F,Rock'n'Roll-Main Class Contact Style,Final - Foot technique,2,160,2,-67.5,2.5,5,3.5,0,0,167,DF,1.5,1,1.5,0,0,0,0,0,0,-1,-1
2014,B,F,Rock'n'Roll-Main Class Contact Style,Final - Foot technique,2,160,2,-67.5,2.5,5,3.5,0,0,167,CO,1,1.5,1,0,0,0,0,0,0,-1,-1
2014,B,F,Rock'n'Roll-Main Class Contact Style,Final - Foot technique,3,494,2,-57.5,4.25,6.25,5,0,0,167,CO,1.5,1.5,2,0,0,0,0,0,0,-1,-1
2014,B,F,Rock'n'Roll-Main Class Contact Style,Final - Foot technique,3,494,2,-57.5,4.25,6.25,5,0,0,167,DF,1.5,2,1.5,0,0,0,0,0,0,-1,-1
2014,B,F,Rock'n'Roll-Main Class Contact Style,Final - Foot technique,4,28,2,-62.5,3.25,5.625,4,0,0,167,CO,1.5,1,1.5,0,0,0,0,0,0,-1,-1
2014,B,F,Rock'n'Roll-Main Class Contact Style,Final - Foot technique,4,28,2,-62.5,3.25,5.625,4,0,0,167,DF,1.5,1.5,1.5,0,0,0,0,0,0,-1,-1
2014,B,F,Rock'n'Roll-Main Class Contact Style,Final - Foot technique,5,495,2,-62.5,4.25,5,4,0,0,167,DF,1,1.5,1.5,0,0,0,0,0,0,-1,-1
2014,B,F,Rock'n'Roll-Main Class Contact Style,Final - Foot technique,5,495,2,-62.5,4.25,5,4,0,0,167,CO,1.5,1,1.5,0,0,0,0,0,0,-1,-1
2014,B,F,Rock'n'Roll-Main Class Contact Style,Final - Foot technique,6,179,2,-57.5,3.25,6.25,5,0,0,167,CO,1.5,2,1.5,0,0,0,0,0,0,-1,-1
2014,B,F,Rock'n'Roll-Main Class Contact Style,Final - Foot technique,6,179,2,-57.5,3.25,6.25,5,0,0,167,DF,1.5,2,1.5,0,0,0,0,0,0,-1,-1
2014,C,F,Rock'n'Roll-Main Class Contact Style,Final - Foot technique,1,430,3,-62.5,4.25,6.875,5,0,0,167,CO,1.5,2,1.5,0,0,0,0,0,0,-1,-1
2014,C,F,Rock'n'Roll-Main Class Contact Style,Final - Foot technique,1,430,3,-62.5,4.25,6.875,5,0,0,167,DF,2,2,1.5,0,0,0,0,0,0,-1,-1
2014,C,F,Rock'n'Roll-Main Class Contact Style,Final - Foot technique,2,160,3,-67.5,3.25,5.625,4.5,0,0,167,CO,1.5,1.5,1.5,0,0,0,0,0,0,-1,-1
2014,C,F,Rock'n'Roll-Main Class Contact Style,Final - Foot technique,2,160,3,-67.5,3.25,5.625,4.5,0,0,167,DF,1.5,1.5,1.5,0,0,0,0,0,0,-1,-1
2014,C,F,Rock'n'Roll-Main Class Contact Style,Final - Foot technique,3,494,3,-55,4.75,7.5,4.5,0,0,167,DF,2,2,2,0,0,0,0,0,0,-1,-1
2014,C,F,Rock'n'Roll-Main Class Contact Style,Final - Foot technique,3,494,3,-55,4.75,7.5,4.5,0,0,167,CO,1.5,1.5,1.5,0,0,0,0,0,0,-1,-1
2014,C,F,Rock'n'Roll-Main Class Contact Style,Final - Foot technique,4,28,3,-67.5,2.5,5.625,5,0,0,167,DF,1,1.5,2,0,0,0,0,0,0,-1,-1
2014,C,F,Rock'n'Roll-Main Class Contact Style,Final - Foot technique,4,28,3,-67.5,2.5,5.625,5,0,0,167,CO,1.5,1.5,2,0,0,0,0,0,0,-1,-1
2014,C,F,Rock'n'Roll-Main Class Contact Style,Final - Foot technique,5,495,3,-62.5,4.25,6.875,5,0,0,167,CO,1.5,1.5,2,0,0,0,0,0,0,-1,-1
2014,C,F,Rock'n'Roll-Main Class Contact Style,Final - Foot technique,5,495,3,-62.5,4.25,6.875,5,0,0,167,DF,1.5,2,2,0,0,0,0,0,0,-1,-1
2014,C,F,Rock'n'Roll-Main Class Contact Style,Final - Foot technique,6,179,3,-67.5,4.25,6.875,5.5,0,0,167,CO,2,1.5,2,0,0,0,0,0,0,-1,-1
2014,C,F,Rock'n'Roll-Main Class Contact Style,Final - Foot technique,6,179,3,-67.5,4.25,6.875,5.5,0,0,167,DF,1.5,2,2,0,0,0,0,0,0,-1,-1
2014,E,F,Rock'n'Roll-Main Class Contact Style,Final - Foot technique,1,430,4,-57.5,4.5,8.75,7,0,0,167,DF,2.5,2,2.5,0,0,0,0,0,0,-1,-1
2014,E,F,Rock'n'Roll-Main Class Contact Style,Final - Foot technique,1,430,4,-57.5,4.5,8.75,7,0,0,167,CO,2,2.5,2.5,0,0,0,0,0,0,-1,-1
2014,E,F,Rock'n'Roll-Main Class Contact Style,Final - Foot technique,2,160,4,-62.5,4.25,6.875,5.5,0,0,167,CO,2,1.5,2,0,0,0,0,0,0,-1,-1
2014,E,F,Rock'n'Roll-Main Class Contact Style,Final - Foot technique,2,160,4,-62.5,4.25,6.875,5.5,0,0,167,DF,2,1.5,2,0,0,0,0,0,0,-1,-1
2014,E,F,Rock'n'Roll-Main Class Contact Style,Final - Foot technique,3,494,4,-55,5,8.75,7,0,0,167,CO,2.5,2,2.5,0,0,0,0,0,0,-1,-1
2014,E,F,Rock'n'Roll-Main Class Contact Style,Final - Foot technique,3,494,4,-55,5,8.75,7,0,0,167,DF,2.5,2,2.5,0,0,0,0,0,0,-1,-1
2014,E,F,Rock'n'Roll-Main Class Contact Style,Final - Foot technique,4,28,4,-57.5,3.75,6.25,6.5,-2,0,167,CO,2,2,2.5,0,0,0,0,0,0,-1,-1
2014,E,F,Rock'n'Roll-Main Class Contact Style,Final - Foot technique,4,28,4,-57.5,3.75,6.25,6.5,-2,0,167,DF,1.5,1.5,2,0,0,0,0,0,0,-1,-1
2014,E,F,Rock'n'Roll-Main Class Contact Style,Final - Foot technique,5,495,4,-55,4.25,6.875,5,0,0,167,DF,2,1.5,2,0,0,0,0,0,0,-1,-1
2014,E,F,Rock'n'Roll-Main Class Contact Style,Final - Foot technique,5,495,4,-55,4.25,6.875,5,0,0,167,CO,2,1.5,1.5,0,0,0,0,0,0,-1,-1
2014,E,F,Rock'n'Roll-Main Class Contact Style,Final - Foot technique,6,179,4,-62.5,4.25,7.5,7,0,0,167,DF,2,1.5,2.5,0,0,0,0,0,0,-1,-1
2014,E,F,Rock'n'Roll-Main Class Contact Style,Final - Foot technique,6,179,4,-62.5,4.25,7.5,7,0,0,167,CO,2,2.5,2.5,0,0,0,0,0,0,-1,-1
2014,F,F,Rock'n'Roll-Main Class Contact Style,Final - Foot technique,1,430,5,-62.5,3.75,7.5,5.5,0,-10,167,CO,2,1.5,2,0,0,0,0,0,0,-1,-1
2014,F,F,Rock'n'Roll-Main Class Contact Style,Final - Foot technique,1,430,5,-62.5,3.75,7.5,5.5,0,-10,167,DF,2,2,2,0,0,0,0,0,0,-1,-1
2014,F,F,Rock'n'Roll-Main Class Contact Style,Final - Foot technique,2,160,5,-62.5,3.25,5.625,4.5,-2,0,167,CO,1.5,1.5,1.5,0,0,0,0,0,0,-1,-1
2014,F,F,Rock'n'Roll-Main Class Contact Style,Final - Foot technique,2,160,5,-62.5,3.25,5.625,4.5,-2,0,167,DF,1.5,1.5,1.5,0,0,0,0,0,0,-1,-1
2014,F,F,Rock'n'Roll-Main Class Contact Style,Final - Foot technique,3,494,5,-57.5,4.25,8.125,6,0,0,167,DF,2.5,2,2,0,0,0,0,0,0,-1,-1
2014,F,F,Rock'n'Roll-Main Class Contact Style,Final - Foot technique,3,494,5,-57.5,4.25,8.125,6,0,0,167,CO,2,2,2,0,0,0,0,0,0,-1,-1
2014,F,F,Rock'n'Roll-Main Class Contact Style,Final - Foot technique,4,28,5,-62.5,3.25,6.25,5,0,0,167,CO,1.5,2,1.5,0,0,0,0,0,0,-1,-1
2014,F,F,Rock'n'Roll-Main Class Contact Style,Final - Foot technique,4,28,5,-62.5,3.25,6.25,5,0,0,167,DF,1.5,2,1.5,0,0,0,0,0,0,-1,-1
2014,F,F,Rock'n'Roll-Main Class Contact Style,Final - Foot technique,5,495,5,-62.5,3.75,6.875,5.5,0,0,167,CO,2,1.5,2,0,0,0,0,0,0,-1,-1
2014,F,F,Rock'n'Roll-Main Class Contact Style,Final - Foot technique,5,495,5,-62.5,3.75,6.875,5.5,0,0,167,DF,1.5,2,2,0,0,0,0,0,0,-1,-1
2014,F,F,Rock'n'Roll-Main Class Contact Style,Final - Foot technique,6,179,5,-57.5,4.5,7.5,6,0,0,167,CO,2,2,2,0,0,0,0,0,0,-1,-1
2014,F,F,Rock'n'Roll-Main Class Contact Style,Final - Foot technique,6,179,5,-57.5,4.5,7.5,6,0,0,167,DF,2,2,2,0,0,0,0,0,0,-1,-1
2014,G,F,Rock'n'Roll-Main Class Contact Style,Final - Foot technique,1,430,6,-52.5,4.5,7.5,6,-2,0,167,DF,2,2,2,0,0,0,0,0,0,-1,-1
2014,G,F,Rock'n'Roll-Main Class Contact Style,Final - Foot technique,1,430,6,-52.5,4.5,7.5,6,-2,0,167,CO,2,2,2,0,0,0,0,0,0,-1,-1
2014,G,F,Rock'n'Roll-Main Class Contact Style,Final - Foot technique,2,160,6,-57.5,4.25,6.875,5,0,0,167,DF,2,1.5,2,0,0,0,0,0,0,-1,-1
2014,G,F,Rock'n'Roll-Main Class Contact Style,Final - Foot technique,2,160,6,-57.5,4.25,6.875,5,0,0,167,CO,1.5,2,1.5,0,0,0,0,0,0,-1,-1
2014,G,F,Rock'n'Roll-Main Class Contact Style,Final - Foot technique,3,494,6,-52.5,4.75,8.125,6,0,0,167,CO,2,2,2,0,0,0,0,0,0,-1,-1
2014,G,F,Rock'n'Roll-Main Class Contact Style,Final - Foot technique,3,494,6,-52.5,4.75,8.125,6,0,0,167,DF,2,2.5,2,0,0,0,0,0,0,-1,-1
2014,G,F,Rock'n'Roll-Main Class Contact Style,Final - Foot technique,4,28,6,-57.5,4.25,5.625,4,0,0,167,CO,1.5,1,1.5,0,0,0,0,0,0,-1,-1
2014,G,F,Rock'n'Roll-Main Class Contact Style,Final - Foot technique,4,28,6,-57.5,4.25,5.625,4,0,0,167,DF,1.5,1.5,1.5,0,0,0,0,0,0,-1,-1
2014,G,F,Rock'n'Roll-Main Class Contact Style,Final - Foot technique,5,495,6,-55,4.5,6.25,4.5,0,0,167,DF,2,1.5,1.5,0,0,0,0,0,0,-1,-1
2014,G,F,Rock'n'Roll-Main Class Contact Style,Final - Foot technique,5,495,6,-55,4.5,6.25,4.5,0,0,167,CO,1.5,1.5,1.5,0,0,0,0,0,0,-1,-1
2014,G,F,Rock'n'Roll-Main Class Contact Style,Final - Foot technique,6,179,6,-52.5,4.75,7.5,6,0,0,167,CO,2,2,2,0,0,0,0,0,0,-1,-1
2014,G,F,Rock'n'Roll-Main Class Contact Style,Final - Foot technique,6,179,6,-52.5,4.75,7.5,6,0,0,167,DF,2,2,2,0,0,0,0,0,0,-1,-1
2015,A,F,Rock'n'Roll-Main Class Free Style,Final - Foot technique,1,222,1,-62.5,3.75,6.875,6,0,0,167,CO,2,2,2,0,0,0,0,0,0,-1,-1
2015,A,F,Rock'n'Roll-Main Class Free Style,Final - Foot technique,1,222,1,-62.5,3.75,6.875,6,0,0,167,DF,2,1.5,2,0,0,0,0,0,0,-1,-1
2015,A,F,Rock'n'Roll-Main Class Free Style,Final - Foot technique,2,63,1,-62.5,3.75,6.875,5.5,0,0,167,CO,2,2,1.5,0,0,0,0,0,0,-1,-1
2015,A,F,Rock'n'Roll-Main Class Free Style,Final - Foot technique,2,63,1,-62.5,3.75,6.875,5.5,0,0,167,DF,2,1.5,2,0,0,0,0,0,0,-1,-1
2015,B,F,Rock'n'Roll-Main Class Free Style,Final - Foot technique,1,222,2,-62.5,3.25,5,4,0,0,167,DF,1.5,1.5,1,0,0,0,0,0,0,-1,-1
2015,B,F,Rock'n'Roll-Main Class Free Style,Final - Foot technique,1,222,2,-62.5,3.25,5,4,0,0,167,CO,1,1.5,1.5,0,0,0,0,0,0,-1,-1
2015,B,F,Rock'n'Roll-Main Class Free Style,Final - Foot technique,2,63,2,-62.5,3.75,5.625,4,0,0,167,DF,1.5,1.5,1.5,0,0,0,0,0,0,-1,-1
2015,B,F,Rock'n'Roll-Main Class Free Style,Final - Foot technique,2,63,2,-62.5,3.75,5.625,4,0,0,167,CO,1,1.5,1.5,0,0,0,0,0,0,-1,-1
2015,C,F,Rock'n'Roll-Main Class Free Style,Final - Foot technique,1,222,3,-67.5,2.5,5,3.5,0,0,167,CO,1,1.5,1,0,0,0,0,0,0,-1,-1
2015,C,F,Rock'n'Roll-Main Class Free Style,Final - Foot technique,1,222,3,-67.5,2.5,5,3.5,0,0,167,DF,1,1.5,1.5,0,0,0,0,0,0,-1,-1
2015,C,F,Rock'n'Roll-Main Class Free Style,Final - Foot technique,2,63,3,-67.5,3.25,4.375,4.5,0,0,167,CO,2,1,1.5,0,0,0,0,0,0,-1,-1
2015,C,F,Rock'n'Roll-Main Class Free Style,Final - Foot technique,2,63,3,-67.5,3.25,4.375,4.5,0,0,167,DF,1,1,1.5,0,0,0,0,0,0,-1,-1
2015,E,F,Rock'n'Roll-Main Class Free Style,Final - Foot technique,1,222,4,-62.5,2.5,5,4,0,0,167,DF,1.5,1,1.5,0,0,0,0,0,0,-1,-1
2015,E,F,Rock'n'Roll-Main Class Free Style,Final - Foot technique,1,222,4,-62.5,2.5,5,4,0,0,167,CO,1,1.5,1.5,0,0,0,0,0,0,-1,-1
2015,E,F,Rock'n'Roll-Main Class Free Style,Final - Foot technique,2,63,4,-75,3.25,3.75,4,0,0,167,CO,1,1.5,1.5,0,0,0,0,0,0,-1,-1
2015,E,F,Rock'n'Roll-Main Class Free Style,Final - Foot technique,2,63,4,-75,3.25,3.75,4,0,0,167,DF,1,1,1,0,0,0,0,0,0,-1,-1
2015,F,F,Rock'n'Roll-Main Class Free Style,Final - Foot technique,1,222,5,-62.5,3.75,6.875,6,0,0,167,CO,2,2,2,0,0,0,0,0,0,-1,-1
2015,F,F,Rock'n'Roll-Main Class Free Style,Final - Foot technique,1,222,5,-62.5,3.75,6.875,6,0,0,167,DF,1.5,2,2,0,0,0,0,0,0,-1,-1
2015,F,F,Rock'n'Roll-Main Class Free Style,Final - Foot technique,2,63,5,-67.5,3.25,6.875,6,0,0,167,CO,2,2,2,0,0,0,0,0,0,-1,-1
2015,F,F,Rock'n'Roll-Main Class Free Style,Final - Foot technique,2,63,5,-67.5,3.25,6.875,6,0,0,167,DF,1.5,2,2,0,0,0,0,0,0,-1,-1
2015,G,F,Rock'n'Roll-Main Class Free Style,Final - Foot technique,1,222,6,-57.5,4.5,5.625,4.5,0,0,167,DF,1.5,1.5,1.5,0,0,0,0,0,0,-1,-1
2015,G,F,Rock'n'Roll-Main Class Free Style,Final - Foot technique,1,222,6,-57.5,4.5,5.625,4.5,0,0,167,CO,1.5,1.5,1.5,0,0,0,0,0,0,-1,-1
2015,G,F,Rock'n'Roll-Main Class Free Style,Final - Foot technique,2,63,6,-55,4.5,6.875,5,0,0,167,DF,2,1.5,2,0,0,0,0,0,0,-1,-1
2015,G,F,Rock'n'Roll-Main Class Free Style,Final - Foot technique,2,63,6,-55,4.5,6.875,5,0,0,167,CO,1.5,1.5,2,0,0,0,0,0,0,-1,-1
2018,A,,Rock'n'Roll-Juveniles,Final,1,57,1,-50,6.5,12.5,10,0,0,167,CO,2,1.5,1.5,0,0,0,0,0,0,-1,-1
2018,A,,Rock'n'Roll-Juveniles,Final,1,57,1,-50,6.5,12.5,10,0,0,167,DF,1.5,1.5,2,0,0,0,0,0,0,-1,-1
2018,A,,Rock'n'Roll-Juveniles,Final,2,193,1,-35,5,12.5,9,0,0,167,CO,1.5,1.5,1.5,0,0,0,0,0,0,-1,-1
2018,A,,Rock'n'Roll-Juveniles,Final,2,193,1,-35,5,12.5,9,0,0,167,DF,1.5,1.5,2,0,0,0,0,0,0,-1,-1
2018,A,,Rock'n'Roll-Juveniles,Final,3,27,1,-25,6.5,12.5,12,0,0,167,DF,2,1.5,1.5,0,0,0,0,0,0,-1,-1
2018,A,,Rock'n'Roll-Juveniles,Final,3,27,1,-25,6.5,12.5,12,0,0,167,CO,2,2,2,0,0,0,0,0,0,-1,-1
2018,A,,Rock'n'Roll-Juveniles,Final,4,3,1,-25,7.5,12.5,11,-4,-10,167,CO,2,1.5,2,0,0,0,0,0,0,-1,-1
2018,A,,Rock'n'Roll-Juveniles,Final,4,3,1,-25,7.5,12.5,11,-4,-10,167,DF,2,1.5,1.5,0,0,0,0,0,0,-1,-1
2018,A,,Rock'n'Roll-Juveniles,Final,5,134,1,-15,8.5,13.75,13,0,0,167,CO,2,2.5,2,0,0,0,0,0,0,-1,-1
2018,A,,Rock'n'Roll-Juveniles,Final,5,134,1,-15,8.5,13.75,13,0,0,167,DF,2,1.5,2,0,0,0,0,0,0,-1,-1
2018,A,,Rock'n'Roll-Juveniles,Final,6,182,1,-15,8.5,16.25,12,0,0,167,CO,2,2,2,0,0,0,0,0,0,-1,-1
2018,A,,Rock'n'Roll-Juveniles,Final,6,182,1,-15,8.5,16.25,12,0,0,167,DF,2.5,2,2,0,0,0,0,0,0,-1,-1
2018,B,,Rock'n'Roll-Juveniles,Final,1,57,2,-25,6.5,8.75,7,-2,0,167,DF,1,1,1.5,0,0,0,0,0,0,-1,-1
2018,B,,Rock'n'Roll-Juveniles,Final,1,57,2,-25,6.5,8.75,7,-2,0,167,CO,1.5,1,1,0,0,0,0,0,0,-1,-1
2018,B,,Rock'n'Roll-Juveniles,Final,2,193,2,-25,6.5,11.25,9,0,0,167,DF,1.5,1.5,1.5,0,0,0,0,0,0,-1,-1
2018,B,,Rock'n'Roll-Juveniles,Final,2,193,2,-25,6.5,11.25,9,0,0,167,CO,1.5,1.5,1.5,0,0,0,0,0,0,-1,-1
2018,B,,Rock'n'Roll-Juveniles,Final,3,27,2,-25,8.5,12.5,11,0,0,167,CO,1.5,2,2,0,0,0,0,0,0,-1,-1
2018,B,,Rock'n'Roll-Juveniles,Final,3,27,2,-25,8.5,12.5,11,0,0,167,DF,1.5,2,1.5,0,0,0,0,0,0,-1,-1
2018,B,,Rock'n'Roll-Juveniles,Final,4,3,2,-35,5,11.25,9,-4,0,167,CO,1.5,1.5,1.5,0,0,0,0,0,0,-1,-1
2018,B,,Rock'n'Roll-Juveniles,Final,4,3,2,-35,5,11.25,9,-4,0,167,DF,1,1.5,2,0,0,0,0,0,0,-1,-1
2018,B,,Rock'n'Roll-Juveniles,Final,5,134,2,-15,7.5,13.75,10,0,0,167,DF,1.5,2,2,0,0,0,0,0,0,-1,-1
2018,B,,Rock'n'Roll-Juveniles,Final,5,134,2,-15,7.5,13.75,10,0,0,167,CO,1.5,2,1.5,0,0,0,0,0,0,-1,-1
2018,B,,Rock'n'Roll-Juveniles,Final,6,182,2,-25,6.5,11.25,10,0,0,167,CO,1.5,2,1.5,0,0,0,0,0,0,-1,-1
2018,B,,Rock'n'Roll-Juveniles,Final,6,182,2,-25,6.5,11.25,10,0,0,167,DF,1.5,1.5,1.5,0,0,0,0,0,0,-1,-1
2018,C,,Rock'n'Roll-Juveniles,Final,1,57,3,-50,7.5,10,8,-2,0,167,CO,1.5,1,1.5,0,0,0,0,0,0,-1,-1
2018,C,,Rock'n'Roll-Juveniles,Final,1,57,3,-50,7.5,10,8,-2,0,167,DF,1.5,1,1.5,0,0,0,0,0,0,-1,-1
2018,C,,Rock'n'Roll-Juveniles,Final,2,193,3,-35,6.5,8.75,8,0,0,167,CO,1,1.5,1.5,0,0,0,0,0,0,-1,-1
2018,C,,Rock'n'Roll-Juveniles,Final,2,193,3,-35,6.5,8.75,8,0,0,167,DF,1,1,1.5,0,0,0,0,0,0,-1,-1
2018,C,,Rock'n'Roll-Juveniles,Final,3,27,3,-35,7.5,12.5,9,0,0,167,CO,1.5,1.5,1.5,0,0,0,0,0,0,-1,-1
2018,C,,Rock'n'Roll-Juveniles,Final,3,27,3,-35,7.5,12.5,9,0,0,167,DF,1.5,2,1.5,0,0,0,0,0,0,-1,-1
2018,C,,Rock'n'Roll-Juveniles,Final,4,3,3,-50,5,7.5,6,-4,0,167,CO,1.5,0.5,1,0,0,0,0,0,0,-1,-1
2018,C,,Rock'n'Roll-Juveniles,Final,4,3,3,-50,5,7.5,6,-4,0,167,DF,1,0.5,1.5,0,0,0,0,0,0,-1,-1
2018,C,,Rock'n'Roll-Juveniles,Final,5,134,3,-35,6.5,10,8,0,0,167,CO,1,1.5,1.5,0,0,0,0,0,0,-1,-1
2018,C,,Rock'n'Roll-Juveniles,Final,5,134,3,-35,6.5,10,8,0,0,167,DF,1,1.5,1.5,0,0,0,0,0,0,-1,-1
2018,C,,Rock'n'Roll-Juveniles,Final,6,182,3,-35,7.5,12.5,9,0,0,167,CO,1.5,1.5,1.5,0,0,0,0,0,0,-1,-1
2018,C,,Rock'n'Roll-Juveniles,Final,6,182,3,-35,7.5,12.5,9,0,0,167,DF,1.5,1.5,2,0,0,0,0,0,0,-1,-1
2018,E,,Rock'n'Roll-Juveniles,Final,1,57,4,-35,5,8.75,8,-2,0,167,CO,1.5,1,1.5,0,0,0,0,0,0,-1,-1
2018,E,,Rock'n'Roll-Juveniles,Final,1,57,4,-35,5,8.75,8,-2,0,167,DF,1.5,0.5,1.5,0,0,0,0,0,0,-1,-1
2018,E,,Rock'n'Roll-Juveniles,Final,2,193,4,-35,2.5,10,9,0,0,167,CO,1.5,1.5,1.5,0,0,0,0,0,0,-1,-1
2018,E,,Rock'n'Roll-Juveniles,Final,2,193,4,-35,2.5,10,9,0,0,167,DF,1.5,1,1.5,0,0,0,0,0,0,-1,-1
2018,E,,Rock'n'Roll-Juveniles,Final,3,27,4,-35,7.5,11.25,10,0,0,167,DF,1.5,1.5,1.5,0,0,0,0,0,0,-1,-1
2018,E,,Rock'n'Roll-Juveniles,Final,3,27,4,-35,7.5,11.25,10,0,0,167,CO,1.5,1.5,2,0,0,0,0,0,0,-1,-1
2018,E,,Rock'n'Roll-Juveniles,Final,4,3,4,-50,5,8.75,8,-2,0,167,CO,1.5,1,1.5,0,0,0,0,0,0,-1,-1
2018,E,,Rock'n'Roll-Juveniles,Final,4,3,4,-50,5,8.75,8,-2,0,167,DF,1.5,0.5,1.5,0,0,0,0,0,0,-1,-1
2018,E,,Rock'n'Roll-Juveniles,Final,5,134,4,-15,7.5,15,11,0,0,167,CO,2,1.5,2,0,0,0,0,0,0,-1,-1
2018,E,,Rock'n'Roll-Juveniles,Final,5,134,4,-15,7.5,15,11,0,0,167,DF,2,2,2,0,0,0,0,0,0,-1,-1
2018,E,,Rock'n'Roll-Juveniles,Final,6,182,4,-25,6.5,12.5,12,0,0,167,CO,2,2,2,0,0,0,0,0,0,-1,-1
2018,E,,Rock'n'Roll-Juveniles,Final,6,182,4,-25,6.5,12.5,12,0,0,167,DF,2,1.5,1.5,0,0,0,0,0,0,-1,-1
2018,F,,Rock'n'Roll-Juveniles,Final,1,57,5,-35,6.5,8.75,6,0,0,167,CO,1,1,1,0,0,0,0,0,0,-1,-1
2018,F,,Rock'n'Roll-Juveniles,Final,1,57,5,-35,6.5,8.75,6,0,0,167,DF,1,1.5,1,0,0,0,0,0,0,-1,-1
2018,F,,Rock'n'Roll-Juveniles,Final,2,193,5,-35,6.5,11.25,9,0,0,167,CO,1.5,1.5,1.5,0,0,0,0,0,0,-1,-1
2018,F,,Rock'n'Roll-Juveniles,Final,2,193,5,-35,6.5,11.25,9,0,0,167,DF,1.5,1.5,1.5,0,0,0,0,0,0,-1,-1
2018,F,,Rock'n'Roll-Juveniles,Final,3,27,5,-25,7.5,15,12,0,0,167,CO,2,2,2,0,0,0,0,0,0,-1,-1
2018,F,,Rock'n'Roll-Juveniles,Final,3,27,5,-25,7.5,15,12,0,0,167,DF,2,2,2,0,0,0,0,0,0,-1,-1
2018,F,,Rock'n'Roll-Juveniles,Final,4,3,5,-35,6.5,10,8,-2,0,167,CO,1.5,1,1.5,0,0,0,0,0,0,-1,-1
2018,F,,Rock'n'Roll-Juveniles,Final,4,3,5,-35,6.5,10,8,-2,0,167,DF,1,1.5,1.5,0,0,0,0,0,0,-1,-1
2018,F,,Rock'n'Roll-Juveniles,Final,5,134,5,-25,7.5,12.5,9,0,0,167,DF,1.5,2,1.5,0,0,0,0,0,0,-1,-1
2018,F,,Rock'n'Roll-Juveniles,Final,5,134,5,-25,7.5,12.5,9,0,0,167,CO,1.5,1.5,1.5,0,0,0,0,0,0,-1,-1
2018,F,,Rock'n'Roll-Juveniles,Final,6,182,5,-15,8.5,15,12,0,0,167,CO,2,2,2,0,0,0,0,0,0,-1,-1
2018,F,,Rock'n'Roll-Juveniles,Final,6,182,5,-15,8.5,15,12,0,0,167,DF,2,2,2,0,0,0,0,0,0,-1,-1
2018,G,,Rock'n'Roll-Juveniles,Final,1,57,6,-25,7.5,11.25,8,0,0,167,CO,1.5,1,1.5,0,0,0,0,0,0,-1,-1
2018,G,,Rock'n'Roll-Juveniles,Final,1,57,6,-25,7.5,11.25,8,0,0,167,DF,1.5,1.5,1.5,0,0,0,0,0,0,-1,-1
2018,G,,Rock'n'Roll-Juveniles,Final,2,193,6,-35,6.5,7.5,6,0,0,167,CO,1,1,1,0,0,0,0,0,0,-1,-1
2018,G,,Rock'n'Roll-Juveniles,Final,2,193,6,-35,6.5,7.5,6,0,0,167,DF,1,1,1,0,0,0,0,0,0,-1,-1
2018,G,,Rock'n'Roll-Juveniles,Final,3,27,6,-15,8.5,13.75,10,0,0,167,CO,2,1.5,1.5,0,0,0,0,0,0,-1,-1
2018,G,,Rock'n'Roll-Juveniles,Final,3,27,6,-15,8.5,13.75,10,0,0,167,DF,2,2,1.5,0,0,0,0,0,0,-1,-1
2018,G,,Rock'n'Roll-Juveniles,Final,4,3,6,-35,6.5,8.75,6,-2,0,167,CO,1,1,1,0,0,0,0,0,0,-1,-1
2018,G,,Rock'n'Roll-Juveniles,Final,4,3,6,-35,6.5,8.75,6,-2,0,167,DF,1.5,1,1,0,0,0,0,0,0,-1,-1
2018,G,,Rock'n'Roll-Juveniles,Final,5,134,6,-25,7.5,10,7,0,0,167,CO,1.5,1,1,0,0,0,0,0,0,-1,-1
2018,G,,Rock'n'Roll-Juveniles,Final,5,134,6,-25,7.5,10,7,0,0,167,DF,1.5,1.5,1,0,0,0,0,0,0,-1,-1
2018,G,,Rock'n'Roll-Juveniles,Final,6,182,6,-15,8.5,15,12,0,0,167,CO,2,2,2,0,0,0,0,0,0,-1,-1
2018,G,,Rock'n'Roll-Juveniles,Final,6,182,6,-15,8.5,15,12,0,0,167,DF,2,2,2,0,0,0,0,0,0,-1,-1
2019,A,,Rock'n'Roll-Juniors,Final,1,491,1,-5,9.5,16,16,0,0,167,CO,3,2.5,2.5,0,0,0,0,0,3.5,-1,-1
2019,A,,Rock'n'Roll-Juniors,Final,1,491,1,-5,9.5,16,16,0,0,167,DF,3,2.5,2.5,0,0,0,0,0,3.5,-1,-1
2019,A,,Rock'n'Roll-Juniors,Final,1,491,1,-5,9.5,16,16,0,0,167,CO,2,2.5,2.5,0,0,0,0,0,3.5,-1,-1
2019,A,,Rock'n'Roll-Juniors,Final,2,235,1,-15,9,13,13,0,0,167,CO,2,2,2,0,0,0,0,0,3,-1,-1
2019,A,,Rock'n'Roll-Juniors,Final,2,235,1,-15,9,13,13,0,0,167,CO,2,2,2.5,0,0,0,0,0,3,-1,-1
2019,A,,Rock'n'Roll-Juniors,Final,2,235,1,-15,9,13,13,0,0,167,DF,2.5,2,2,0,0,0,0,0,3,-1,-1
2019,A,,Rock'n'Roll-Juniors,Final,3,78,1,-15,8.5,13,12,-2,0,167,CO,2,2,2,0,0,0,0,0,3,-1,-1
2019,A,,Rock'n'Roll-Juniors,Final,3,78,1,-15,8.5,13,12,-2,0,167,DF,2.5,2,2,0,0,0,0,0,3,-1,-1
2019,B,,Rock'n'Roll-Juniors,Final,1,491,2,-10,9,13,13,0,0,167,CO,2,2,2,0,0,0,0,0,3,-1,-1
2019,B,,Rock'n'Roll-Juniors,Final,1,491,2,-10,9,13,13,0,0,167,CO,2,2,2.5,0,0,0,0,0,3,-1,-1
2019,B,,Rock'n'Roll-Juniors,Final,1,491,2,-10,9,13,13,0,0,167,DF,2,2.5,2,0,0,0,0,0,3,-1,-1
2019,B,,Rock'n'Roll-Juniors,Final,2,235,2,-25,7.5,10,11,0,0,167,CO,1.5,1.5,1.5,0,0,0,0,0,2.25,-1,-1
2019,B,,Rock'n'Roll-Juniors,Final,2,235,2,-25,7.5,10,11,0,0,167,CO,1.5,2,2,0,0,0,0,0,2.25,-1,-1
2019,B,,Rock'n'Roll-Juniors,Final,2,235,2,-25,7.5,10,11,0,0,167,DF,1.5,2,1.5,0,0,0,0,0,2.25,-1,-1
2019,B,,Rock'n'Roll-Juniors,Final,3,78,2,-25,7.5,10,10,-2,0,167,CO,1.5,2,1.5,0,0,0,0,0,2.5,-1,-1
2019,B,,Rock'n'Roll-Juniors,Final,3,78,2,-25,7.5,10,10,-2,0,167,DF,1.5,2,1.5,0,0,0,0,0,2.5,-1,-1
2019,C,,Rock'n'Roll-Juniors,Final,1,491,3,-5,9.5,13,15,0,0,167,CO,2.5,2.5,2.5,0,0,0,0,0,3,-1,-1
2019,C,,Rock'n'Roll-Juniors,Final,1,491,3,-5,9.5,13,15,0,0,167,DF,2,2.5,2,0,0,0,0,0,3,-1,-1
2019,C,,Rock'n'Roll-Juniors,Final,1,491,3,-5,9.5,13,15,0,0,167,CO,1.5,2,2.5,0,0,0,0,0,3,-1,-1
2019,C,,Rock'n'Roll-Juniors,Final,2,235,3,-15,9,11,11,0,0,167,CO,1.5,2,2,0,0,0,0,0,2.75,-1,-1
2019,C,,Rock'n'Roll-Juniors,Final,2,235,3,-15,9,11,11,0,0,167,CO,2,1.5,2,0,0,0,0,0,2.75,-1,-1
2019,C,,Rock'n'Roll-Juniors,Final,2,235,3,-15,9,11,11,0,0,167,DF,1.5,2,2,0,0,0,0,0,2.75,-1,-1
2019,C,,Rock'n'Roll-Juniors,Final,3,78,3,-25,8.5,9,10,-2,0,167,CO,1.5,2,2,0,0,0,0,0,2.75,-1,-1
2019,C,,Rock'n'Roll-Juniors,Final,3,78,3,-25,8.5,9,10,-2,0,167,DF,1.5,1.5,1.5,0,0,0,0,0,2.75,-1,-1
2019,C,,Rock'n'Roll-Juniors,Final,3,78,3,-25,8.5,9,10,-2,0,167,CO,2,1.5,1.5,0,0,0,0,0,2.75,-1,-1
2019,E,,Rock'n'Roll-Juniors,Final,1,491,4,-5,9.5,15,15,0,0,167,CO,2.5,2.5,2,0,0,0,0,0,3.5,-1,-1
2019,E,,Rock'n'Roll-Juniors,Final,1,491,4,-5,9.5,15,15,0,0,167,CO,2.5,2.5,2.5,0,0,0,0,0,3.5,-1,-1
2019,E,,Rock'n'Roll-Juniors,Final,1,491,4,-5,9.5,15,15,0,0,167,DF,2.5,2.5,2.5,0,0,0,0,0,3.5,-1,-1
2019,E,,Rock'n'Roll-Juniors,Final,2,235,4,-15,9,11,12,0,0,167,DF,2,1.5,2,0,0,0,0,0,2.5,-1,-1
2019,E,,Rock'n'Roll-Juniors,Final,2,235,4,-15,9,11,12,0,0,167,CO,2,1,2,0,0,0,0,0,2.5,-1,-1
2019,E,,Rock'n'Roll-Juniors,Final,2,235,4,-15,9,11,12,0,0,167,CO,2,2,2,0,0,0,0,0,2.5,-1,-1
2019,E,,Rock'n'Roll-Juniors,Final,3,78,4,-25,8.5,10,11,0,0,167,DF,2,1.5,1.5,0,0,0,0,0,3,-1,-1
2019,E,,Rock'n'Roll-Juniors,Final,3,78,4,-25,8.5,10,11,0,0,167,CO,2,1.5,2,0,0,0,0,0,3,-1,-1
2019,E,,Rock'n'Roll-Juniors,Final,3,78,4,-25,8.5,10,11,0,0,167,CO,2.5,1.5,2,0,0,0,0,0,3,-1,-1
2019,F,,Rock'n'Roll-Juniors,Final,1,491,5,-10,9,13,14,0,0,167,CO,2,2.5,2.5,0,0,0,0,0,3.75,-1,-1
2019,F,,Rock'n'Roll-Juniors,Final,1,491,5,-10,9,13,14,0,0,167,CO,2.5,2.5,2.5,0,0,0,0,0,3.75,-1,-1
2019,F,,Rock'n'Roll-Juniors,Final,1,491,5,-10,9,13,14,0,0,167,DF,2.5,2,2,0,0,0,0,0,3.75,-1,-1
2019,F,,Rock'n'Roll-Juniors,Final,2,235,5,-15,9,11,12,0,0,167,DF,2,1.5,2,0,0,0,0,0,3,-1,-1
2019,F,,Rock'n'Roll-Juniors,Final,2,235,5,-15,9,11,12,0,0,167,CO,2,2,2,0,0,0,0,0,3,-1,-1
2019,F,,Rock'n'Roll-Juniors,Final,3,78,5,-10,9,12,12,0,0,167,DF,2,2,2,0,0,0,0,0,3,-1,-1
2019,F,,Rock'n'Roll-Juniors,Final,3,78,5,-10,9,12,12,0,0,167,CO,2,2,2,0,0,0,0,0,3,-1,-1
2019,G,,Rock'n'Roll-Juniors,Final,1,491,6,-5,9.5,15,17,0,0,167,CO,2.5,2.5,2.5,0,0,0,0,0,3.75,-1,-1
2019,G,,Rock'n'Roll-Juniors,Final,1,491,6,-5,9.5,15,17,0,0,167,DF,2.5,2.5,2.5,0,0,0,0,0,3.75,-1,-1
2019,G,,Rock'n'Roll-Juniors,Final,2,235,6,-10,9,12,12,0,0,167,CO,2,2,2,0,0,0,0,0,3,-1,-1
2019,G,,Rock'n'Roll-Juniors,Final,2,235,6,-10,9,12,12,0,0,167,DF,2,2,2,0,0,0,0,0,3,-1,-1
2019,G,,Rock'n'Roll-Juniors,Final,3,78,6,-15,9,10,11,0,0,167,CO,2,2,1.5,0,0,0,0,0,2.5,-1,-1
2019,G,,Rock'n'Roll-Juniors,Final,3,78,6,-15,9,10,11,0,0,167,DF,2,1.5,1.5,0,0,0,0,0,2.5,-1,-1
2019,G,,Rock'n'Roll-Juniors,Final,3,78,6,-15,9,10,11,0,0,167,CO,2,1.5,1.5,0,0,0,0,0,2.5,-1,-1
2020,B,,Rock'n'Roll-Formation Juniors,Final,1,175,1,-25,12,9,6.75,0,0,167,DF,1.5,1.5,1.5,0,0,0,0,0,0,-1,-1
2020,B,,Rock'n'Roll-Formation Juniors,Final,1,175,1,-25,12,9,6.75,0,0,167,FM,2,2,2,0,0,0,0,0,0,-1,-1
2020,B,,Rock'n'Roll-Formation Juniors,Final,1,175,1,-25,12,9,6.75,0,0,167,CO,1.5,1.5,1.5,0,0,0,0,0,0,-1,-1
2020,B,,Rock'n'Roll-Formation Juniors,Final,2,65,1,-15,12,10,8.25,0,0,167,CO,2,2,1.5,0,0,0,0,0,0,-1,-1
2020,B,,Rock'n'Roll-Formation Juniors,Final,2,65,1,-15,12,10,8.25,0,0,167,DF,1.5,1.5,2,0,0,0,0,0,0,-1,-1
2020,B,,Rock'n'Roll-Formation Juniors,Final,2,65,1,-15,12,10,8.25,0,0,167,FM,2,2,2,0,0,0,0,0,0,-1,-1
2020,B,,Rock'n'Roll-Formation Juniors,Final,3,37,1,-15,12,12,9.75,0,0,167,CO,2.5,2,2,0,0,0,0,0,0,-1,-1
2020,B,,Rock'n'Roll-Formation Juniors,Final,3,37,1,-15,12,12,9.75,0,0,167,FM,2,2,2,0,0,0,0,0,0,-1,-1
2020,B,,Rock'n'Roll-Formation Juniors,Final,3,37,1,-15,12,12,9.75,0,0,167,DF,2,2,2,0,0,0,0,0,0,-1,-1
2020,B,,Rock'n'Roll-Formation Juniors,Final,4,313,1,-35,8,8,6.75,-6,0,167,CO,1.5,1.5,1.5,0,0,0,0,0,0,-1,-1
2020,B,,Rock'n'Roll-Formation Juniors,Final,4,313,1,-35,8,8,6.75,-6,0,167,DF,1,1.5,1.5,0,0,0,0,0,0,-1,-1
2020,B,,Rock'n'Roll-Formation Juniors,Final,4,313,1,-35,8,8,6.75,-6,0,167,FM,1,1.5,1.5,0,0,0,0,0,0,-1,-1
2020,B,,Rock'n'Roll-Formation Juniors,Final,5,303,1,-35,9,9,6,-4,0,167,FM,1.5,1.5,1.5,0,0,0,0,0,0,-1,-1
2020,B,,Rock'n'Roll-Formation Juniors,Final,5,303,1,-35,9,9,6,-4,0,167,CO,1,1.5,1.5,0,0,0,0,0,0,-1,-1
2020,B,,Rock'n'Roll-Formation Juniors,Final,5,303,1,-35,9,9,6,-4,0,167,DF,1.5,1.5,1.5,0,0,0,0,0,0,-1,-1
2020,B,,Rock'n'Roll-Formation Juniors,Final,6,144,1,-15,10,9,7.5,0,0,167,FM,1.5,2,1.5,0,0,0,0,0,0,-1,-1
2020,B,,Rock'n'Roll-Formation Juniors,Final,6,144,1,-15,10,9,7.5,0,0,167,CO,1.5,2,1.5,0,0,0,0,0,0,-1,-1
2020,B,,Rock'n'Roll-Formation Juniors,Final,6,144,1,-15,10,9,7.5,0,0,167,DF,1.5,1.5,1.5,0,0,0,0,0,0,-1,-1
2020,E,,Rock'n'Roll-Formation Juniors,Final,1,175,2,-35,8,7,6.75,0,0,167,CO,1,2,1.5,0,0,0,0,0,0,-1,-1
2020,E,,Rock'n'Roll-Formation Juniors,Final,1,175,2,-35,8,7,6.75,0,0,167,DF,1.5,1,1,0,0,0,0,0,0,-1,-1
2020,E,,Rock'n'Roll-Formation Juniors,Final,1,175,2,-35,8,7,6.75,0,0,167,FM,1.5,1,1.5,0,0,0,0,0,0,-1,-1
2020,E,,Rock'n'Roll-Formation Juniors,Final,2,65,2,-35,7,9,6,0,0,167,DF,1.5,1.5,1.5,0,0,0,0,0,0,-1,-1
2020,E,,Rock'n'Roll-Formation Juniors,Final,2,65,2,-35,7,9,6,0,0,167,FM,1.5,1,1,0,0,0,0,0,0,-1,-1
2020,E,,Rock'n'Roll-Formation Juniors,Final,2,65,2,-35,7,9,6,0,0,167,CO,1,1.5,1.5,0,0,0,0,0,0,-1,-1
2020,E,,Rock'n'Roll-Formation Juniors,Final,3,37,2,-25,10,10,6.75,0,0,167,CO,1.5,1.5,1.5,0,0,0,0,0,0,-1,-1
2020,E,,Rock'n'Roll-Formation Juniors,Final,3,37,2,-25,10,10,6.75,0,0,167,DF,2,1.5,1.5,0,0,0,0,0,0,-1,-1
2020,E,,Rock'n'Roll-Formation Juniors,Final,3,37,2,-25,10,10,6.75,0,0,167,FM,2,1.5,1.5,0,0,0,0,0,0,-1,-1
2020,E,,Rock'n'Roll-Formation Juniors,Final,4,313,2,-75,5,5,4.5,-20,-10,167,CO,1,1,1,0,0,0,0,0,0,-1,-1
2020,E,,Rock'n'Roll-Formation Juniors,Final,4,313,2,-75,5,5,4.5,-20,-10,167,DF,1,0.5,1,0,0,0,0,0,0,-1,-1
2020,E,,Rock'n'Roll-Formation Juniors,Final,4,313,2,-75,5,5,4.5,-20,-10,167,FM,1,0.5,1,0,0,0,0,0,0,-1,-1
2020,E,,Rock'n'Roll-Formation Juniors,Final,5,303,2,-50,8,8,5.25,0,-10,167,CO,1,1,1.5,0,0,0,0,0,0,-1,-1
2020,E,,Rock'n'Roll-Formation Juniors,Final,5,303,2,-50,8,8,5.25,0,-10,167,DF,1.5,1,1.5,0,0,0,0,0,0,-1,-1
2020,E,,Rock'n'Roll-Formation Juniors,Final,5,303,2,-50,8,8,5.25,0,-10,167,FM,1.5,1,1.5,0,0,0,0,0,0,-1,-1
2020,E,,Rock'n'Roll-Formation Juniors,Final,6,144,2,-35,8,8,6.75,0,0,167,CO,1.5,1.5,1.5,0,0,0,0,0,0,-1,-1
2020,E,,Rock'n'Roll-Formation Juniors,Final,6,144,2,-35,8,8,6.75,0,0,167,DF,1.5,1,1.5,0,0,0,0,0,0,-1,-1
2020,E,,Rock'n'Roll-Formation Juniors,Final,6,144,2,-35,8,8,6.75,0,0,167,FM,1.5,1,1.5,0,0,0,0,0,0,-1,-1
2020,F,,Rock'n'Roll-Formation Juniors,Final,1,175,3,-35,11,12,8.25,-2,0,167,FM,2,1.5,2,0,0,0,0,0,0,-1,-1
2020,F,,Rock'n'Roll-Formation Juniors,Final,1,175,3,-35,11,12,8.25,-2,0,167,CO,2,1.5,2,0,0,0,0,0,0,-1,-1
2020,F,,Rock'n'Roll-Formation Juniors,Final,1,175,3,-35,11,12,8.25,-2,0,167,DF,2,2,2,0,0,0,0,0,0,-1,-1
2020,F,,Rock'n'Roll-Formation Juniors,Final,2,65,3,-35,13,13,9,-2,0,167,FM,2.5,2,2,0,0,0,0,0,0,-1,-1
2020,F,,Rock'n'Roll-Formation Juniors,Final,2,65,3,-35,13,13,9,-2,0,167,CO,2,2,2,0,0,0,0,0,0,-1,-1
2020,F,,Rock'n'Roll-Formation Juniors,Final,2,65,3,-35,13,13,9,-2,0,167,DF,2.5,2,2,0,0,0,0,0,0,-1,-1
2020,F,,Rock'n'Roll-Formation Juniors,Final,3,37,3,-25,13,14,11.25,-2,0,167,CO,2.5,2.5,2.5,0,0,0,0,0,0,-1,-1
2020,F,,Rock'n'Roll-Formation Juniors,Final,3,37,3,-25,13,14,11.25,-2,0,167,DF,2.5,2.5,2,0,0,0,0,0,0,-1,-1
2020,F,,Rock'n'Roll-Formation Juniors,Final,3,37,3,-25,13,14,11.25,-2,0,167,FM,2.5,2,2,0,0,0,0,0,0,-1,-1
2020,F,,Rock'n'Roll-Formation Juniors,Final,4,313,3,-50,7,7,4.5,-4,0,167,FM,1.5,1,1,0,0,0,0,0,0,-1,-1
2020,F,,Rock'n'Roll-Formation Juniors,Final,4,313,3,-50,7,7,4.5,-4,0,167,CO,1,1,1,0,0,0,0,0,0,-1,-1
2020,F,,Rock'n'Roll-Formation Juniors,Final,4,313,3,-50,7,7,4.5,-4,0,167,DF,1.5,1,1,0,0,0,0,0,0,-1,-1
2020,F,,Rock'n'Roll-Formation Juniors,Final,5,303,3,-35,8,8,6.75,0,-10,167,FM,1.5,1,1.5,0,0,0,0,0,0,-1,-1
2020,F,,Rock'n'Roll-Formation Juniors,Final,5,303,3,-35,8,8,6.75,0,-10,167,CO,1.5,1.5,1.5,0,0,0,0,0,0,-1,-1
2020,F,,Rock'n'Roll-Formation Juniors,Final,5,303,3,-35,8,8,6.75,0,-10,167,DF,1.5,1,1.5,0,0,0,0,0,0,-1,-1
2020,F,,Rock'n'Roll-Formation Juniors,Final,6,144,3,-35,12,12,9,0,0,167,CO,2,2,2,0,0,0,0,0,0,-1,-1
2020,F,,Rock'n'Roll-Formation Juniors,Final,6,144,3,-35,12,12,9,0,0,167,DF,2,2,2,0,0,0,0,0,0,-1,-1
2020,F,,Rock'n'Roll-Formation Juniors,Final,6,144,3,-35,12,12,9,0,0,167,FM,2,2,2,0,0,0,0,0,0,-1,-1
2020,G,,Rock'n'Roll-Formation Juniors,Final,1,175,4,-15,9,11,8.25,0,0,167,FM,1.5,1.5,1.5,0,0,0,0,0,0,-1,-1
2020,G,,Rock'n'Roll-Formation Juniors,Final,1,175,4,-15,9,11,8.25,0,0,167,DF,2,1.5,2,0,0,0,0,0,0,-1,-1
2020,G,,Rock'n'Roll-Formation Juniors,Final,1,175,4,-15,9,11,8.25,0,0,167,CO,2,1.5,2,0,0,0,0,0,0,-1,-1
2020,G,,Rock'n'Roll-Formation Juniors,Final,2,65,4,-25,6,10,6.75,-2,0,167,DF,2,1.5,1.5,0,0,0,0,0,0,-1,-1
2020,G,,Rock'n'Roll-Formation Juniors,Final,2,65,4,-25,6,10,6.75,-2,0,167,FM,1.5,1.5,0,0,0,0,0,0,0,-1,-1
2020,G,,Rock'n'Roll-Formation Juniors,Final,2,65,4,-25,6,10,6.75,-2,0,167,CO,1.5,1.5,1.5,0,0,0,0,0,0,-1,-1
2020,G,,Rock'n'Roll-Formation Juniors,Final,3,37,4,-10,10,12,9,0,0,167,CO,2,2,2,0,0,0,0,0,0,-1,-1
2020,G,,Rock'n'Roll-Formation Juniors,Final,3,37,4,-10,10,12,9,0,0,167,DF,2,2,2,0,0,0,0,0,0,-1,-1
2020,G,,Rock'n'Roll-Formation Juniors,Final,3,37,4,-10,10,12,9,0,0,167,FM,1.5,1.5,2,0,0,0,0,0,0,-1,-1
2020,G,,Rock'n'Roll-Formation Juniors,Final,4,313,4,-75,2,3,2.25,-6,0,167,CO,0.5,0.5,0.5,0,0,0,0,0,0,-1,-1
2020,G,,Rock'n'Roll-Formation Juniors,Final,4,313,4,-75,2,3,2.25,-6,0,167,DF,0.5,0.5,0.5,0,0,0,0,0,0,-1,-1
2020,G,,Rock'n'Roll-Formation Juniors,Final,4,313,4,-75,2,3,2.25,-6,0,167,FM,0,0.5,0.5,0,0,0,0,0,0,-1,-1
2020,G,,Rock'n'Roll-Formation Juniors,Final,5,303,4,-35,7,7,4.5,0,-10,167,CO,1,1,1,0,0,0,0,0,0,-1,-1
2020,G,,Rock'n'Roll-Formation Juniors,Final,5,303,4,-35,7,7,4.5,0,-10,167,DF,1.5,1,1,0,0,0,0,0,0,-1,-1
2020,G,,Rock'n'Roll-Formation Juniors,Final,5,303,4,-35,7,7,4.5,0,-10,167,FM,1.5,1,1,0,0,0,0,0,0,-1,-1
2020,G,,Rock'n'Roll-Formation Juniors,Final,6,144,4,-35,6,8,6,0,0,167,FM,1,1,1,0,0,0,0,0,0,-1,-1
2020,G,,Rock'n'Roll-Formation Juniors,Final,6,144,4,-35,6,8,6,0,0,167,CO,1,1.5,1.5,0,0,0,0,0,0,-1,-1
2020,G,,Rock'n'Roll-Formation Juniors,Final,6,144,4,-35,6,8,6,0,0,167,DF,1.5,1.5,1,0,0,0,0,0,0,-1,-1
2020,J,,Rock'n'Roll-Formation Juniors,Final,1,175,5,-25,9,10,8.25,0,0,167,FM,1.5,1.5,1.5,0,0,0,0,0,0,-1,-1
2020,J,,Rock'n'Roll-Formation Juniors,Final,1,175,5,-25,9,10,8.25,0,0,167,DF,1.5,1.5,2,0,0,0,0,0,0,-1,-1
2020,J,,Rock'n'Roll-Formation Juniors,Final,1,175,5,-25,9,10,8.25,0,0,167,CO,2,1.5,2,0,0,0,0,0,0,-1,-1
2020,J,,Rock'n'Roll-Formation Juniors,Final,2,65,5,-35,9,10,8.25,0,0,167,CO,2,1.5,2,0,0,0,0,0,0,-1,-1
2020,J,,Rock'n'Roll-Formation Juniors,Final,2,65,5,-35,9,10,8.25,0,0,167,DF,1.5,2,1.5,0,0,0,0,0,0,-1,-1
2020,J,,Rock'n'Roll-Formation Juniors,Final,2,65,5,-35,9,10,8.25,0,0,167,FM,1.5,1.5,1.5,0,0,0,0,0,0,-1,-1
2020,J,,Rock'n'Roll-Formation Juniors,Final,3,37,5,-15,11,12,9,0,0,167,CO,2,2,2,0,0,0,0,0,0,-1,-1
2020,J,,Rock'n'Roll-Formation Juniors,Final,3,37,5,-15,11,12,9,0,0,167,DF,2,2,2,0,0,0,0,0,0,-1,-1
2020,J,,Rock'n'Roll-Formation Juniors,Final,3,37,5,-15,11,12,9,0,0,167,FM,2,2,1.5,0,0,0,0,0,0,-1,-1
2020,J,,Rock'n'Roll-Formation Juniors,Final,4,313,5,-35,7,8,6,-6,0,167,CO,1.5,1,1.5,0,0,0,0,0,0,-1,-1
2020,J,,Rock'n'Roll-Formation Juniors,Final,4,313,5,-35,7,8,6,-6,0,167,DF,1.5,1,1.5,0,0,0,0,0,0,-1,-1
2020,J,,Rock'n'Roll-Formation Juniors,Final,4,313,5,-35,7,8,6,-6,0,167,FM,1,1,1.5,0,0,0,0,0,0,-1,-1
2020,J,,Rock'n'Roll-Formation Juniors,Final,5,303,5,-35,8,9,6.75,-2,-10,167,CO,1.5,1.5,1.5,0,0,0,0,0,0,-1,-1
2020,J,,Rock'n'Roll-Formation Juniors,Final,5,303,5,-35,8,9,6.75,-2,-10,167,DF,1.5,1.5,1.5,0,0,0,0,0,0,-1,-1
2020,J,,Rock'n'Roll-Formation Juniors,Final,5,303,5,-35,8,9,6.75,-2,-10,167,FM,1.5,1,1.5,0,0,0,0,0,0,-1,-1
2020,J,,Rock'n'Roll-Formation Juniors,Final,6,144,5,-25,8,9,9,0,0,167,CO,2,2,2,0,0,0,0,0,0,-1,-1
2020,J,,Rock'n'Roll-Formation Juniors,Final,6,144,5,-25,8,9,9,0,0,167,FM,1.5,1,1.5,0,0,0,0,0,0,-1,-1
2020,J,,Rock'n'Roll-Formation Juniors,Final,6,144,5,-25,8,9,9,0,0,167,DF,1.5,1.5,1.5,0,0,0,0,0,0,-1,-1
2021,A,F,Rock'n'Roll-Main Class Start,Final,1,286,1,-50,5,11.25,10,0,0,167,CO,1.5,1.5,2,0,0,0,0,0,0,-1,-1
2021,A,F,Rock'n'Roll-Main Class Start,Final,1,286,1,-50,5,11.25,10,0,0,167,DF,1.5,1.5,1.5,0,0,0,0,0,0,-1,-1
2021,A,F,Rock'n'Roll-Main Class Start,Final,2,40,1,-35,5,11.25,9,0,0,167,CO,1.5,1.5,1.5,0,0,0,0,0,0,-1,-1
2021,A,F,Rock'n'Roll-Main Class Start,Final,2,40,1,-35,5,11.25,9,0,0,167,DF,1.5,1.5,1.5,0,0,0,0,0,0,-1,-1
2021,A,F,Rock'n'Roll-Main Class Start,Final,3,118,1,-25,8.5,12.5,10,0,0,167,DF,1.5,2,1.5,0,0,0,0,0,0,-1,-1
2021,A,F,Rock'n'Roll-Main Class Start,Final,3,118,1,-25,8.5,12.5,10,0,0,167,CO,1.5,1.5,2,0,0,0,0,0,0,-1,-1
2021,A,F,Rock'n'Roll-Main Class Start,Final,4,142,1,-25,6.5,12.5,11,0,0,167,CO,1.5,2,2,0,0,0,0,0,0,-1,-1
2021,A,F,Rock'n'Roll-Main Class Start,Final,4,142,1,-25,6.5,12.5,11,0,0,167,DF,1.5,2,1.5,0,0,0,0,0,0,-1,-1
2021,B,F,Rock'n'Roll-Main Class Start,Final,1,286,2,-50,5,8.75,7,-4,0,167,CO,1.5,1,1,0,0,0,0,0,0,-1,-1
2021,B,F,Rock'n'Roll-Main Class Start,Final,1,286,2,-50,5,8.75,7,-4,0,167,DF,1,1.5,1,0,0,0,0,0,0,-1,-1
2021,B,F,Rock'n'Roll-Main Class Start,Final,2,40,2,-35,2.5,8.75,7,0,0,167,CO,1.5,1,1,0,0,0,0,0,0,-1,-1
2021,B,F,Rock'n'Roll-Main Class Start,Final,2,40,2,-35,2.5,8.75,7,0,0,167,DF,1,1,1.5,0,0,0,0,0,0,-1,-1
2021,B,F,Rock'n'Roll-Main Class Start,Final,3,118,2,-35,6.5,8.75,8,0,0,167,DF,1,1,1.5,0,0,0,0,0,0,-1,-1
2021,B,F,Rock'n'Roll-Main Class Start,Final,3,118,2,-35,6.5,8.75,8,0,0,167,CO,1,1.5,1.5,0,0,0,0,0,0,-1,-1
2021,B,F,Rock'n'Roll-Main Class Start,Final,4,142,2,-35,7.5,8.75,7,-2,0,167,DF,1,1.5,1,0,0,0,0,0,0,-1,-1
2021,B,F,Rock'n'Roll-Main Class Start,Final,4,142,2,-35,7.5,8.75,7,-2,0,167,CO,1,1,1.5,0,0,0,0,0,0,-1,-1
2021,C,F,Rock'n'Roll-Main Class Start,Final,1,286,3,-50,2.5,6.25,6,0,0,167,CO,1,1,1,0,0,0,0,0,0,-1,-1
2021,C,F,Rock'n'Roll-Main Class Start,Final,1,286,3,-50,2.5,6.25,6,0,0,167,DF,1,0.5,1,0,0,0,0,0,0,-1,-1
2021,C,F,Rock'n'Roll-Main Class Start,Final,2,40,3,-75,5,6.25,4,-2,0,167,CO,1,0.5,0.5,0,0,0,0,0,0,-1,-1
2021,C,F,Rock'n'Roll-Main Class Start,Final,2,40,3,-75,5,6.25,4,-2,0,167,DF,0.5,1,1,0,0,0,0,0,0,-1,-1
2021,C,F,Rock'n'Roll-Main Class Start,Final,3,118,3,-25,6.5,10,8,0,0,167,DF,1,1.5,1.5,0,0,0,0,0,0,-1,-1
2021,C,F,Rock'n'Roll-Main Class Start,Final,3,118,3,-25,6.5,10,8,0,0,167,CO,1,1.5,1.5,0,0,0,0,0,0,-1,-1
2021,C,F,Rock'n'Roll-Main Class Start,Final,4,142,3,-50,5,10,8,0,0,167,CO,1.5,1,1.5,0,0,0,0,0,0,-1,-1
2021,C,F,Rock'n'Roll-Main Class Start,Final,4,142,3,-50,5,10,8,0,0,167,DF,1,1,2,0,0,0,0,0,0,-1,-1
2022,A,F,Rock'n'Roll-Main Class Contact Style,Final - Acrobatic,1,160,1,-67.5,2.5,5.625,5,0,0,167,CO,1.5,2,1.5,0,0,0,0,0,0,-1,-1
2022,A,F,Rock'n'Roll-Main Class Contact Style,Final - Acrobatic,1,160,1,-67.5,2.5,5.625,5,0,0,167,DF,1.5,1.5,1.5,0,0,0,0,0,0,-1,-1
2022,A,F,Rock'n'Roll-Main Class Contact Style,Final - Acrobatic,2,495,1,-62.5,3.75,6.25,6,-2,0,167,CO,2,2,2,0,0,0,0,0,0,-1,-1
2022,A,F,Rock'n'Roll-Main Class Contact Style,Final - Acrobatic,2,495,1,-62.5,3.75,6.25,6,-2,0,167,DF,1.5,2,1.5,0,0,0,0,0,0,-1,-1
2022,A,F,Rock'n'Roll-Main Class Contact Style,Final - Acrobatic,3,179,1,-57.5,4.5,6.875,4.5,0,0,167,DF,2,2,1.5,0,0,0,0,0,0,-1,-1
2022,A,F,Rock'n'Roll-Main Class Contact Style,Final - Acrobatic,3,179,1,-57.5,4.5,6.875,4.5,0,0,167,CO,1.5,1.5,1.5,0,0,0,0,0,0,-1,-1
2022,A,F,Rock'n'Roll-Main Class Contact Style,Final - Acrobatic,4,494,1,-57.5,3.75,7.5,5.5,0,-30,167,DF,2.5,2,1.5,0,0,0,0,0,0,-1,-1
2022,A,F,Rock'n'Roll-Main Class Contact Style,Final - Acrobatic,4,494,1,-57.5,3.75,7.5,5.5,0,-30,167,CO,2,2,1.5,0,0,0,0,0,0,-1,-1
2022,A,F,Rock'n'Roll-Main Class Contact Style,Final - Acrobatic,5,28,1,-57.5,4.25,6.875,5.5,0,0,167,CO,2,2,1.5,0,0,0,0,0,0,-1,-1
2022,A,F,Rock'n'Roll-Main Class Contact Style,Final - Acrobatic,5,28,1,-57.5,4.25,6.875,5.5,0,0,167,DF,2,1.5,2,0,0,0,0,0,0,-1,-1
2022,A,F,Rock'n'Roll-Main Class Contact Style,Final - Acrobatic,6,430,1,-67.5,3.75,6.875,6,-2,0,167,CO,2,2,2,0,0,0,0,0,0,-1,-1
2022,A,F,Rock'n'Roll-Main Class Contact Style,Final - Acrobatic,6,430,1,-67.5,3.75,6.875,6,-2,0,167,DF,2,2,1.5,0,0,0,0,0,0,-1,-1
2022,C,F,Rock'n'Roll-Main Class Contact Style,Final - Acrobatic,1,160,3,-67.5,3.25,5,3.5,0,0,167,DF,1,1.5,1.5,0,0,0,0,0,0,-1,-1
2022,C,F,Rock'n'Roll-Main Class Contact Style,Final - Acrobatic,1,160,3,-67.5,3.25,5,3.5,0,0,167,CO,1,1.5,1,0,0,0,0,0,0,-1,-1
2022,C,F,Rock'n'Roll-Main Class Contact Style,Final - Acrobatic,2,495,3,-62.5,4.25,6.25,5.5,-2,0,167,CO,1.5,2,2,0,0,0,0,0,0,-1,-1
2022,C,F,Rock'n'Roll-Main Class Contact Style,Final - Acrobatic,2,495,3,-62.5,4.25,6.25,5.5,-2,0,167,DF,1.5,2,1.5,0,0,0,0,0,0,-1,-1
2022,C,F,Rock'n'Roll-Main Class Contact Style,Final - Acrobatic,3,179,3,-62.5,4.25,6.25,5.5,0,0,167,CO,1.5,2,2,0,0,0,0,0,0,-1,-1
2022,C,F,Rock'n'Roll-Main Class Contact Style,Final - Acrobatic,3,179,3,-62.5,4.25,6.25,5.5,0,0,167,DF,1.5,2,1.5,0,0,0,0,0,0,-1,-1
2022,C,F,Rock'n'Roll-Main Class Contact Style,Final - Acrobatic,4,494,3,-57.5,4.25,5.625,4.5,0,-30,167,CO,1.5,1.5,1.5,0,0,0,0,0,0,-1,-1
2022,C,F,Rock'n'Roll-Main Class Contact Style,Final - Acrobatic,4,494,3,-57.5,4.25,5.625,4.5,0,-30,167,DF,1.5,1.5,1.5,0,0,0,0,0,0,-1,-1
2022,C,F,Rock'n'Roll-Main Class Contact Style,Final - Acrobatic,5,28,3,-62.5,3.75,5.625,5,0,0,167,DF,1.5,1.5,1.5,0,0,0,0,0,0,-1,-1
2022,C,F,Rock'n'Roll-Main Class Contact Style,Final - Acrobatic,5,28,3,-62.5,3.75,5.625,5,0,0,167,CO,1.5,1.5,2,0,0,0,0,0,0,-1,-1
2022,C,F,Rock'n'Roll-Main Class Contact Style,Final - Acrobatic,6,430,3,-62.5,4.25,5.625,4,-2,0,167,DF,1.5,1.5,1.5,0,0,0,0,0,0,-1,-1
2022,C,F,Rock'n'Roll-Main Class Contact Style,Final - Acrobatic,6,430,3,-62.5,4.25,5.625,4,-2,0,167,CO,1.5,1,1.5,0,0,0,0,0,0,-1,-1
2022,F,F,Rock'n'Roll-Main Class Contact Style,Final - Acrobatic,1,160,5,-62.5,3.25,6.25,5,0,0,167,CO,1.5,2,1.5,0,0,0,0,0,0,-1,-1
2022,F,F,Rock'n'Roll-Main Class Contact Style,Final - Acrobatic,1,160,5,-62.5,3.25,6.25,5,0,0,167,DF,1.5,2,1.5,0,0,0,0,0,0,-1,-1
2022,F,F,Rock'n'Roll-Main Class Contact Style,Final - Acrobatic,2,495,5,-62.5,3.75,6.25,4.5,-2,0,167,CO,1.5,1.5,1.5,0,0,0,0,0,0,-1,-1
2022,F,F,Rock'n'Roll-Main Class Contact Style,Final - Acrobatic,2,495,5,-62.5,3.75,6.25,4.5,-2,0,167,DF,1.5,2,1.5,0,0,0,0,0,0,-1,-1
2022,F,F,Rock'n'Roll-Main Class Contact Style,Final - Acrobatic,3,179,5,-57.5,4.25,6.875,6,0,0,167,DF,2,2,1.5,0,0,0,0,0,0,-1,-1
2022,F,F,Rock'n'Roll-Main Class Contact Style,Final - Acrobatic,3,179,5,-57.5,4.25,6.875,6,0,0,167,CO,2,2,2,0,0,0,0,0,0,-1,-1
2022,F,F,Rock'n'Roll-Main Class Contact Style,Final - Acrobatic,4,494,5,-57.5,4.25,6.25,4.5,0,-10,167,CO,1.5,1.5,1.5,0,0,0,0,0,0,-1,-1
2022,F,F,Rock'n'Roll-Main Class Contact Style,Final - Acrobatic,4,494,5,-57.5,4.25,6.25,4.5,0,-10,167,DF,2,1.5,1.5,0,0,0,0,0,0,-1,-1
2022,F,F,Rock'n'Roll-Main Class Contact Style,Final - Acrobatic,5,28,5,-62.5,3.75,5.625,5.5,0,0,167,CO,1.5,2,2,0,0,0,0,0,0,-1,-1
2022,F,F,Rock'n'Roll-Main Class Contact Style,Final - Acrobatic,5,28,5,-62.5,3.75,5.625,5.5,0,0,167,DF,1.5,1.5,1.5,0,0,0,0,0,0,-1,-1
2022,F,F,Rock'n'Roll-Main Class Contact Style,Final - Acrobatic,6,430,5,-62.5,3.75,7.5,5,0,0,167,CO,1.5,1.5,2,0,0,0,0,0,0,-1,-1
2022,F,F,Rock'n'Roll-Main Class Contact Style,Final - Acrobatic,6,430,5,-62.5,3.75,7.5,5,0,0,167,DF,2,2,2,0,0,0,0,0,0,-1,-1
2025,B,,Rock'n'Roll-Small Formation,Final,1,321,1,-25,9,8,6,0,0,167,DF,1,1.5,1.5,0,0,0,0,0,0,-1,-1
2025,B,,Rock'n'Roll-Small Formation,Final,1,321,1,-25,9,8,6,0,0,167,FM,1.5,1.5,1.5,0,0,0,0,0,0,-1,-1
2025,B,,Rock'n'Roll-Small Formation,Final,1,321,1,-25,9,8,6,0,0,167,CO,1,1.5,1.5,0,0,0,0,0,0,-1,-1
2025,B,,Rock'n'Roll-Small Formation,Final,2,104,1,-25,10,10,8.25,0,0,167,CO,1.5,2,2,0,0,0,0,0,0,-1,-1
2025,B,,Rock'n'Roll-Small Formation,Final,2,104,1,-25,10,10,8.25,0,0,167,DF,1.5,2,1.5,0,0,0,0,0,0,-1,-1
2025,B,,Rock'n'Roll-Small Formation,Final,2,104,1,-25,10,10,8.25,0,0,167,FM,1.5,2,1.5,0,0,0,0,0,0,-1,-1
2025,B,,Rock'n'Roll-Small Formation,Final,3,31,1,-15,12,12,9,0,0,167,CO,2,2,2,0,0,0,0,0,0,-1,-1
2025,B,,Rock'n'Roll-Small Formation,Final,3,31,1,-15,12,12,9,0,0,167,DF,2,2,2,0,0,0,0,0,0,-1,-1
2025,B,,Rock'n'Roll-Small Formation,Final,3,31,1,-15,12,12,9,0,0,167,FM,2,2,2,0,0,0,0,0,0,-1,-1
2025,B,,Rock'n'Roll-Small Formation,Final,4,33,1,-10,11,13,9.75,0,0,167,CO,2,2.5,2,0,0,0,0,0,0,-1,-1
2025,B,,Rock'n'Roll-Small Formation,Final,4,33,1,-10,11,13,9.75,0,0,167,DF,2,2.5,2,0,0,0,0,0,0,-1,-1
2025,B,,Rock'n'Roll-Small Formation,Final,4,33,1,-10,11,13,9.75,0,0,167,FM,1.5,2,2,0,0,0,0,0,0,-1,-1
2025,B,,Rock'n'Roll-Small Formation,Final,5,20,1,-25,9,11,7.5,0,0,167,CO,1.5,2,1.5,0,0,0,0,0,0,-1,-1
2025,B,,Rock'n'Roll-Small Formation,Final,5,20,1,-25,9,11,7.5,0,0,167,DF,1.5,2,2,0,0,0,0,0,0,-1,-1
2025,B,,Rock'n'Roll-Small Formation,Final,5,20,1,-25,9,11,7.5,0,0,167,FM,1.5,1.5,1.5,0,0,0,0,0,0,-1,-1
2025,B,,Rock'n'Roll-Small Formation,Final,6,335,1,-25,9,9,7.5,0,0,167,FM,1.5,1.5,1.5,0,0,0,0,0,0,-1,-1
2025,B,,Rock'n'Roll-Small Formation,Final,6,335,1,-25,9,9,7.5,0,0,167,CO,2,1.5,1.5,0,0,0,0,0,0,-1,-1
2025,B,,Rock'n'Roll-Small Formation,Final,6,335,1,-25,9,9,7.5,0,0,167,DF,1.5,1.5,1.5,0,0,0,0,0,0,-1,-1
2025,E,,Rock'n'Roll-Small Formation,Final,1,321,2,-35,8,9,6,0,0,167,FM,1.5,1,1.5,0,0,0,0,0,0,-1,-1
2025,E,,Rock'n'Roll-Small Formation,Final,1,321,2,-35,8,9,6,0,0,167,DF,1.5,1.5,1.5,0,0,0,0,0,0,-1,-1
2025,E,,Rock'n'Roll-Small Formation,Final,1,321,2,-35,8,9,6,0,0,167,CO,1,1.5,1.5,0,0,0,0,0,0,-1,-1
2025,E,,Rock'n'Roll-Small Formation,Final,2,104,2,-35,8,9,7.5,0,0,167,CO,1.5,1.5,2,0,0,0,0,0,0,-1,-1
2025,E,,Rock'n'Roll-Small Formation,Final,2,104,2,-35,8,9,7.5,0,0,167,DF,1.5,1.5,1.5,0,0,0,0,0,0,-1,-1
2025,E,,Rock'n'Roll-Small Formation,Final,2,104,2,-35,8,9,7.5,0,0,167,FM,1.5,1,1.5,0,0,0,0,0,0,-1,-1
2025,E,,Rock'n'Roll-Small Formation,Final,3,31,2,-15,11,13,9.75,0,0,167,FM,2,1.5,2,0,0,0,0,0,0,-1,-1
2025,E,,Rock'n'Roll-Small Formation,Final,3,31,2,-15,11,13,9.75,0,0,167,CO,2,2.5,2,0,0,0,0,0,0,-1,-1
2025,E,,Rock'n'Roll-Small Formation,Final,3,31,2,-15,11,13,9.75,0,0,167,DF,2.5,2,2,0,0,0,0,0,0,-1,-1
2025,E,,Rock'n'Roll-Small Formation,Final,4,33,2,-35,8,8,6,0,0,167,FM,1.5,1,1.5,0,0,0,0,0,0,-1,-1
2025,E,,Rock'n'Roll-Small Formation,Final,4,33,2,-35,8,8,6,0,0,167,CO,1,1.5,1.5,0,0,0,0,0,0,-1,-1
2025,E,,Rock'n'Roll-Small Formation,Final,4,33,2,-35,8,8,6,0,0,167,DF,1.5,1,1.5,0,0,0,0,0,0,-1,-1
2025,E,,Rock'n'Roll-Small Formation,Final,5,20,2,-35,8,7,6,0,0,167,CO,1,1.5,1.5,0,0,0,0,0,0,-1,-1
2025,E,,Rock'n'Roll-Small Formation,Final,5,20,2,-35,8,7,6,0,0,167,DF,1,1.5,1,0,0,0,0,0,0,-1,-1
2025,E,,Rock'n'Roll-Small Formation,Final,5,20,2,-35,8,7,6,0,0,167,FM,1.5,1,1.5,0,0,0,0,0,0,-1,-1
2025,E,,Rock'n'Roll-Small Formation,Final,6,335,2,-50,6,6,4.5,0,0,167,FM,1,1,1,0,0,0,0,0,0,-1,-1
2025,E,,Rock'n'Roll-Small Formation,Final,6,335,2,-50,6,6,4.5,0,0,167,DF,1,1,1,0,0,0,0,0,0,-1,-1
2025,E,,Rock'n'Roll-Small Formation,Final,6,335,2,-50,6,6,4.5,0,0,167,CO,1,1,1,0,0,0,0,0,0,-1,-1
2025,F,,Rock'n'Roll-Small Formation,Final,1,321,3,-35,10,10,9,0,0,167,DF,1.5,2,1.5,0,0,0,0,0,0,-1,-1
2025,F,,Rock'n'Roll-Small Formation,Final,1,321,3,-35,10,10,9,0,0,167,FM,1.5,2,1.5,0,0,0,0,0,0,-1,-1
2025,F,,Rock'n'Roll-Small Formation,Final,1,321,3,-35,10,10,9,0,0,167,CO,2,2,2,0,0,0,0,0,0,-1,-1
2025,F,,Rock'n'Roll-Small Formation,Final,2,104,3,-25,9,10,8.25,0,0,167,CO,2,2,1.5,0,0,0,0,0,0,-1,-1
2025,F,,Rock'n'Roll-Small Formation,Final,2,104,3,-25,9,10,8.25,0,0,167,DF,2,1.5,1.5,0,0,0,0,0,0,-1,-1
2025,F,,Rock'n'Roll-Small Formation,Final,2,104,3,-25,9,10,8.25,0,0,167,FM,1.5,1.5,1.5,0,0,0,0,0,0,-1,-1
2025,F,,Rock'n'Roll-Small Formation,Final,3,31,3,-25,13,13,9.75,0,0,167,CO,2,2.5,2,0,0,0,0,0,0,-1,-1
2025,F,,Rock'n'Roll-Small Formation,Final,3,31,3,-25,13,13,9.75,0,0,167,DF,2.5,2,2,0,0,0,0,0,0,-1,-1
2025,F,,Rock'n'Roll-Small Formation,Final,3,31,3,-25,13,13,9.75,0,0,167,FM,2.5,2,2,0,0,0,0,0,0,-1,-1
2025,F,,Rock'n'Roll-Small Formation,Final,4,33,3,-35,10,12,9,0,0,167,CO,2,2,2,0,0,0,0,0,0,-1,-1
2025,F,,Rock'n'Roll-Small Formation,Final,4,33,3,-35,10,12,9,0,0,167,DF,2,2,2,0,0,0,0,0,0,-1,-1
2025,F,,Rock'n'Roll-Small Formation,Final,4,33,3,-35,10,12,9,0,0,167,FM,2,1.5,1.5,0,0,0,0,0,0,-1,-1
2025,F,,Rock'n'Roll-Small Formation,Final,5,20,3,-35,8,10,7.5,0,0,167,FM,1,1.5,1.5,0,0,0,0,0,0,-1,-1
2025,F,,Rock'n'Roll-Small Formation,Final,5,20,3,-35,8,10,7.5,0,0,167,CO,1.5,2,1.5,0,0,0,0,0,0,-1,-1
2025,F,,Rock'n'Roll-Small Formation,Final,5,20,3,-35,8,10,7.5,0,0,167,DF,1.5,2,1.5,0,0,0,0,0,0,-1,-1
2025,F,,Rock'n'Roll-Small Formation,Final,6,335,3,-35,8,8,7.5,-2,0,167,FM,1,1.5,1.5,0,0,0,0,0,0,-1,-1
2025,F,,Rock'n'Roll-Small Formation,Final,6,335,3,-35,8,8,7.5,-2,0,167,DF,1,1.5,1.5,0,0,0,0,0,0,-1,-1
2025,F,,Rock'n'Roll-Small Formation,Final,6,335,3,-35,8,8,7.5,-2,0,167,CO,1.5,2,1.5,0,0,0,0,0,0,-1,-1
2025,G,,Rock'n'Roll-Small Formation,Final,1,321,4,-25,7,9,6.75,0,0,167,CO,1.5,1.5,1.5,0,0,0,0,0,0,-1,-1
2025,G,,Rock'n'Roll-Small Formation,Final,1,321,4,-25,7,9,6.75,0,0,167,DF,1.5,1.5,1.5,0,0,0,0,0,0,-1,-1
2025,G,,Rock'n'Roll-Small Formation,Final,1,321,4,-25,7,9,6.75,0,0,167,FM,1,1.5,1,0,0,0,0,0,0,-1,-1
2025,G,,Rock'n'Roll-Small Formation,Final,2,104,4,-25,9,10,7.5,0,0,167,CO,1.5,2,1.5,0,0,0,0,0,0,-1,-1
2025,G,,Rock'n'Roll-Small Formation,Final,2,104,4,-25,9,10,7.5,0,0,167,DF,2,1.5,1.5,0,0,0,0,0,0,-1,-1
2025,G,,Rock'n'Roll-Small Formation,Final,2,104,4,-25,9,10,7.5,0,0,167,FM,1.5,1.5,1.5,0,0,0,0,0,0,-1,-1
2025,G,,Rock'n'Roll-Small Formation,Final,3,31,4,-15,11,12,9,0,0,167,CO,2,2,2,0,0,0,0,0,0,-1,-1
2025,G,,Rock'n'Roll-Small Formation,Final,3,31,4,-15,11,12,9,0,0,167,DF,2,2,2,0,0,0,0,0,0,-1,-1
2025,G,,Rock'n'Roll-Small Formation,Final,3,31,4,-15,11,12,9,0,0,167,FM,2,2,1.5,0,0,0,0,0,0,-1,-1
2025,G,,Rock'n'Roll-Small Formation,Final,4,33,4,-25,9,10,7.5,0,0,167,CO,1.5,2,1.5,0,0,0,0,0,0,-1,-1
2025,G,,Rock'n'Roll-Small Formation,Final,4,33,4,-25,9,10,7.5,0,0,167,DF,2,1.5,1.5,0,0,0,0,0,0,-1,-1
2025,G,,Rock'n'Roll-Small Formation,Final,4,33,4,-25,9,10,7.5,0,0,167,FM,1.5,1.5,1.5,0,0,0,0,0,0,-1,-1
2025,G,,Rock'n'Roll-Small Formation,Final,5,20,4,-35,6,6,6,0,0,167,CO,1.5,1,1.5,0,0,0,0,0,0,-1,-1
2025,G,,Rock'n'Roll-Small Formation,Final,5,20,4,-35,6,6,6,0,0,167,DF,1,1,1,0,0,0,0,0,0,-1,-1
2025,G,,Rock'n'Roll-Small Formation,Final,5,20,4,-35,6,6,6,0,0,167,FM,1,1,1,0,0,0,0,0,0,-1,-1
2025,G,,Rock'n'Roll-Small Formation,Final,6,335,4,-35,6,6,4.5,-2,0,167,CO,1,1,1,0,0,0,0,0,0,-1,-1
2025,G,,Rock'n'Roll-Small Formation,Final,6,335,4,-35,6,6,4.5,-2,0,167,DF,1,1,1,0,0,0,0,0,0,-1,-1
2025,G,,Rock'n'Roll-Small Formation,Final,6,335,4,-35,6,6,4.5,-2,0,167,FM,1,1,1,0,0,0,0,0,0,-1,-1
2025,J,,Rock'n'Roll-Small Formation,Final,1,321,5,-25,9,10,9,0,0,167,FM,1.5,1.5,1.5,0,0,0,0,0,0,-1,-1
2025,J,,Rock'n'Roll-Small Formation,Final,1,321,5,-25,9,10,9,0,0,167,CO,2,2,2,0,0,0,0,0,0,-1,-1
2025,J,,Rock'n'Roll-Small Formation,Final,1,321,5,-25,9,10,9,0,0,167,DF,2,1.5,1.5,0,0,0,0,0,0,-1,-1
2025,J,,Rock'n'Roll-Small Formation,Final,2,104,5,-25,9,10,8.25,0,0,167,FM,1.5,1.5,1.5,0,0,0,0,0,0,-1,-1
2025,J,,Rock'n'Roll-Small Formation,Final,2,104,5,-25,9,10,8.25,0,0,167,CO,2,1.5,2,0,0,0,0,0,0,-1,-1
2025,J,,Rock'n'Roll-Small Formation,Final,2,104,5,-25,9,10,8.25,0,0,167,DF,2,1.5,1.5,0,0,0,0,0,0,-1,-1
2025,J,,Rock'n'Roll-Small Formation,Final,3,31,5,-15,11,12,10.5,0,0,167,CO,2.5,2,2.5,0,0,0,0,0,0,-1,-1
2025,J,,Rock'n'Roll-Small Formation,Final,3,31,5,-15,11,12,10.5,0,0,167,DF,2,2,2,0,0,0,0,0,0,-1,-1
2025,J,,Rock'n'Roll-Small Formation,Final,3,31,5,-15,11,12,10.5,0,0,167,FM,2,2,1.5,0,0,0,0,0,0,-1,-1
2025,J,,Rock'n'Roll-Small Formation,Final,4,33,5,-25,9,11,9,0,0,167,DF,2,2,1.5,0,0,0,0,0,0,-1,-1
2025,J,,Rock'n'Roll-Small Formation,Final,4,33,5,-25,9,11,9,0,0,167,FM,1.5,1.5,1.5,0,0,0,0,0,0,-1,-1
2025,J,,Rock'n'Roll-Small Formation,Final,4,33,5,-25,9,11,9,0,0,167,CO,2,2,2,0,0,0,0,0,0,-1,-1
2025,J,,Rock'n'Roll-Small Formation,Final,5,20,5,-25,7,10,8.25,0,0,167,CO,1.5,2,2,0,0,0,0,0,0,-1,-1
2025,J,,Rock'n'Roll-Small Formation,Final,5,20,5,-25,7,10,8.25,0,0,167,DF,1.5,2,1.5,0,0,0,0,0,0,-1,-1
2025,J,,Rock'n'Roll-Small Formation,Final,5,20,5,-25,7,10,8.25,0,0,167,FM,1,1.5,1,0,0,0,0,0,0,-1,-1
2025,J,,Rock'n'Roll-Small Formation,Final,6,335,5,-35,7,8,6.75,-2,0,167,CO,1.5,1.5,1.5,0,0,0,0,0,0,-1,-1
2025,J,,Rock'n'Roll-Small Formation,Final,6,335,5,-35,7,8,6.75,-2,0,167,DF,1,1.5,1.5,0,0,0,0,0,0,-1,-1
2025,J,,Rock'n'Roll-Small Formation,Final,6,335,5,-35,7,8,6.75,-2,0,167,FM,1,1.5,1,0,0,0,0,0,0,-1,-1
2026,A,F,Rock'n'Roll-Main Class Free Style,Final - Acrobatic,1,222,1,-62.5,3.75,6.25,5.5,0,0,167,CO,1.5,2.5,1.5,0,0,0,0,0,0,-1,-1
2026,A,F,Rock'n'Roll-Main Class Free Style,Final - Acrobatic,1,222,1,-62.5,3.75,6.25,5.5,0,0,167,DF,1.5,1.5,2,0,0,0,0,0,0,-1,-1
2026,A,F,Rock'n'Roll-Main Class Free Style,Final - Acrobatic,2,63,1,-67.5,3.25,3.75,4.5,0,-40,167,DF,1.5,0,1.5,0,0,0,0,0,0,-1,-1
2026,A,F,Rock'n'Roll-Main Class Free Style,Final - Acrobatic,2,63,1,-67.5,3.25,3.75,4.5,0,-40,167,CO,1.5,1.5,1.5,0,0,0,0,0,0,-1,-1
2026,C,F,Rock'n'Roll-Main Class Free Style,Final - Acrobatic,1,222,3,-67.5,1.25,4.375,4,0,0,167,CO,1,1.5,1.5,0,0,0,0,0,0,-1,-1
2026,C,F,Rock'n'Roll-Main Class Free Style,Final - Acrobatic,1,222,3,-67.5,1.25,4.375,4,0,0,167,DF,1,1.5,1,0,0,0,0,0,0,-1,-1
2026,C,F,Rock'n'Roll-Main Class Free Style,Final - Acrobatic,2,63,3,-75,3.25,5,3.5,0,-40,167,CO,1,1,1.5,0,0,0,0,0,0,-1,-1
2026,C,F,Rock'n'Roll-Main Class Free Style,Final - Acrobatic,2,63,3,-75,3.25,5,3.5,0,-40,167,DF,1,1.5,1.5,0,0,0,0,0,0,-1,-1
2026,G,F,Rock'n'Roll-Main Class Free Style,Final - Acrobatic,1,222,6,-57.5,3.25,5,3.5,0,0,167,CO,1,1,1.5,0,0,0,0,0,0,-1,-1
2026,G,F,Rock'n'Roll-Main Class Free Style,Final - Acrobatic,1,222,6,-57.5,3.25,5,3.5,0,0,167,DF,1.5,1.5,1,0,0,0,0,0,0,-1,-1
2026,G,F,Rock'n'Roll-Main Class Free Style,Final - Acrobatic,2,63,6,-57.5,4.25,5,4.5,0,-30,167,CO,1.5,1.5,1.5,0,0,0,0,0,0,-1,-1
2026,G,F,Rock'n'Roll-Main Class Free Style,Final - Acrobatic,2,63,6,-57.5,4.25,5,4.5,0,-30,167,DF,1.5,1,1.5,0,0,0,0,0,0,-1,-1
2027,B,,Rock'n'Roll-Formation,Final,1,208,1,-25,12,11,8.25,-2,0,167,CO,1.5,2,2,0,0,0,0,0,0,-1,-1
2027,B,,Rock'n'Roll-Formation,Final,1,208,1,-25,12,11,8.25,-2,0,167,DF,1.5,2,2,0,0,0,0,0,0,-1,-1
2027,B,,Rock'n'Roll-Formation,Final,1,208,1,-25,12,11,8.25,-2,0,167,FM,2,2,2,0,0,0,0,0,0,-1,-1
2027,B,,Rock'n'Roll-Formation,Final,2,128,1,-25,11,9,6.75,0,0,167,DF,1.5,1.5,1.5,0,0,0,0,0,0,-1,-1
2027,B,,Rock'n'Roll-Formation,Final,2,128,1,-25,11,9,6.75,0,0,167,FM,1.5,2,2,0,0,0,0,0,0,-1,-1
2027,B,,Rock'n'Roll-Formation,Final,2,128,1,-25,11,9,6.75,0,0,167,CO,1.5,1.5,1.5,0,0,0,0,0,0,-1,-1
2027,B,,Rock'n'Roll-Formation,Final,3,77,1,-25,12,11,10.5,0,0,167,DF,1.5,2,2,0,0,0,0,0,0,-1,-1
2027,B,,Rock'n'Roll-Formation,Final,3,77,1,-25,12,11,10.5,0,0,167,FM,2,2,2,0,0,0,0,0,0,-1,-1
2027,B,,Rock'n'Roll-Formation,Final,3,77,1,-25,12,11,10.5,0,0,167,CO,2,2.5,2.5,0,0,0,0,0,0,-1,-1
2027,E,,Rock'n'Roll-Formation,Final,1,208,2,-15,11,12,9,0,-10,167,CO,2,2,2,0,0,0,0,0,0,-1,-1
2027,E,,Rock'n'Roll-Formation,Final,1,208,2,-15,11,12,9,0,-10,167,DF,2,2,2,0,0,0,0,0,0,-1,-1
2027,E,,Rock'n'Roll-Formation,Final,1,208,2,-15,11,12,9,0,-10,167,FM,2,1.5,2,0,0,0,0,0,0,-1,-1
2027,E,,Rock'n'Roll-Formation,Final,2,128,2,-35,9,11,11.25,0,0,167,CO,2.5,2.5,2.5,0,0,0,0,0,0,-1,-1
2027,E,,Rock'n'Roll-Formation,Final,2,128,2,-35,9,11,11.25,0,0,167,FM,2,1,1.5,0,0,0,0,0,0,-1,-1
2027,E,,Rock'n'Roll-Formation,Final,2,128,2,-35,9,11,11.25,0,0,167,DF,2,1.5,2,0,0,0,0,0,0,-1,-1
2027,E,,Rock'n'Roll-Formation,Final,3,77,2,-50,7,8,6.75,0,0,167,CO,1.5,1.5,1.5,0,0,0,0,0,0,-1,-1
2027,E,,Rock'n'Roll-Formation,Final,3,77,2,-50,7,8,6.75,0,0,167,DF,1,1.5,1.5,0,0,0,0,0,0,-1,-1
2027,E,,Rock'n'Roll-Formation,Final,3,77,2,-50,7,8,6.75,0,0,167,FM,1.5,0.5,1.5,0,0,0,0,0,0,-1,-1
2027,F,,Rock'n'Roll-Formation,Final,1,208,3,-10,15,15,11.25,0,-10,167,FM,2.5,2.5,2.5,0,0,0,0,0,0,-1,-1
2027,F,,Rock'n'Roll-Formation,Final,1,208,3,-10,15,15,11.25,0,-10,167,CO,2.5,2.5,2.5,0,0,0,0,0,0,-1,-1
2027,F,,Rock'n'Roll-Formation,Final,1,208,3,-10,15,15,11.25,0,-10,167,DF,2.5,2.5,2.5,0,0,0,0,0,0,-1,-1
2027,F,,Rock'n'Roll-Formation,Final,2,128,3,-25,11,12,9,0,0,167,FM,1.5,2,2,0,0,0,0,0,0,-1,-1
2027,F,,Rock'n'Roll-Formation,Final,2,128,3,-25,11,12,9,0,0,167,CO,2,2,2,0,0,0,0,0,0,-1,-1
2027,F,,Rock'n'Roll-Formation,Final,2,128,3,-25,11,12,9,0,0,167,DF,2,2,2,0,0,0,0,0,0,-1,-1
2027,F,,Rock'n'Roll-Formation,Final,3,77,3,-35,12,11,9,0,0,167,CO,2,2,2,0,0,0,0,0,0,-1,-1
2027,F,,Rock'n'Roll-Formation,Final,3,77,3,-35,12,11,9,0,0,167,DF,2,1.5,2,0,0,0,0,0,0,-1,-1
2027,F,,Rock'n'Roll-Formation,Final,3,77,3,-35,12,11,9,0,0,167,FM,2,2,2,0,0,0,0,0,0,-1,-1
2027,G,,Rock'n'Roll-Formation,Final,1,208,4,-10,12,12,9,0,-10,167,DF,2,2,2,0,0,0,0,0,0,-1,-1
2027,G,,Rock'n'Roll-Formation,Final,1,208,4,-10,12,12,9,0,-10,167,FM,2,2,2,0,0,0,0,0,0,-1,-1
2027,G,,Rock'n'Roll-Formation,Final,1,208,4,-10,12,12,9,0,-10,167,CO,2,2,2,0,0,0,0,0,0,-1,-1
2027,G,,Rock'n'Roll-Formation,Final,2,128,4,-15,13,12,9,0,0,167,CO,2,2,2,0,0,0,0,0,0,-1,-1
2027,G,,Rock'n'Roll-Formation,Final,2,128,4,-15,13,12,9,0,0,167,DF,2,2,2,0,0,0,0,0,0,-1,-1
2027,G,,Rock'n'Roll-Formation,Final,2,128,4,-15,13,12,9,0,0,167,FM,2,2.5,2,0,0,0,0,0,0,-1,-1
2027,G,,Rock'n'Roll-Formation,Final,3,77,4,-25,10,10,6.75,0,0,167,CO,1.5,1.5,1.5,0,0,0,0,0,0,-1,-1
2027,G,,Rock'n'Roll-Formation,Final,3,77,4,-25,10,10,6.75,0,0,167,DF,1.5,1.5,2,0,0,0,0,0,0,-1,-1
2027,G,,Rock'n'Roll-Formation,Final,3,77,4,-25,10,10,6.75,0,0,167,FM,2,1.5,1.5,0,0,0,0,0,0,-1,-1
2027,J,,Rock'n'Roll-Formation,Final,1,208,5,-15,10,13,9.75,0,0,167,CO,2,2,2.5,0,0,0,0,0,0,-1,-1
2027,J,,Rock'n'Roll-Formation,Final,1,208,5,-15,10,13,9.75,0,0,167,DF,2,2.5,2,0,0,0,0,0,0,-1,-1
2027,J,,Rock'n'Roll-Formation,Final,1,208,5,-15,10,13,9.75,0,0,167,FM,2,1.5,1.5,0,0,0,0,0,0,-1,-1
2027,J,,Rock'n'Roll-Formation,Final,2,128,5,-25,9,9,8.25,0,0,167,CO,2,1.5,2,0,0,0,0,0,0,-1,-1
2027,J,,Rock'n'Roll-Formation,Final,2,128,5,-25,9,9,8.25,0,0,167,DF,1.5,1.5,1.5,0,0,0,0,0,0,-1,-1
2027,J,,Rock'n'Roll-Formation,Final,2,128,5,-25,9,9,8.25,0,0,167,FM,1.5,1.5,1.5,0,0,0,0,0,0,-1,-1
2027,J,,Rock'n'Roll-Formation,Final,3,77,5,-25,11,11,9,0,0,167,FM,2,1.5,2,0,0,0,0,0,0,-1,-1
2027,J,,Rock'n'Roll-Formation,Final,3,77,5,-25,11,11,9,0,0,167,CO,2,2,2,0,0,0,0,0,0,-1,-1
2027,J,,Rock'n'Roll-Formation,Final,3,77,5,-25,11,11,9,0,0,167,DF,2,2,1.5,0,0,0,0,0,0,-1,-1
