rt_id,Judge,Type,Category,Round,Heat,Stn,stanica,FW,FM,DF,CO,sm,bm,turnir,krit,val1,val2,val3,Acro 1,Acro 2,Acro 3,Acro 4,Acro 5,Acro 6,Acro 7,Acro 8
2075,A,,Rock'n'Roll-Beginners,First round,1,6,1,-35,6.5,10,9,-4,0,174,DF,1.5,1,1.5,0,0,0,0,0,0,-1,-1
2075,A,,Rock'n'Roll-Beginners,First round,1,350,1,-35,6.5,10,8,0,0,174,CO,1.5,1.5,1,0,0,0,0,0,0,-1,-1
2075,A,,Rock'n'Roll-Beginners,First round,1,350,1,-35,6.5,10,8,0,0,174,DF,1.5,1,1.5,0,0,0,0,0,0,-1,-1
2075,A,,Rock'n'Roll-Beginners,First round,1,6,1,-35,6.5,10,9,-4,0,174,CO,2,1.5,1,0,0,0,0,0,0,-1,-1
2075,A,,Rock'n'Roll-Beginners,First round,2,276,1,-35,5,10,8,-2,0,174,CO,1.5,1.5,1,0,0,0,0,0,0,-1,-1
2075,A,,Rock'n'Roll-Beginners,First round,2,276,1,-35,5,10,8,-2,0,174,DF,1.5,1,1.5,0,0,0,0,0,0,-1,-1
2075,A,,Rock'n'Roll-Beginners,First round,2,289,1,-25,7.5,12.5,10,0,0,174,CO,2,2,1,0,0,0,0,0,0,-1,-1
2075,A,,Rock'n'Roll-Beginners,First round,2,289,1,-25,7.5,12.5,10,0,0,174,DF,2,1.5,1.5,0,0,0,0,0,0,-1,-1
2075,A,,Rock'n'Roll-Beginners,First round,3,114,1,-35,6.5,11.25,9,0,0,174,CO,2,1.5,1,0,0,0,0,0,0,-1,-1
2075,A,,Rock'n'Roll-Beginners,First round,3,114,1,-35,6.5,11.25,9,0,0,174,DF,1.5,1.5,1.5,0,0,0,0,0,0,-1,-1
2075,A,,Rock'n'Roll-Beginners,First round,3,290,1,-35,6.5,10,9,-2,0,174,CO,1.5,2,1,0,0,0,0,0,0,-1,-1
2075,A,,Rock'n'Roll-Beginners,First round,3,290,1,-35,6.5,10,9,-2,0,174,DF,1.5,1,1.5,0,0,0,0,0,0,-1,-1
2075,A,,Rock'n'Roll-Beginners,First round,4,279,1,-25,7.5,11.25,10,0,0,174,CO,2,2,1,0,0,0,0,0,0,-1,-1
2075,A,,Rock'n'Roll-Beginners,First round,4,279,1,-25,7.5,11.25,10,0,0,174,DF,1.5,1.5,1.5,0,0,0,0,0,0,-1,-1
2075,A,,Rock'n'Roll-Beginners,First round,4,277,1,-50,5,8.75,7,-2,0,174,DF,1.5,1,1,0,0,0,0,0,0,-1,-1
2075,A,,Rock'n'Roll-Beginners,First round,4,277,1,-50,5,8.75,7,-2,0,174,CO,1.5,1,1,0,0,0,0,0,0,-1,-1
2075,A,,Rock'n'Roll-Beginners,First round,5,218,1,-35,6.5,10,8,-6,0,174,DF,1.5,1.5,1,0,0,0,0,0,0,-1,-1
2075,A,,Rock'n'Roll-Beginners,First round,5,293,1,-25,6.5,11.25,9,0,0,174,CO,2,1.5,1,0,0,0,0,0,0,-1,-1
2075,A,,Rock'n'Roll-Beginners,First round,5,293,1,-25,6.5,11.25,9,0,0,174,DF,1.5,1.5,1.5,0,0,0,0,0,0,-1,-1
2075,A,,Rock'n'Roll-Beginners,First round,5,218,1,-35,6.5,10,8,-6,0,174,CO,1.5,1.5,1,0,0,0,0,0,0,-1,-1
2075,B,,Rock'n'Roll-Beginners,First round,1,6,2,-35,5,8.75,8,0,0,174,DF,1,1,1.5,0,0,0,0,0,0,-1,-1
2075,B,,Rock'n'Roll-Beginners,First round,1,350,2,-35,6.5,10,6,0,0,174,CO,1,1,1,0,0,0,0,0,0,-1,-1
2075,B,,Rock'n'Roll-Beginners,First round,1,6,2,-35,5,8.75,8,0,0,174,CO,1.5,1.5,1,0,0,0,0,0,0,-1,-1
2075,B,,Rock'n'Roll-Beginners,First round,1,350,2,-35,6.5,10,6,0,0,174,DF,1.5,1,1.5,0,0,0,0,0,0,-1,-1
2075,B,,Rock'n'Roll-Beginners,First round,2,276,2,-50,2.5,8.75,8,-2,0,174,CO,1,1.5,1.5,0,0,0,0,0,0,-1,-1
2075,B,,Rock'n'Roll-Beginners,First round,2,276,2,-50,2.5,8.75,8,-2,0,174,DF,1.5,0.5,1.5,0,0,0,0,0,0,-1,-1
2075,B,,Rock'n'Roll-Beginners,First round,2,289,2,-25,8.5,11.25,10,0,0,174,CO,1.5,2,1.5,0,0,0,0,0,0,-1,-1
2075,B,,Rock'n'Roll-Beginners,First round,2,289,2,-25,8.5,11.25,10,0,0,174,DF,1.5,1.5,1.5,0,0,0,0,0,0,-1,-1
2075,B,,Rock'n'Roll-Beginners,First round,3,290,2,-25,6.5,7.5,5,-4,0,174,CO,1,1,0.5,0,0,0,0,0,0,-1,-1
2075,B,,Rock'n'Roll-Beginners,First round,3,290,2,-25,6.5,7.5,5,-4,0,174,DF,1,0.5,1.5,0,0,0,0,0,0,-1,-1
2075,B,,Rock'n'Roll-Beginners,First round,3,114,2,-50,5,8.75,6,0,0,174,DF,1,1,1.5,0,0,0,0,0,0,-1,-1
2075,B,,Rock'n'Roll-Beginners,First round,3,114,2,-50,5,8.75,6,0,0,174,CO,1,1,1,0,0,0,0,0,0,-1,-1
2075,B,,Rock'n'Roll-Beginners,First round,4,277,2,-50,2.5,7.5,5,0,0,174,DF,0.5,1,1.5,0,0,0,0,0,0,-1,-1
2075,B,,Rock'n'Roll-Beginners,First round,4,279,2,-25,6.5,11.25,6,-2,0,174,CO,0.5,1.5,1,0,0,0,0,0,0,-1,-1
2075,B,,Rock'n'Roll-Beginners,First round,4,279,2,-25,6.5,11.25,6,-2,0,174,DF,1.5,1.5,1.5,0,0,0,0,0,0,-1,-1
2075,B,,Rock'n'Roll-Beginners,First round,4,277,2,-50,2.5,7.5,5,0,0,174,CO,1.5,0.5,0.5,0,0,0,0,0,0,-1,-1
2075,B,,Rock'n'Roll-Beginners,First round,5,218,2,-35,5,7.5,8,-4,0,174,DF,1,1,1,0,0,0,0,0,0,-1,-1
2075,B,,Rock'n'Roll-Beginners,First round,5,293,2,-15,6.5,10,9,0,0,174,CO,1.5,1.5,1.5,0,0,0,0,0,0,-1,-1
2075,B,,Rock'n'Roll-Beginners,First round,5,218,2,-35,5,7.5,8,-4,0,174,CO,1.5,1,1.5,0,0,0,0,0,0,-1,-1
2075,B,,Rock'n'Roll-Beginners,First round,5,293,2,-15,6.5,10,9,0,0,174,DF,1.5,1,1.5,0,0,0,0,0,0,-1,-1
2075,C,,Rock'n'Roll-Beginners,First round,1,6,3,-75,2.5,6.25,4,-4,0,174,CO,0.5,1,0.5,0,0,0,0,0,0,-1,-1
2075,C,,Rock'n'Roll-Beginners,First round,1,6,3,-75,2.5,6.25,4,-4,0,174,DF,1,0.5,1,0,0,0,0,0,0,-1,-1
2075,C,,Rock'n'Roll-Beginners,First round,1,350,3,-50,2.5,10,9,-2,0,174,CO,1.5,1.5,1.5,0,0,0,0,0,0,-1,-1
2075,C,,Rock'n'Roll-Beginners,First round,1,350,3,-50,2.5,10,9,-2,0,174,DF,1.5,1,1.5,0,0,0,0,0,0,-1,-1
2075,C,,Rock'n'Roll-Beginners,First round,2,276,3,-50,2.5,8.75,7,0,0,174,DF,1,1,1.5,0,0,0,0,0,0,-1,-1
2075,C,,Rock'n'Roll-Beginners,First round,2,289,3,-35,6.5,10,8,0,0,174,CO,1.5,1.5,1,0,0,0,0,0,0,-1,-1
2075,C,,Rock'n'Roll-Beginners,First round,2,276,3,-50,2.5,8.75,7,0,0,174,CO,1,1,1.5,0,0,0,0,0,0,-1,-1
2075,C,,Rock'n'Roll-Beginners,First round,2,289,3,-35,6.5,10,8,0,0,174,DF,1.5,1,1.5,0,0,0,0,0,0,-1,-1
2075,C,,Rock'n'Roll-Beginners,First round,3,114,3,-50,5,10,7,0,-10,174,CO,1.5,1,1,0,0,0,0,0,0,-1,-1
2075,C,,Rock'n'Roll-Beginners,First round,3,114,3,-50,5,10,7,0,-10,174,DF,1.5,1,1.5,0,0,0,0,0,0,-1,-1
2075,C,,Rock'n'Roll-Beginners,First round,3,290,3,-50,6.5,6.25,5,0,0,174,CO,1,0.5,1,0,0,0,0,0,0,-1,-1
2075,C,,Rock'n'Roll-Beginners,First round,3,290,3,-50,6.5,6.25,5,0,0,174,DF,1,0.5,1,0,0,0,0,0,0,-1,-1
2075,C,,Rock'n'Roll-Beginners,First round,4,277,3,-50,5,7.5,6,-4,0,174,DF,1,0.5,1.5,0,0,0,0,0,0,-1,-1
2075,C,,Rock'n'Roll-Beginners,First round,4,279,3,-50,6.5,7.5,6,-6,0,174,CO,1,1,1,0,0,0,0,0,0,-1,-1
2075,C,,Rock'n'Roll-Beginners,First round,4,277,3,-50,5,7.5,6,-4,0,174,CO,1,1,1,0,0,0,0,0,0,-1,-1
2075,C,,Rock'n'Roll-Beginners,First round,4,279,3,-50,6.5,7.5,6,-6,0,174,DF,1,1,1,0,0,0,0,0,0,-1,-1
2075,C,,Rock'n'Roll-Beginners,First round,5,218,3,-35,2.5,7.5,7,-4,0,174,CO,1,1.5,1,0,0,0,0,0,0,-1,-1
2075,C,,Rock'n'Roll-Beginners,First round,5,218,3,-35,2.5,7.5,7,-4,0,174,DF,1,0.5,1.5,0,0,0,0,0,0,-1,-1
2075,C,,Rock'n'Roll-Beginners,First round,5,293,3,-35,5,11.25,8,0,0,174,CO,1.5,1,1.5,0,0,0,0,0,0,-1,-1
2075,C,,Rock'n'Roll-Beginners,First round,5,293,3,-35,5,11.25,8,0,0,174,DF,1.5,1.5,1.5,0,0,0,0,0,0,-1,-1
2075,D,,Rock'n'Roll-Beginners,First round,1,350,4,-35,5,10,8,-2,0,174,CO,1.5,1,1.5,0,0,0,0,0,0,-1,-1
2075,D,,Rock'n'Roll-Beginners,First round,1,350,4,-35,5,10,8,-2,0,174,DF,1,1.5,1.5,0,0,0,0,0,0,-1,-1
2075,D,,Rock'n'Roll-Beginners,First round,1,6,4,-35,6.5,8.75,6,0,-10,174,DF,1,1.5,1,0,0,0,0,0,0,-1,-1
2075,D,,Rock'n'Roll-Beginners,First round,1,6,4,-35,6.5,8.75,6,0,-10,174,CO,1,1,1,0,0,0,0,0,0,-1,-1
2075,D,,Rock'n'Roll-Beginners,First round,2,276,4,-25,2.5,10,7,0,0,174,DF,1.5,1,1.5,0,0,0,0,0,0,-1,-1
2075,D,,Rock'n'Roll-Beginners,First round,2,289,4,-15,8.5,13.75,9,0,0,174,CO,1.5,1.5,1.5,0,0,0,0,0,0,-1,-1
2075,D,,Rock'n'Roll-Beginners,First round,2,289,4,-15,8.5,13.75,9,0,0,174,DF,1.5,2,2,0,0,0,0,0,0,-1,-1
2075,D,,Rock'n'Roll-Beginners,First round,2,276,4,-25,2.5,10,7,0,0,174,CO,1.5,1,1,0,0,0,0,0,0,-1,-1
2075,D,,Rock'n'Roll-Beginners,First round,3,114,4,-25,6.5,13.75,9,0,0,174,DF,2,2,1.5,0,0,0,0,0,0,-1,-1
2075,D,,Rock'n'Roll-Beginners,First round,3,290,4,-25,7.5,10,5,0,-10,174,CO,0.5,1,1,0,0,0,0,0,0,-1,-1
2075,D,,Rock'n'Roll-Beginners,First round,3,114,4,-25,6.5,13.75,9,0,0,174,CO,1,2,1.5,0,0,0,0,0,0,-1,-1
2075,D,,Rock'n'Roll-Beginners,First round,3,290,4,-25,7.5,10,5,0,-10,174,DF,1.5,1.5,1,0,0,0,0,0,0,-1,-1
2075,D,,Rock'n'Roll-Beginners,First round,4,277,4,-50,2.5,10,5,-4,0,174,CO,1,0.5,1,0,0,0,0,0,0,-1,-1
2075,D,,Rock'n'Roll-Beginners,First round,4,277,4,-50,2.5,10,5,-4,0,174,DF,1.5,1,1.5,0,0,0,0,0,0,-1,-1
2075,D,,Rock'n'Roll-Beginners,First round,4,279,4,-25,6.5,8.75,7,-2,0,174,CO,1,1.5,1,0,0,0,0,0,0,-1,-1
2075,D,,Rock'n'Roll-Beginners,First round,4,279,4,-25,6.5,8.75,7,-2,0,174,DF,1,1.5,1,0,0,0,0,0,0,-1,-1
2075,D,,Rock'n'Roll-Beginners,First round,5,218,4,-35,5,8.75,8,0,0,174,DF,1,1.5,1,0,0,0,0,0,0,-1,-1
2075,D,,Rock'n'Roll-Beginners,First round,5,293,4,-35,5,11.25,8,0,0,174,CO,1.5,1.5,1,0,0,0,0,0,0,-1,-1
2075,D,,Rock'n'Roll-Beginners,First round,5,218,4,-35,5,8.75,8,0,0,174,CO,1.5,1.5,1,0,0,0,0,0,0,-1,-1
2075,D,,Rock'n'Roll-Beginners,First round,5,293,4,-35,5,11.25,8,0,0,174,DF,2,1,1.5,0,0,0,0,0,0,-1,-1
2075,E,,Rock'n'Roll-Beginners,First round,1,6,5,-50,5,7.5,5,0,-10,174,CO,1,1,0.5,0,0,0,0,0,0,-1,-1
2075,E,,Rock'n'Roll-Beginners,First round,1,6,5,-50,5,7.5,5,0,-10,174,DF,1,1,1,0,0,0,0,0,0,-1,-1
2075,E,,Rock'n'Roll-Beginners,First round,1,350,5,-35,5,12.5,10,0,0,174,CO,1.5,2,1.5,0,0,0,0,0,0,-1,-1
2075,E,,Rock'n'Roll-Beginners,First round,1,350,5,-35,5,12.5,10,0,0,174,DF,1.5,2,1.5,0,0,0,0,0,0,-1,-1
2075,E,,Rock'n'Roll-Beginners,First round,2,276,5,-25,5,8.75,7,-4,0,174,DF,1,1.5,1,0,0,0,0,0,0,-1,-1
2075,E,,Rock'n'Roll-Beginners,First round,2,289,5,-35,7.5,15,10,0,0,174,CO,1.5,2,1.5,0,0,0,0,0,0,-1,-1
2075,E,,Rock'n'Roll-Beginners,First round,2,276,5,-25,5,8.75,7,-4,0,174,CO,1,2,0.5,0,0,0,0,0,0,-1,-1
2075,E,,Rock'n'Roll-Beginners,First round,2,289,5,-35,7.5,15,10,0,0,174,DF,2,2,2,0,0,0,0,0,0,-1,-1
2075,E,,Rock'n'Roll-Beginners,First round,3,114,5,-35,6.5,12.5,10,0,0,174,CO,1.5,1.5,2,0,0,0,0,0,0,-1,-1
2075,E,,Rock'n'Roll-Beginners,First round,3,114,5,-35,6.5,12.5,10,0,0,174,DF,2,1,2,0,0,0,0,0,0,-1,-1
2075,E,,Rock'n'Roll-Beginners,First round,3,290,5,-35,6.5,7.5,8,0,-10,174,CO,1.5,1.5,1,0,0,0,0,0,0,-1,-1
2075,E,,Rock'n'Roll-Beginners,First round,3,290,5,-35,6.5,7.5,8,0,-10,174,DF,1,1,1,0,0,0,0,0,0,-1,-1
2075,E,,Rock'n'Roll-Beginners,First round,4,277,5,-35,5,8.75,6,-4,0,174,DF,1,1,1.5,0,0,0,0,0,0,-1,-1
2075,E,,Rock'n'Roll-Beginners,First round,4,279,5,-35,6.5,11.25,6,-2,0,174,CO,1,1,1,0,0,0,0,0,0,-1,-1
2075,E,,Rock'n'Roll-Beginners,First round,4,277,5,-35,5,8.75,6,-4,0,174,CO,1.5,1,0.5,0,0,0,0,0,0,-1,-1
2075,E,,Rock'n'Roll-Beginners,First round,4,279,5,-35,6.5,11.25,6,-2,0,174,DF,2,1,1.5,0,0,0,0,0,0,-1,-1
2075,E,,Rock'n'Roll-Beginners,First round,5,218,5,-35,5,11.25,6,-4,0,174,CO,1,0.5,1.5,0,0,0,0,0,0,-1,-1
2075,E,,Rock'n'Roll-Beginners,First round,5,218,5,-35,5,11.25,6,-4,0,174,DF,1.5,1.5,1.5,0,0,0,0,0,0,-1,-1
2075,E,,Rock'n'Roll-Beginners,First round,5,293,5,-15,6.5,11.25,9,0,0,174,CO,1.5,1.5,1.5,0,0,0,0,0,0,-1,-1
2075,E,,Rock'n'Roll-Beginners,First round,5,293,5,-15,6.5,11.25,9,0,0,174,DF,1.5,1.5,1.5,0,0,0,0,0,0,-1,-1
2075,F,,Rock'n'Roll-Beginners,First round,1,6,6,-35,6.5,7.5,5,-2,0,174,DF,1,1,1,0,0,0,0,0,0,-1,-1
2075,F,,Rock'n'Roll-Beginners,First round,1,350,6,-50,5,8.75,5,0,0,174,CO,1,1,0.5,0,0,0,0,0,0,-1,-1
2075,F,,Rock'n'Roll-Beginners,First round,1,6,6,-35,6.5,7.5,5,-2,0,174,CO,1,1,0.5,0,0,0,0,0,0,-1,-1
2075,F,,Rock'n'Roll-Beginners,First round,1,350,6,-50,5,8.75,5,0,0,174,DF,1,1.5,1,0,0,0,0,0,0,-1,-1
2075,F,,Rock'n'Roll-Beginners,First round,2,276,6,-35,6.5,8.75,8,-4,0,174,CO,1.5,1.5,1,0,0,0,0,0,0,-1,-1
2075,F,,Rock'n'Roll-Beginners,First round,2,276,6,-35,6.5,8.75,8,-4,0,174,DF,1.5,1,1,0,0,0,0,0,0,-1,-1
2075,F,,Rock'n'Roll-Beginners,First round,2,289,6,-25,6.5,11.25,8,0,0,174,CO,1.5,1.5,1,0,0,0,0,0,0,-1,-1
2075,F,,Rock'n'Roll-Beginners,First round,2,289,6,-25,6.5,11.25,8,0,0,174,DF,1.5,1.5,1.5,0,0,0,0,0,0,-1,-1
2075,F,,Rock'n'Roll-Beginners,First round,3,114,6,-15,8.5,13.75,10,0,0,174,DF,2,2,1.5,0,0,0,0,0,0,-1,-1
2075,F,,Rock'n'Roll-Beginners,First round,3,290,6,-25,7.5,7.5,6,-4,0,174,CO,1,1,1,0,0,0,0,0,0,-1,-1
2075,F,,Rock'n'Roll-Beginners,First round,3,114,6,-15,8.5,13.75,10,0,0,174,CO,2,2,1,0,0,0,0,0,0,-1,-1
2075,F,,Rock'n'Roll-Beginners,First round,3,290,6,-25,7.5,7.5,6,-4,0,174,DF,1,1,1,0,0,0,0,0,0,-1,-1
2075,F,,Rock'n'Roll-Beginners,First round,4,277,6,-50,5,5,6,-8,0,174,CO,1,1,1,0,0,0,0,0,0,-1,-1
2075,F,,Rock'n'Roll-Beginners,First round,4,277,6,-50,5,5,6,-8,0,174,DF,1,0.5,0.5,0,0,0,0,0,0,-1,-1
2075,F,,Rock'n'Roll-Beginners,First round,4,279,6,-25,6.5,10,8,0,0,174,CO,1.5,1.5,1,0,0,0,0,0,0,-1,-1
2075,F,,Rock'n'Roll-Beginners,First round,4,279,6,-25,6.5,10,8,0,0,174,DF,1.5,1.5,1,0,0,0,0,0,0,-1,-1
2075,F,,Rock'n'Roll-Beginners,First round,5,218,6,-35,5,6.25,5,-6,0,174,DF,1.5,1,0,0,0,0,0,0,0,-1,-1
2075,F,,Rock'n'Roll-Beginners,First round,5,293,6,-35,6.5,6.25,7,-2,0,174,CO,1.5,1,1,0,0,0,0,0,0,-1,-1
2075,F,,Rock'n'Roll-Beginners,First round,5,218,6,-35,5,6.25,5,-6,0,174,CO,1.5,1,0,0,0,0,0,0,0,-1,-1
2075,F,,Rock'n'Roll-Beginners,First round,5,293,6,-35,6.5,6.25,7,-2,0,174,DF,1,1,0.5,0,0,0,0,0,0,-1,-1
2075,G,,Rock'n'Roll-Beginners,First round,1,6,7,-50,5,10,9,0,-10,174,CO,1.5,1.5,1.5,0,0,0,0,0,0,-1,-1
2075,G,,Rock'n'Roll-Beginners,First round,1,6,7,-50,5,10,9,0,-10,174,DF,2,1,1,0,0,0,0,0,0,-1,-1
2075,G,,Rock'n'Roll-Beginners,First round,1,350,7,-50,6.5,13.75,11,0,0,174,CO,2,2,1.5,0,0,0,0,0,0,-1,-1
2075,G,,Rock'n'Roll-Beginners,First round,1,350,7,-50,6.5,13.75,11,0,0,174,DF,2,2,1.5,0,0,0,0,0,0,-1,-1
2075,G,,Rock'n'Roll-Beginners,First round,2,289,7,-25,8.5,16.25,12,0,0,174,CO,2.5,2,1.5,0,0,0,0,0,0,-1,-1
2075,G,,Rock'n'Roll-Beginners,First round,2,289,7,-25,8.5,16.25,12,0,0,174,DF,2.5,2,2,0,0,0,0,0,0,-1,-1
2075,G,,Rock'n'Roll-Beginners,First round,2,276,7,-25,2.5,11.25,9,-2,0,174,DF,1.5,1.5,1.5,0,0,0,0,0,0,-1,-1
2075,G,,Rock'n'Roll-Beginners,First round,2,276,7,-25,2.5,11.25,9,-2,0,174,CO,1.5,1.5,1.5,0,0,0,0,0,0,-1,-1
2075,G,,Rock'n'Roll-Beginners,First round,3,114,7,-35,6.5,13.75,10,-2,0,174,DF,2,1.5,2,0,0,0,0,0,0,-1,-1
2075,G,,Rock'n'Roll-Beginners,First round,3,290,7,-25,6.5,7.5,6,-4,0,174,CO,1,1,1,0,0,0,0,0,0,-1,-1
2075,G,,Rock'n'Roll-Beginners,First round,3,290,7,-25,6.5,7.5,6,-4,0,174,DF,1,1,1,0,0,0,0,0,0,-1,-1
2075,G,,Rock'n'Roll-Beginners,First round,3,114,7,-35,6.5,13.75,10,-2,0,174,CO,2,1.5,1.5,0,0,0,0,0,0,-1,-1
2075,G,,Rock'n'Roll-Beginners,First round,4,277,7,-50,5,8.75,6,-6,0,174,DF,1,1,1.5,0,0,0,0,0,0,-1,-1
2075,G,,Rock'n'Roll-Beginners,First round,4,279,7,-35,7.5,11.25,9,-2,0,174,CO,1.5,1.5,1.5,0,0,0,0,0,0,-1,-1
2075,G,,Rock'n'Roll-Beginners,First round,4,277,7,-50,5,8.75,6,-6,0,174,CO,1,1,1,0,0,0,0,0,0,-1,-1
2075,G,,Rock'n'Roll-Beginners,First round,4,279,7,-35,7.5,11.25,9,-2,0,174,DF,1.5,1.5,1.5,0,0,0,0,0,0,-1,-1
2075,G,,Rock'n'Roll-Beginners,First round,5,218,7,-50,6.5,7.5,6,-10,0,174,CO,1,1,1,0,0,0,0,0,0,-1,-1
2075,G,,Rock'n'Roll-Beginners,First round,5,218,7,-50,6.5,7.5,6,-10,0,174,DF,1,1,1,0,0,0,0,0,0,-1,-1
2075,G,,Rock'n'Roll-Beginners,First round,5,293,7,-10,6.5,13.75,9,0,0,174,CO,1.5,1.5,1.5,0,0,0,0,0,0,-1,-1
2075,G,,Rock'n'Roll-Beginners,First round,5,293,7,-10,6.5,13.75,9,0,0,174,DF,2,2,1.5,0,0,0,0,0,0,-1,-1
2076,A,,Rock'n'Roll-Small Formation,First round,1,33,1,-25,12,12,9,0,0,174,DF,2,2,2,0,0,0,0,0,0,-1,-1
2076,A,,Rock'n'Roll-Small Formation,First round,1,33,1,-25,12,12,9,0,0,174,FM,2,2,2,0,0,0,0,0,0,-1,-1
2076,A,,Rock'n'Roll-Small Formation,First round,1,33,1,-25,12,12,9,0,0,174,CO,2,2,2,0,0,0,0,0,0,-1,-1
2076,A,,Rock'n'Roll-Small Formation,First round,2,259,1,-35,7,8,6.75,-2,0,174,DF,1.5,1.5,1,0,0,0,0,0,0,-1,-1
2076,A,,Rock'n'Roll-Small Formation,First round,2,259,1,-35,7,8,6.75,-2,0,174,FM,1,1,1.5,0,0,0,0,0,0,-1,-1
2076,A,,Rock'n'Roll-Small Formation,First round,2,259,1,-35,7,8,6.75,-2,0,174,CO,1.5,1.5,1.5,0,0,0,0,0,0,-1,-1
2076,A,,Rock'n'Roll-Small Formation,First round,3,335,1,-35,7,6,6.75,-2,0,174,CO,1.5,1.5,1.5,0,0,0,0,0,0,-1,-1
2076,A,,Rock'n'Roll-Small Formation,First round,3,335,1,-35,7,6,6.75,-2,0,174,DF,1,1,1,0,0,0,0,0,0,-1,-1
2076,A,,Rock'n'Roll-Small Formation,First round,3,335,1,-35,7,6,6.75,-2,0,174,FM,1,1,1.5,0,0,0,0,0,0,-1,-1
2076,A,,Rock'n'Roll-Small Formation,First round,4,180,1,-25,7,7,7.5,0,0,174,CO,1.5,2,1.5,0,0,0,0,0,0,-1,-1
2076,A,,Rock'n'Roll-Small Formation,First round,4,180,1,-25,7,7,7.5,0,0,174,DF,1,1,1.5,0,0,0,0,0,0,-1,-1
2076,A,,Rock'n'Roll-Small Formation,First round,4,180,1,-25,7,7,7.5,0,0,174,FM,1,1.5,1,0,0,0,0,0,0,-1,-1
2076,A,,Rock'n'Roll-Small Formation,First round,5,31,1,-15,12,12,10.5,0,0,174,CO,2.5,2,2.5,0,0,0,0,0,0,-1,-1
2076,A,,Rock'n'Roll-Small Formation,First round,5,31,1,-15,12,12,10.5,0,0,174,DF,2,2,2,0,0,0,0,0,0,-1,-1
2076,A,,Rock'n'Roll-Small Formation,First round,5,31,1,-15,12,12,10.5,0,0,174,FM,2,2,2,0,0,0,0,0,0,-1,-1
2076,A,,Rock'n'Roll-Small Formation,First round,6,104,1,-35,9,9,6.75,-2,0,174,FM,1.5,1.5,1.5,0,0,0,0,0,0,-1,-1
2076,A,,Rock'n'Roll-Small Formation,First round,6,104,1,-35,9,9,6.75,-2,0,174,CO,1.5,1.5,1.5,0,0,0,0,0,0,-1,-1
2076,A,,Rock'n'Roll-Small Formation,First round,6,104,1,-35,9,9,6.75,-2,0,174,DF,1.5,1.5,1.5,0,0,0,0,0,0,-1,-1
2076,A,,Rock'n'Roll-Small Formation,First round,7,390,1,-50,8,7,6,0,0,174,FM,1,1.5,1.5,0,0,0,0,0,0,-1,-1
2076,A,,Rock'n'Roll-Small Formation,First round,7,390,1,-50,8,7,6,0,0,174,CO,1.5,1.5,1,0,0,0,0,0,0,-1,-1
2076,A,,Rock'n'Roll-Small Formation,First round,7,390,1,-50,8,7,6,0,0,174,DF,1.5,1,1,0,0,0,0,0,0,-1,-1
2076,A,,Rock'n'Roll-Small Formation,First round,8,35,1,-35,8,7,6.75,0,0,174,CO,1.5,1.5,1.5,0,0,0,0,0,0,-1,-1
2076,A,,Rock'n'Roll-Small Formation,First round,8,35,1,-35,8,7,6.75,0,0,174,DF,1,1,1.5,0,0,0,0,0,0,-1,-1
2076,A,,Rock'n'Roll-Small Formation,First round,8,35,1,-35,8,7,6.75,0,0,174,FM,1,1.5,1.5,0,0,0,0,0,0,-1,-1
2076,A,,Rock'n'Roll-Small Formation,First round,9,20,1,-25,8,9,8.25,0,0,174,CO,2,1.5,2,0,0,0,0,0,0,-1,-1
2076,A,,Rock'n'Roll-Small Formation,First round,9,20,1,-25,8,9,8.25,0,0,174,DF,1.5,1.5,1.5,0,0,0,0,0,0,-1,-1
2076,A,,Rock'n'Roll-Small Formation,First round,9,20,1,-25,8,9,8.25,0,0,174,FM,1,1.5,1.5,0,0,0,0,0,0,-1,-1
2076,A,,Rock'n'Roll-Small Formation,First round,10,321,1,-25,10,11,9,0,0,174,CO,2,2,2,0,0,0,0,0,0,-1,-1
2076,A,,Rock'n'Roll-Small Formation,First round,10,321,1,-25,10,11,9,0,0,174,DF,2,1.5,2,0,0,0,0,0,0,-1,-1
2076,A,,Rock'n'Roll-Small Formation,First round,10,321,1,-25,10,11,9,0,0,174,FM,1.5,2,1.5,0,0,0,0,0,0,-1,-1
2076,B,,Rock'n'Roll-Small Formation,First round,1,33,2,-15,10,9,6.75,0,0,174,CO,1,2,1.5,0,0,0,0,0,0,-1,-1
2076,B,,Rock'n'Roll-Small Formation,First round,1,33,2,-15,10,9,6.75,0,0,174,DF,1,1.5,2,0,0,0,0,0,0,-1,-1
2076,B,,Rock'n'Roll-Small Formation,First round,1,33,2,-15,10,9,6.75,0,0,174,FM,1.5,1.5,2,0,0,0,0,0,0,-1,-1
2076,B,,Rock'n'Roll-Small Formation,First round,2,259,2,-35,6,6,5.25,0,0,174,CO,1,1,1.5,0,0,0,0,0,0,-1,-1
2076,B,,Rock'n'Roll-Small Formation,First round,2,259,2,-35,6,6,5.25,0,0,174,DF,1,1,1,0,0,0,0,0,0,-1,-1
2076,B,,Rock'n'Roll-Small Formation,First round,2,259,2,-35,6,6,5.25,0,0,174,FM,0.5,1.5,1,0,0,0,0,0,0,-1,-1
2076,B,,Rock'n'Roll-Small Formation,First round,3,335,2,-35,8,8,5.25,-2,0,174,CO,1,1.5,1,0,0,0,0,0,0,-1,-1
2076,B,,Rock'n'Roll-Small Formation,First round,3,335,2,-35,8,8,5.25,-2,0,174,DF,0.5,2,1.5,0,0,0,0,0,0,-1,-1
2076,B,,Rock'n'Roll-Small Formation,First round,3,335,2,-35,8,8,5.25,-2,0,174,FM,1,1.5,1.5,0,0,0,0,0,0,-1,-1
2076,B,,Rock'n'Roll-Small Formation,First round,4,180,2,-25,6,9,6.75,0,0,174,FM,1,1,1,0,0,0,0,0,0,-1,-1
2076,B,,Rock'n'Roll-Small Formation,First round,4,180,2,-25,6,9,6.75,0,0,174,CO,1.5,1.5,1.5,0,0,0,0,0,0,-1,-1
2076,B,,Rock'n'Roll-Small Formation,First round,4,180,2,-25,6,9,6.75,0,0,174,DF,1,2,1.5,0,0,0,0,0,0,-1,-1
2076,B,,Rock'n'Roll-Small Formation,First round,5,31,2,-15,11,12,8.25,0,0,174,FM,1.5,2,2,0,0,0,0,0,0,-1,-1
2076,B,,Rock'n'Roll-Small Formation,First round,5,31,2,-15,11,12,8.25,0,0,174,CO,1.5,2,2,0,0,0,0,0,0,-1,-1
2076,B,,Rock'n'Roll-Small Formation,First round,5,31,2,-15,11,12,8.25,0,0,174,DF,2,2,2,0,0,0,0,0,0,-1,-1
2076,B,,Rock'n'Roll-Small Formation,First round,6,104,2,-35,10,11,7.5,0,0,174,CO,1.5,1.5,2,0,0,0,0,0,0,-1,-1
2076,B,,Rock'n'Roll-Small Formation,First round,6,104,2,-35,10,11,7.5,0,0,174,DF,2,2,1.5,0,0,0,0,0,0,-1,-1
2076,B,,Rock'n'Roll-Small Formation,First round,6,104,2,-35,10,11,7.5,0,0,174,FM,1.5,1.5,2,0,0,0,0,0,0,-1,-1
2076,B,,Rock'n'Roll-Small Formation,First round,7,390,2,-75,5,5,4.5,0,0,174,FM,0.5,1,1,0,0,0,0,0,0,-1,-1
2076,B,,Rock'n'Roll-Small Formation,First round,7,390,2,-75,5,5,4.5,0,0,174,DF,1,0.5,1,0,0,0,0,0,0,-1,-1
2076,B,,Rock'n'Roll-Small Formation,First round,7,390,2,-75,5,5,4.5,0,0,174,CO,1,1,1,0,0,0,0,0,0,-1,-1
2076,B,,Rock'n'Roll-Small Formation,First round,8,35,2,-35,8,5,5.25,0,0,174,DF,0.5,1,1,0,0,0,0,0,0,-1,-1
2076,B,,Rock'n'Roll-Small Formation,First round,8,35,2,-35,8,5,5.25,0,0,174,FM,1.5,1,1.5,0,0,0,0,0,0,-1,-1
2076,B,,Rock'n'Roll-Small Formation,First round,8,35,2,-35,8,5,5.25,0,0,174,CO,1,1,1.5,0,0,0,0,0,0,-1,-1
2076,B,,Rock'n'Roll-Small Formation,First round,9,20,2,-35,5,8,4.5,0,0,174,CO,1,1,1,0,0,0,0,0,0,-1,-1
2076,B,,Rock'n'Roll-Small Formation,First round,9,20,2,-35,5,8,4.5,0,0,174,DF,1,1.5,1.5,0,0,0,0,0,0,-1,-1
2076,B,,Rock'n'Roll-Small Formation,First round,9,20,2,-35,5,8,4.5,0,0,174,FM,0.5,1,1,0,0,0,0,0,0,-1,-1
2076,B,,Rock'n'Roll-Small Formation,First round,10,321,2,-35,9,9,8.25,0,0,174,CO,1.5,2,2,0,0,0,0,0,0,-1,-1
2076,B,,Rock'n'Roll-Small Formation,First round,10,321,2,-35,9,9,8.25,0,0,174,DF,1,2,1.5,0,0,0,0,0,0,-1,-1
2076,B,,Rock'n'Roll-Small Formation,First round,10,321,2,-35,9,9,8.25,0,0,174,FM,1.5,1.5,1.5,0,0,0,0,0,0,-1,-1
2076,C,,Rock'n'Roll-Small Formation,First round,1,33,3,-35,8,8,6,0,0,174,CO,1,1.5,1.5,0,0,0,0,0,0,-1,-1
2076,C,,Rock'n'Roll-Small Formation,First round,1,33,3,-35,8,8,6,0,0,174,DF,1,1.5,1.5,0,0,0,0,0,0,-1,-1
2076,C,,Rock'n'Roll-Small Formation,First round,1,33,3,-35,8,8,6,0,0,174,FM,1.5,1,1.5,0,0,0,0,0,0,-1,-1
2076,C,,Rock'n'Roll-Small Formation,First round,2,259,3,-50,7,6,6,-2,0,174,FM,1.5,1,1,0,0,0,0,0,0,-1,-1
2076,C,,Rock'n'Roll-Small Formation,First round,2,259,3,-50,7,6,6,-2,0,174,CO,1,1.5,1.5,0,0,0,0,0,0,-1,-1
2076,C,,Rock'n'Roll-Small Formation,First round,2,259,3,-50,7,6,6,-2,0,174,DF,1,1,1,0,0,0,0,0,0,-1,-1
2076,C,,Rock'n'Roll-Small Formation,First round,3,335,3,-35,7,6,5.25,0,0,174,FM,1.5,1,1,0,0,0,0,0,0,-1,-1
2076,C,,Rock'n'Roll-Small Formation,First round,3,335,3,-35,7,6,5.25,0,0,174,CO,1,1.5,1,0,0,0,0,0,0,-1,-1
2076,C,,Rock'n'Roll-Small Formation,First round,3,335,3,-35,7,6,5.25,0,0,174,DF,1,1,1,0,0,0,0,0,0,-1,-1
2076,C,,Rock'n'Roll-Small Formation,First round,4,180,3,-35,7,7,6,0,0,174,CO,1.5,1.5,1,0,0,0,0,0,0,-1,-1
2076,C,,Rock'n'Roll-Small Formation,First round,4,180,3,-35,7,7,6,0,0,174,DF,1,1.5,1,0,0,0,0,0,0,-1,-1
2076,C,,Rock'n'Roll-Small Formation,First round,4,180,3,-35,7,7,6,0,0,174,FM,1,1,1.5,0,0,0,0,0,0,-1,-1
2076,C,,Rock'n'Roll-Small Formation,First round,5,31,3,-10,12,14,9,0,0,174,CO,2,2,2,0,0,0,0,0,0,-1,-1
2076,C,,Rock'n'Roll-Small Formation,First round,5,31,3,-10,12,14,9,0,0,174,DF,2.5,2,2.5,0,0,0,0,0,0,-1,-1
2076,C,,Rock'n'Roll-Small Formation,First round,5,31,3,-10,12,14,9,0,0,174,FM,2,2,2,0,0,0,0,0,0,-1,-1
2076,C,,Rock'n'Roll-Small Formation,First round,6,104,3,-25,11,10,9,0,0,174,CO,2,2,2,0,0,0,0,0,0,-1,-1
2076,C,,Rock'n'Roll-Small Formation,First round,6,104,3,-25,11,10,9,0,0,174,DF,1.5,1.5,2,0,0,0,0,0,0,-1,-1
2076,C,,Rock'n'Roll-Small Formation,First round,6,104,3,-25,11,10,9,0,0,174,FM,2,1.5,2,0,0,0,0,0,0,-1,-1
2076,C,,Rock'n'Roll-Small Formation,First round,7,390,3,-35,7,7,6,-4,0,174,CO,1.5,1,1.5,0,0,0,0,0,0,-1,-1
2076,C,,Rock'n'Roll-Small Formation,First round,7,390,3,-35,7,7,6,-4,0,174,DF,1.5,1,1,0,0,0,0,0,0,-1,-1
2076,C,,Rock'n'Roll-Small Formation,First round,7,390,3,-35,7,7,6,-4,0,174,FM,1,1,1.5,0,0,0,0,0,0,-1,-1
2076,C,,Rock'n'Roll-Small Formation,First round,8,35,3,-50,6,8,6,0,0,174,CO,1,1.5,1.5,0,0,0,0,0,0,-1,-1
2076,C,,Rock'n'Roll-Small Formation,First round,8,35,3,-50,6,8,6,0,0,174,FM,1,1,1,0,0,0,0,0,0,-1,-1
2076,C,,Rock'n'Roll-Small Formation,First round,8,35,3,-50,6,8,6,0,0,174,DF,1,1.5,1.5,0,0,0,0,0,0,-1,-1
2076,C,,Rock'n'Roll-Small Formation,First round,9,20,3,-35,8,8,6.75,0,0,174,CO,1,2,1.5,0,0,0,0,0,0,-1,-1
2076,C,,Rock'n'Roll-Small Formation,First round,9,20,3,-35,8,8,6.75,0,0,174,DF,1,1.5,1.5,0,0,0,0,0,0,-1,-1
2076,C,,Rock'n'Roll-Small Formation,First round,9,20,3,-35,8,8,6.75,0,0,174,FM,1,1.5,1.5,0,0,0,0,0,0,-1,-1
2076,C,,Rock'n'Roll-Small Formation,First round,10,321,3,-15,11,11,7.5,0,0,174,FM,2,1.5,2,0,0,0,0,0,0,-1,-1
2076,C,,Rock'n'Roll-Small Formation,First round,10,321,3,-15,11,11,7.5,0,0,174,CO,1.5,2,1.5,0,0,0,0,0,0,-1,-1
2076,C,,Rock'n'Roll-Small Formation,First round,10,321,3,-15,11,11,7.5,0,0,174,DF,2,1.5,2,0,0,0,0,0,0,-1,-1
2076,D,,Rock'n'Roll-Small Formation,First round,1,33,4,-10,10,12,9.75,0,0,174,FM,2,1.5,1.5,0,0,0,0,0,0,-1,-1
2076,D,,Rock'n'Roll-Small Formation,First round,1,33,4,-10,10,12,9.75,0,0,174,CO,2,2,2,0,0,0,0,0,0,-1,-1
2076,D,,Rock'n'Roll-Small Formation,First round,1,33,4,-10,10,12,9.75,0,0,174,DF,2,2,2,0,0,0,0,0,0,-1,-1
2076,D,,Rock'n'Roll-Small Formation,First round,2,259,4,-35,6,7,4.5,-2,0,174,CO,1,1,1,0,0,0,0,0,0,-1,-1
2076,D,,Rock'n'Roll-Small Formation,First round,2,259,4,-35,6,7,4.5,-2,0,174,DF,1,1,1.5,0,0,0,0,0,0,-1,-1
2076,D,,Rock'n'Roll-Small Formation,First round,2,259,4,-35,6,7,4.5,-2,0,174,FM,1,1,1,0,0,0,0,0,0,-1,-1
2076,D,,Rock'n'Roll-Small Formation,First round,3,335,4,-25,6,8,4.5,0,0,174,DF,1,1.5,1.5,0,0,0,0,0,0,-1,-1
2076,D,,Rock'n'Roll-Small Formation,First round,3,335,4,-25,6,8,4.5,0,0,174,FM,1,1,1,0,0,0,0,0,0,-1,-1
2076,D,,Rock'n'Roll-Small Formation,First round,3,335,4,-25,6,8,4.5,0,0,174,CO,1,1,1,0,0,0,0,0,0,-1,-1
2076,D,,Rock'n'Roll-Small Formation,First round,4,180,4,-25,8,10,7.5,0,0,174,CO,1.5,1.5,2,0,0,0,0,0,0,-1,-1
2076,D,,Rock'n'Roll-Small Formation,First round,4,180,4,-25,8,10,7.5,0,0,174,DF,1.5,2,1.5,0,0,0,0,0,0,-1,-1
2076,D,,Rock'n'Roll-Small Formation,First round,4,180,4,-25,8,10,7.5,0,0,174,FM,1.5,1.5,1,0,0,0,0,0,0,-1,-1
2076,D,,Rock'n'Roll-Small Formation,First round,5,31,4,-15,10,13,9,0,0,174,CO,2,2,2,0,0,0,0,0,0,-1,-1
2076,D,,Rock'n'Roll-Small Formation,First round,5,31,4,-15,10,13,9,0,0,174,DF,2,2.5,2,0,0,0,0,0,0,-1,-1
2076,D,,Rock'n'Roll-Small Formation,First round,5,31,4,-15,10,13,9,0,0,174,FM,1.5,2,1.5,0,0,0,0,0,0,-1,-1
2076,D,,Rock'n'Roll-Small Formation,First round,6,104,4,-25,8,10,6,-2,0,174,CO,1.5,1.5,1,0,0,0,0,0,0,-1,-1
2076,D,,Rock'n'Roll-Small Formation,First round,6,104,4,-25,8,10,6,-2,0,174,DF,1.5,1.5,2,0,0,0,0,0,0,-1,-1
2076,D,,Rock'n'Roll-Small Formation,First round,6,104,4,-25,8,10,6,-2,0,174,FM,1,1.5,1.5,0,0,0,0,0,0,-1,-1
2076,D,,Rock'n'Roll-Small Formation,First round,7,390,4,-35,7,6,3.75,0,0,174,CO,1,1,0.5,0,0,0,0,0,0,-1,-1
2076,D,,Rock'n'Roll-Small Formation,First round,7,390,4,-35,7,6,3.75,0,0,174,DF,1,0.5,1.5,0,0,0,0,0,0,-1,-1
2076,D,,Rock'n'Roll-Small Formation,First round,7,390,4,-35,7,6,3.75,0,0,174,FM,1,1,1.5,0,0,0,0,0,0,-1,-1
2076,D,,Rock'n'Roll-Small Formation,First round,8,35,4,-25,6,8,5.25,0,0,174,CO,1,1.5,1,0,0,0,0,0,0,-1,-1
2076,D,,Rock'n'Roll-Small Formation,First round,8,35,4,-25,6,8,5.25,0,0,174,DF,1.5,1.5,1,0,0,0,0,0,0,-1,-1
2076,D,,Rock'n'Roll-Small Formation,First round,8,35,4,-25,6,8,5.25,0,0,174,FM,1,1,1,0,0,0,0,0,0,-1,-1
2076,D,,Rock'n'Roll-Small Formation,First round,9,20,4,-15,7,9,6.75,0,0,174,CO,1,1.5,2,0,0,0,0,0,0,-1,-1
2076,D,,Rock'n'Roll-Small Formation,First round,9,20,4,-15,7,9,6.75,0,0,174,DF,1.5,1.5,1.5,0,0,0,0,0,0,-1,-1
2076,D,,Rock'n'Roll-Small Formation,First round,9,20,4,-15,7,9,6.75,0,0,174,FM,1,1.5,1,0,0,0,0,0,0,-1,-1
2076,D,,Rock'n'Roll-Small Formation,First round,10,321,4,-15,9,10,7.5,0,0,174,CO,1.5,1.5,2,0,0,0,0,0,0,-1,-1
2076,D,,Rock'n'Roll-Small Formation,First round,10,321,4,-15,9,10,7.5,0,0,174,DF,1.5,1.5,2,0,0,0,0,0,0,-1,-1
2076,D,,Rock'n'Roll-Small Formation,First round,10,321,4,-15,9,10,7.5,0,0,174,FM,1.5,1.5,1.5,0,0,0,0,0,0,-1,-1
2076,E,,Rock'n'Roll-Small Formation,First round,1,33,5,-25,12,10,9.75,0,0,174,FM,2,2,2,0,0,0,0,0,0,-1,-1
2076,E,,Rock'n'Roll-Small Formation,First round,1,33,5,-25,12,10,9.75,0,0,174,CO,2,2,2,0,0,0,0,0,0,-1,-1
2076,E,,Rock'n'Roll-Small Formation,First round,1,33,5,-25,12,10,9.75,0,0,174,DF,1,2,2,0,0,0,0,0,0,-1,-1
2076,E,,Rock'n'Roll-Small Formation,First round,2,259,5,-75,5,6,3.75,-2,0,174,FM,0.5,1,1,0,0,0,0,0,0,-1,-1
2076,E,,Rock'n'Roll-Small Formation,First round,2,259,5,-75,5,6,3.75,-2,0,174,CO,1,1,0.5,0,0,0,0,0,0,-1,-1
2076,E,,Rock'n'Roll-Small Formation,First round,2,259,5,-75,5,6,3.75,-2,0,174,DF,0.5,1,1.5,0,0,0,0,0,0,-1,-1
2076,E,,Rock'n'Roll-Small Formation,First round,3,335,5,-50,7,7,6.75,-2,0,174,CO,1,2,1.5,0,0,0,0,0,0,-1,-1
2076,E,,Rock'n'Roll-Small Formation,First round,3,335,5,-50,7,7,6.75,-2,0,174,DF,0.5,2,1,0,0,0,0,0,0,-1,-1
2076,E,,Rock'n'Roll-Small Formation,First round,3,335,5,-50,7,7,6.75,-2,0,174,FM,1,1,1.5,0,0,0,0,0,0,-1,-1
2076,E,,Rock'n'Roll-Small Formation,First round,4,180,5,-35,6,7,4.5,0,0,174,FM,1,1,1,0,0,0,0,0,0,-1,-1
2076,E,,Rock'n'Roll-Small Formation,First round,4,180,5,-35,6,7,4.5,0,0,174,DF,1,1,1.5,0,0,0,0,0,0,-1,-1
2076,E,,Rock'n'Roll-Small Formation,First round,4,180,5,-35,6,7,4.5,0,0,174,CO,0.5,1,1.5,0,0,0,0,0,0,-1,-1
2076,E,,Rock'n'Roll-Small Formation,First round,5,31,5,-15,12,13,10.5,0,0,174,DF,2.5,2,2,0,0,0,0,0,0,-1,-1
2076,E,,Rock'n'Roll-Small Formation,First round,5,31,5,-15,12,13,10.5,0,0,174,FM,2,2,2,0,0,0,0,0,0,-1,-1
2076,E,,Rock'n'Roll-Small Formation,First round,5,31,5,-15,12,13,10.5,0,0,174,CO,2.5,2,2,0,0,0,0,0,0,-1,-1
2076,E,,Rock'n'Roll-Small Formation,First round,6,104,5,-35,7,9,5.25,-2,0,174,CO,1,1.5,1,0,0,0,0,0,0,-1,-1
2076,E,,Rock'n'Roll-Small Formation,First round,6,104,5,-35,7,9,5.25,-2,0,174,DF,1.5,1.5,1.5,0,0,0,0,0,0,-1,-1
2076,E,,Rock'n'Roll-Small Formation,First round,6,104,5,-35,7,9,5.25,-2,0,174,FM,1,1,1.5,0,0,0,0,0,0,-1,-1
2076,E,,Rock'n'Roll-Small Formation,First round,7,390,5,-50,10,9,8.25,-2,0,174,CO,1.5,2,2,0,0,0,0,0,0,-1,-1
2076,E,,Rock'n'Roll-Small Formation,First round,7,390,5,-50,10,9,8.25,-2,0,174,DF,1.5,1.5,1.5,0,0,0,0,0,0,-1,-1
2076,E,,Rock'n'Roll-Small Formation,First round,7,390,5,-50,10,9,8.25,-2,0,174,FM,1,2,1.5,0,0,0,0,0,0,-1,-1
2076,E,,Rock'n'Roll-Small Formation,First round,8,35,5,-35,8,7,8.25,0,0,174,CO,1,2,2,0,0,0,0,0,0,-1,-1
2076,E,,Rock'n'Roll-Small Formation,First round,8,35,5,-35,8,7,8.25,0,0,174,DF,1,1.5,1,0,0,0,0,0,0,-1,-1
2076,E,,Rock'n'Roll-Small Formation,First round,8,35,5,-35,8,7,8.25,0,0,174,FM,1,1.5,1.5,0,0,0,0,0,0,-1,-1
2076,E,,Rock'n'Roll-Small Formation,First round,9,20,5,-35,5,10,7.5,0,0,174,FM,0.5,1.5,0.5,0,0,0,0,0,0,-1,-1
2076,E,,Rock'n'Roll-Small Formation,First round,9,20,5,-35,5,10,7.5,0,0,174,CO,1.5,1.5,2,0,0,0,0,0,0,-1,-1
2076,E,,Rock'n'Roll-Small Formation,First round,9,20,5,-35,5,10,7.5,0,0,174,DF,1.5,1.5,2,0,0,0,0,0,0,-1,-1
2076,E,,Rock'n'Roll-Small Formation,First round,10,321,5,-25,8,13,9,-2,0,174,FM,1,2,1,0,0,0,0,0,0,-1,-1
2076,E,,Rock'n'Roll-Small Formation,First round,10,321,5,-25,8,13,9,-2,0,174,CO,2,2,2,0,0,0,0,0,0,-1,-1
2076,E,,Rock'n'Roll-Small Formation,First round,10,321,5,-25,8,13,9,-2,0,174,DF,2,2,2,0,0,0,0,0,0,-1,-1
2076,F,,Rock'n'Roll-Small Formation,First round,1,33,6,-15,13,12,8.25,0,0,174,CO,2,2,1.5,0,0,0,0,0,0,-1,-1
2076,F,,Rock'n'Roll-Small Formation,First round,1,33,6,-15,13,12,8.25,0,0,174,DF,2,2,2,0,0,0,0,0,0,-1,-1
2076,F,,Rock'n'Roll-Small Formation,First round,1,33,6,-15,13,12,8.25,0,0,174,FM,2,2.5,2,0,0,0,0,0,0,-1,-1
2076,F,,Rock'n'Roll-Small Formation,First round,2,259,6,-25,7,6,6,-2,0,174,CO,1.5,1.5,1,0,0,0,0,0,0,-1,-1
2076,F,,Rock'n'Roll-Small Formation,First round,2,259,6,-25,7,6,6,-2,0,174,DF,1,1,1,0,0,0,0,0,0,-1,-1
2076,F,,Rock'n'Roll-Small Formation,First round,2,259,6,-25,7,6,6,-2,0,174,FM,1.5,1,1,0,0,0,0,0,0,-1,-1
2076,F,,Rock'n'Roll-Small Formation,First round,3,335,6,-25,4,6,4.5,0,0,174,CO,1,1,1,0,0,0,0,0,0,-1,-1
2076,F,,Rock'n'Roll-Small Formation,First round,3,335,6,-25,4,6,4.5,0,0,174,DF,1,1,1,0,0,0,0,0,0,-1,-1
2076,F,,Rock'n'Roll-Small Formation,First round,3,335,6,-25,4,6,4.5,0,0,174,FM,1,0.5,0.5,0,0,0,0,0,0,-1,-1
2076,F,,Rock'n'Roll-Small Formation,First round,4,180,6,-35,4,5,4.5,0,0,174,CO,1,1,1,0,0,0,0,0,0,-1,-1
2076,F,,Rock'n'Roll-Small Formation,First round,4,180,6,-35,4,5,4.5,0,0,174,DF,1,0.5,1,0,0,0,0,0,0,-1,-1
2076,F,,Rock'n'Roll-Small Formation,First round,4,180,6,-35,4,5,4.5,0,0,174,FM,1,0.5,0.5,0,0,0,0,0,0,-1,-1
2076,F,,Rock'n'Roll-Small Formation,First round,5,31,6,-10,12,13,8.25,0,0,174,CO,2,2,1.5,0,0,0,0,0,0,-1,-1
2076,F,,Rock'n'Roll-Small Formation,First round,5,31,6,-10,12,13,8.25,0,0,174,DF,2.5,2,2,0,0,0,0,0,0,-1,-1
2076,F,,Rock'n'Roll-Small Formation,First round,5,31,6,-10,12,13,8.25,0,0,174,FM,2,2.5,1.5,0,0,0,0,0,0,-1,-1
2076,F,,Rock'n'Roll-Small Formation,First round,6,104,6,-15,10,10,6.75,0,0,174,CO,2,1.5,1,0,0,0,0,0,0,-1,-1
2076,F,,Rock'n'Roll-Small Formation,First round,6,104,6,-15,10,10,6.75,0,0,174,DF,2,1.5,1.5,0,0,0,0,0,0,-1,-1
2076,F,,Rock'n'Roll-Small Formation,First round,6,104,6,-15,10,10,6.75,0,0,174,FM,2,1.5,1.5,0,0,0,0,0,0,-1,-1
2076,F,,Rock'n'Roll-Small Formation,First round,7,390,6,-25,8,7,5.25,-2,0,174,FM,1.5,1.5,1,0,0,0,0,0,0,-1,-1
2076,F,,Rock'n'Roll-Small Formation,First round,7,390,6,-25,8,7,5.25,-2,0,174,CO,1.5,1,1,0,0,0,0,0,0,-1,-1
2076,F,,Rock'n'Roll-Small Formation,First round,7,390,6,-25,8,7,5.25,-2,0,174,DF,1.5,1,1,0,0,0,0,0,0,-1,-1
2076,F,,Rock'n'Roll-Small Formation,First round,8,35,6,-10,11,11,6.75,0,0,174,FM,2,2,1.5,0,0,0,0,0,0,-1,-1
2076,F,,Rock'n'Roll-Small Formation,First round,8,35,6,-10,11,11,6.75,0,0,174,CO,2,1.5,1,0,0,0,0,0,0,-1,-1
2076,F,,Rock'n'Roll-Small Formation,First round,8,35,6,-10,11,11,6.75,0,0,174,DF,2,2,1.5,0,0,0,0,0,0,-1,-1
2076,F,,Rock'n'Roll-Small Formation,First round,9,20,6,-15,8,8,6,0,0,174,CO,1.5,1.5,1,0,0,0,0,0,0,-1,-1
2076,F,,Rock'n'Roll-Small Formation,First round,9,20,6,-15,8,8,6,0,0,174,DF,1.5,1.5,1,0,0,0,0,0,0,-1,-1
2076,F,,Rock'n'Roll-Small Formation,First round,9,20,6,-15,8,8,6,0,0,174,FM,1.5,1.5,1,0,0,0,0,0,0,-1,-1
2076,F,,Rock'n'Roll-Small Formation,First round,10,321,6,-10,11,11,7.5,0,0,174,FM,2,2,1.5,0,0,0,0,0,0,-1,-1
2076,F,,Rock'n'Roll-Small Formation,First round,10,321,6,-10,11,11,7.5,0,0,174,DF,2,2,1.5,0,0,0,0,0,0,-1,-1
2076,F,,Rock'n'Roll-Small Formation,First round,10,321,6,-10,11,11,7.5,0,0,174,CO,1.5,2,1.5,0,0,0,0,0,0,-1,-1
2076,G,,Rock'n'Roll-Small Formation,First round,1,33,7,-35,10,9,7.5,0,0,174,DF,1.5,1.5,1.5,0,0,0,0,0,0,-1,-1
2076,G,,Rock'n'Roll-Small Formation,First round,1,33,7,-35,10,9,7.5,0,0,174,FM,2,1.5,1.5,0,0,0,0,0,0,-1,-1
2076,G,,Rock'n'Roll-Small Formation,First round,1,33,7,-35,10,9,7.5,0,0,174,CO,2,1.5,1.5,0,0,0,0,0,0,-1,-1
2076,G,,Rock'n'Roll-Small Formation,First round,2,259,7,-50,7,7,5.25,-6,0,174,CO,1.5,1,1,0,0,0,0,0,0,-1,-1
2076,G,,Rock'n'Roll-Small Formation,First round,2,259,7,-50,7,7,5.25,-6,0,174,DF,1,1,1.5,0,0,0,0,0,0,-1,-1
2076,G,,Rock'n'Roll-Small Formation,First round,2,259,7,-50,7,7,5.25,-6,0,174,FM,1.5,1,1,0,0,0,0,0,0,-1,-1
2076,G,,Rock'n'Roll-Small Formation,First round,3,335,7,-35,9,8,6,-2,0,174,CO,1.5,1.5,1,0,0,0,0,0,0,-1,-1
2076,G,,Rock'n'Roll-Small Formation,First round,3,335,7,-35,9,8,6,-2,0,174,DF,1.5,1,1.5,0,0,0,0,0,0,-1,-1
2076,G,,Rock'n'Roll-Small Formation,First round,3,335,7,-35,9,8,6,-2,0,174,FM,1.5,1.5,1.5,0,0,0,0,0,0,-1,-1
2076,G,,Rock'n'Roll-Small Formation,First round,4,180,7,-35,7,8,6,-2,0,174,CO,1.5,1,1.5,0,0,0,0,0,0,-1,-1
2076,G,,Rock'n'Roll-Small Formation,First round,4,180,7,-35,7,8,6,-2,0,174,DF,1.5,1,1.5,0,0,0,0,0,0,-1,-1
2076,G,,Rock'n'Roll-Small Formation,First round,4,180,7,-35,7,8,6,-2,0,174,FM,1,1,1.5,0,0,0,0,0,0,-1,-1
2076,G,,Rock'n'Roll-Small Formation,First round,5,31,7,-15,12,12,9.75,0,0,174,FM,2,2,2,0,0,0,0,0,0,-1,-1
2076,G,,Rock'n'Roll-Small Formation,First round,5,31,7,-15,12,12,9.75,0,0,174,CO,2,2,2,0,0,0,0,0,0,-1,-1
2076,G,,Rock'n'Roll-Small Formation,First round,5,31,7,-15,12,12,9.75,0,0,174,DF,2,2,2,0,0,0,0,0,0,-1,-1
2076,G,,Rock'n'Roll-Small Formation,First round,6,104,7,-35,10,9,7.5,0,0,174,FM,2,1.5,1.5,0,0,0,0,0,0,-1,-1
2076,G,,Rock'n'Roll-Small Formation,First round,6,104,7,-35,10,9,7.5,0,0,174,CO,2,1.5,1.5,0,0,0,0,0,0,-1,-1
2076,G,,Rock'n'Roll-Small Formation,First round,6,104,7,-35,10,9,7.5,0,0,174,DF,1.5,1.5,1.5,0,0,0,0,0,0,-1,-1
2076,G,,Rock'n'Roll-Small Formation,First round,7,390,7,-35,6,8,4.5,-2,0,174,CO,1,1,1,0,0,0,0,0,0,-1,-1
2076,G,,Rock'n'Roll-Small Formation,First round,7,390,7,-35,6,8,4.5,-2,0,174,DF,1,1.5,1.5,0,0,0,0,0,0,-1,-1
2076,G,,Rock'n'Roll-Small Formation,First round,7,390,7,-35,6,8,4.5,-2,0,174,FM,1,1,1,0,0,0,0,0,0,-1,-1
2076,G,,Rock'n'Roll-Small Formation,First round,8,35,7,-25,9,10,6.75,0,0,174,CO,1.5,1.5,1.5,0,0,0,0,0,0,-1,-1
2076,G,,Rock'n'Roll-Small Formation,First round,8,35,7,-25,9,10,6.75,0,0,174,DF,1.5,2,1.5,0,0,0,0,0,0,-1,-1
2076,G,,Rock'n'Roll-Small Formation,First round,8,35,7,-25,9,10,6.75,0,0,174,FM,1.5,1.5,1.5,0,0,0,0,0,0,-1,-1
2076,G,,Rock'n'Roll-Small Formation,First round,9,20,7,-25,7,9,8.25,0,0,174,CO,1.5,2,1.5,0,0,0,0,0,0,-1,-1
2076,G,,Rock'n'Roll-Small Formation,First round,9,20,7,-25,7,9,8.25,0,0,174,DF,1.5,1.5,1.5,0,0,0,0,0,0,-1,-1
2076,G,,Rock'n'Roll-Small Formation,First round,9,20,7,-25,7,9,8.25,0,0,174,FM,1.5,1,1,0,0,0,0,0,0,-1,-1
2076,G,,Rock'n'Roll-Small Formation,First round,10,321,7,-35,11,11,6.75,0,0,174,CO,1.5,1.5,1.5,0,0,0,0,0,0,-1,-1
2076,G,,Rock'n'Roll-Small Formation,First round,10,321,7,-35,11,11,6.75,0,0,174,DF,2,2,1.5,0,0,0,0,0,0,-1,-1
2076,G,,Rock'n'Roll-Small Formation,First round,10,321,7,-35,11,11,6.75,0,0,174,FM,1.5,2,2,0,0,0,0,0,0,-1,-1
2077,A,,Rock'n'Roll-Small Formation Juniors,First round,1,281,1,-35,10,10,8.25,0,0,174,CO,2,1.5,2,0,0,0,0,0,0,-1,-1
2077,A,,Rock'n'Roll-Small Formation Juniors,First round,1,281,1,-35,10,10,8.25,0,0,174,FM,1.5,1.5,2,0,0,0,0,0,0,-1,-1
2077,A,,Rock'n'Roll-Small Formation Juniors,First round,1,281,1,-35,10,10,8.25,0,0,174,DF,2,1.5,1.5,0,0,0,0,0,0,-1,-1
2077,A,,Rock'n'Roll-Small Formation Juniors,First round,2,295,1,-35,7,7,6,0,0,174,CO,1.5,1,1.5,0,0,0,0,0,0,-1,-1
2077,A,,Rock'n'Roll-Small Formation Juniors,First round,2,295,1,-35,7,7,6,0,0,174,DF,1,1,1.5,0,0,0,0,0,0,-1,-1
2077,A,,Rock'n'Roll-Small Formation Juniors,First round,2,295,1,-35,7,7,6,0,0,174,FM,1,1.5,1,0,0,0,0,0,0,-1,-1
2077,A,,Rock'n'Roll-Small Formation Juniors,First round,3,174,1,-25,10,10,8.25,0,0,174,FM,1.5,2,1.5,0,0,0,0,0,0,-1,-1
2077,A,,Rock'n'Roll-Small Formation Juniors,First round,3,174,1,-25,10,10,8.25,0,0,174,CO,2,1.5,2,0,0,0,0,0,0,-1,-1
2077,A,,Rock'n'Roll-Small Formation Juniors,First round,3,174,1,-25,10,10,8.25,0,0,174,DF,1.5,2,1.5,0,0,0,0,0,0,-1,-1
2077,A,,Rock'n'Roll-Small Formation Juniors,First round,4,151,1,-50,7,7,6.75,-6,0,174,FM,1,1,1.5,0,0,0,0,0,0,-1,-1
2077,A,,Rock'n'Roll-Small Formation Juniors,First round,4,151,1,-50,7,7,6.75,-6,0,174,CO,1.5,1.5,1.5,0,0,0,0,0,0,-1,-1
2077,A,,Rock'n'Roll-Small Formation Juniors,First round,4,151,1,-50,7,7,6.75,-6,0,174,DF,1,1,1.5,0,0,0,0,0,0,-1,-1
2077,A,,Rock'n'Roll-Small Formation Juniors,First round,5,105,1,-50,8,7,6,-6,0,174,CO,1.5,1,1.5,0,0,0,0,0,0,-1,-1
2077,A,,Rock'n'Roll-Small Formation Juniors,First round,5,105,1,-50,8,7,6,-6,0,174,DF,1,1,1.5,0,0,0,0,0,0,-1,-1
2077,A,,Rock'n'Roll-Small Formation Juniors,First round,5,105,1,-50,8,7,6,-6,0,174,FM,1,1.5,1.5,0,0,0,0,0,0,-1,-1
2077,A,,Rock'n'Roll-Small Formation Juniors,First round,6,115,1,-35,9,10,8.25,0,0,174,DF,2,1.5,1.5,0,0,0,0,0,0,-1,-1
2077,A,,Rock'n'Roll-Small Formation Juniors,First round,6,115,1,-35,9,10,8.25,0,0,174,FM,1.5,1.5,1.5,0,0,0,0,0,0,-1,-1
2077,A,,Rock'n'Roll-Small Formation Juniors,First round,6,115,1,-35,9,10,8.25,0,0,174,CO,2,1.5,2,0,0,0,0,0,0,-1,-1
2077,A,,Rock'n'Roll-Small Formation Juniors,First round,7,294,1,-50,8,7,6,-12,0,174,CO,1.5,1,1.5,0,0,0,0,0,0,-1,-1
2077,A,,Rock'n'Roll-Small Formation Juniors,First round,7,294,1,-50,8,7,6,-12,0,174,DF,1,1,1.5,0,0,0,0,0,0,-1,-1
2077,A,,Rock'n'Roll-Small Formation Juniors,First round,7,294,1,-50,8,7,6,-12,0,174,FM,1,1.5,1.5,0,0,0,0,0,0,-1,-1
2077,B,,Rock'n'Roll-Small Formation Juniors,First round,1,281,2,-50,10,9,7.5,0,0,174,CO,1.5,2,1.5,0,0,0,0,0,0,-1,-1
2077,B,,Rock'n'Roll-Small Formation Juniors,First round,1,281,2,-50,10,9,7.5,0,0,174,DF,1.5,1.5,1.5,0,0,0,0,0,0,-1,-1
2077,B,,Rock'n'Roll-Small Formation Juniors,First round,1,281,2,-50,10,9,7.5,0,0,174,FM,1.5,1.5,2,0,0,0,0,0,0,-1,-1
2077,B,,Rock'n'Roll-Small Formation Juniors,First round,2,295,2,-75,5,4,5.25,0,0,174,CO,1,1,1.5,0,0,0,0,0,0,-1,-1
2077,B,,Rock'n'Roll-Small Formation Juniors,First round,2,295,2,-75,5,4,5.25,0,0,174,DF,0.5,1,0.5,0,0,0,0,0,0,-1,-1
2077,B,,Rock'n'Roll-Small Formation Juniors,First round,2,295,2,-75,5,4,5.25,0,0,174,FM,0.5,1,1,0,0,0,0,0,0,-1,-1
2077,B,,Rock'n'Roll-Small Formation Juniors,First round,3,174,2,-35,7,9,7.5,0,0,174,CO,1.5,1.5,2,0,0,0,0,0,0,-1,-1
2077,B,,Rock'n'Roll-Small Formation Juniors,First round,3,174,2,-35,7,9,7.5,0,0,174,DF,1.5,1.5,1.5,0,0,0,0,0,0,-1,-1
2077,B,,Rock'n'Roll-Small Formation Juniors,First round,3,174,2,-35,7,9,7.5,0,0,174,FM,1,1,1.5,0,0,0,0,0,0,-1,-1
2077,B,,Rock'n'Roll-Small Formation Juniors,First round,4,151,2,-75,7,7,5.25,-2,0,174,FM,1,1,1.5,0,0,0,0,0,0,-1,-1
2077,B,,Rock'n'Roll-Small Formation Juniors,First round,4,151,2,-75,7,7,5.25,-2,0,174,CO,1,1,1.5,0,0,0,0,0,0,-1,-1
2077,B,,Rock'n'Roll-Small Formation Juniors,First round,4,151,2,-75,7,7,5.25,-2,0,174,DF,1,1,1.5,0,0,0,0,0,0,-1,-1
2077,B,,Rock'n'Roll-Small Formation Juniors,First round,5,105,2,-75,6,5,4.5,-4,0,174,FM,1,1,1,0,0,0,0,0,0,-1,-1
2077,B,,Rock'n'Roll-Small Formation Juniors,First round,5,105,2,-75,6,5,4.5,-4,0,174,DF,0.5,1,1,0,0,0,0,0,0,-1,-1
2077,B,,Rock'n'Roll-Small Formation Juniors,First round,5,105,2,-75,6,5,4.5,-4,0,174,CO,1,0.5,1.5,0,0,0,0,0,0,-1,-1
2077,B,,Rock'n'Roll-Small Formation Juniors,First round,6,115,2,-35,6,8,7.5,0,0,174,CO,1.5,1.5,2,0,0,0,0,0,0,-1,-1
2077,B,,Rock'n'Roll-Small Formation Juniors,First round,6,115,2,-35,6,8,7.5,0,0,174,DF,1,1.5,1.5,0,0,0,0,0,0,-1,-1
2077,B,,Rock'n'Roll-Small Formation Juniors,First round,6,115,2,-35,6,8,7.5,0,0,174,FM,1,1,1,0,0,0,0,0,0,-1,-1
2077,B,,Rock'n'Roll-Small Formation Juniors,First round,7,294,2,-75,4,4,2.25,-10,-10,174,CO,0.5,0.5,0.5,0,0,0,0,0,0,-1,-1
2077,B,,Rock'n'Roll-Small Formation Juniors,First round,7,294,2,-75,4,4,2.25,-10,-10,174,DF,0.5,0.5,1,0,0,0,0,0,0,-1,-1
2077,B,,Rock'n'Roll-Small Formation Juniors,First round,7,294,2,-75,4,4,2.25,-10,-10,174,FM,0.5,0.5,1,0,0,0,0,0,0,-1,-1
2077,C,,Rock'n'Roll-Small Formation Juniors,First round,1,281,3,-35,9,9,6.75,0,0,174,CO,1.5,1.5,1.5,0,0,0,0,0,0,-1,-1
2077,C,,Rock'n'Roll-Small Formation Juniors,First round,1,281,3,-35,9,9,6.75,0,0,174,DF,1.5,1.5,1.5,0,0,0,0,0,0,-1,-1
2077,C,,Rock'n'Roll-Small Formation Juniors,First round,1,281,3,-35,9,9,6.75,0,0,174,FM,1.5,1.5,1.5,0,0,0,0,0,0,-1,-1
2077,C,,Rock'n'Roll-Small Formation Juniors,First round,2,295,3,-50,6,4,3.75,0,0,174,CO,0.5,1,1,0,0,0,0,0,0,-1,-1
2077,C,,Rock'n'Roll-Small Formation Juniors,First round,2,295,3,-50,6,4,3.75,0,0,174,DF,0.5,0.5,1,0,0,0,0,0,0,-1,-1
2077,C,,Rock'n'Roll-Small Formation Juniors,First round,2,295,3,-50,6,4,3.75,0,0,174,FM,1,0.5,1.5,0,0,0,0,0,0,-1,-1
2077,C,,Rock'n'Roll-Small Formation Juniors,First round,3,174,3,-25,10,11,9,0,0,174,CO,2,2,2,0,0,0,0,0,0,-1,-1
2077,C,,Rock'n'Roll-Small Formation Juniors,First round,3,174,3,-25,10,11,9,0,0,174,DF,2.5,1.5,1.5,0,0,0,0,0,0,-1,-1
2077,C,,Rock'n'Roll-Small Formation Juniors,First round,3,174,3,-25,10,11,9,0,0,174,FM,2,1.5,1.5,0,0,0,0,0,0,-1,-1
2077,C,,Rock'n'Roll-Small Formation Juniors,First round,4,151,3,-50,8,8,6.75,-4,0,174,CO,1.5,1.5,1.5,0,0,0,0,0,0,-1,-1
2077,C,,Rock'n'Roll-Small Formation Juniors,First round,4,151,3,-50,8,8,6.75,-4,0,174,DF,1.5,1,1.5,0,0,0,0,0,0,-1,-1
2077,C,,Rock'n'Roll-Small Formation Juniors,First round,4,151,3,-50,8,8,6.75,-4,0,174,FM,1.5,1,1.5,0,0,0,0,0,0,-1,-1
2077,C,,Rock'n'Roll-Small Formation Juniors,First round,5,105,3,-75,6,5,5.25,-4,0,174,FM,1,0.5,1.5,0,0,0,0,0,0,-1,-1
2077,C,,Rock'n'Roll-Small Formation Juniors,First round,5,105,3,-75,6,5,5.25,-4,0,174,CO,1,1,1.5,0,0,0,0,0,0,-1,-1
2077,C,,Rock'n'Roll-Small Formation Juniors,First round,5,105,3,-75,6,5,5.25,-4,0,174,DF,1,0.5,1,0,0,0,0,0,0,-1,-1
2077,C,,Rock'n'Roll-Small Formation Juniors,First round,6,115,3,-35,8,8,6.75,0,0,174,FM,1.5,1,1.5,0,0,0,0,0,0,-1,-1
2077,C,,Rock'n'Roll-Small Formation Juniors,First round,6,115,3,-35,8,8,6.75,0,0,174,CO,1.5,1.5,1.5,0,0,0,0,0,0,-1,-1
2077,C,,Rock'n'Roll-Small Formation Juniors,First round,6,115,3,-35,8,8,6.75,0,0,174,DF,1,1.5,1.5,0,0,0,0,0,0,-1,-1
2077,C,,Rock'n'Roll-Small Formation Juniors,First round,7,294,3,-75,5,6,2.25,-2,-10,174,CO,0.5,0.5,0.5,0,0,0,0,0,0,-1,-1
2077,C,,Rock'n'Roll-Small Formation Juniors,First round,7,294,3,-75,5,6,2.25,-2,-10,174,DF,1,1,1,0,0,0,0,0,0,-1,-1
2077,C,,Rock'n'Roll-Small Formation Juniors,First round,7,294,3,-75,5,6,2.25,-2,-10,174,FM,1,1,0.5,0,0,0,0,0,0,-1,-1
2077,D,,Rock'n'Roll-Small Formation Juniors,First round,1,281,4,-35,8,8,7.5,0,0,174,FM,1,1.5,1.5,0,0,0,0,0,0,-1,-1
2077,D,,Rock'n'Roll-Small Formation Juniors,First round,1,281,4,-35,8,8,7.5,0,0,174,DF,1,1.5,1.5,0,0,0,0,0,0,-1,-1
2077,D,,Rock'n'Roll-Small Formation Juniors,First round,1,281,4,-35,8,8,7.5,0,0,174,CO,1.5,1.5,2,0,0,0,0,0,0,-1,-1
2077,D,,Rock'n'Roll-Small Formation Juniors,First round,2,295,4,-75,4,4,4.5,0,0,174,DF,0.5,0.5,1,0,0,0,0,0,0,-1,-1
2077,D,,Rock'n'Roll-Small Formation Juniors,First round,2,295,4,-75,4,4,4.5,0,0,174,FM,0.5,0.5,1,0,0,0,0,0,0,-1,-1
2077,D,,Rock'n'Roll-Small Formation Juniors,First round,2,295,4,-75,4,4,4.5,0,0,174,CO,1,1,1,0,0,0,0,0,0,-1,-1
2077,D,,Rock'n'Roll-Small Formation Juniors,First round,3,174,4,-25,8,9,6.75,0,0,174,CO,1.5,1.5,1.5,0,0,0,0,0,0,-1,-1
2077,D,,Rock'n'Roll-Small Formation Juniors,First round,3,174,4,-25,8,9,6.75,0,0,174,DF,1.5,1.5,1.5,0,0,0,0,0,0,-1,-1
2077,D,,Rock'n'Roll-Small Formation Juniors,First round,3,174,4,-25,8,9,6.75,0,0,174,FM,1,1.5,1.5,0,0,0,0,0,0,-1,-1
2077,D,,Rock'n'Roll-Small Formation Juniors,First round,4,151,4,-35,5,6,5.25,-4,0,174,CO,1,1,1.5,0,0,0,0,0,0,-1,-1
2077,D,,Rock'n'Roll-Small Formation Juniors,First round,4,151,4,-35,5,6,5.25,-4,0,174,DF,1,1,1,0,0,0,0,0,0,-1,-1
2077,D,,Rock'n'Roll-Small Formation Juniors,First round,4,151,4,-35,5,6,5.25,-4,0,174,FM,0.5,1,1,0,0,0,0,0,0,-1,-1
2077,D,,Rock'n'Roll-Small Formation Juniors,First round,5,105,4,-50,4,4,3.75,-4,0,174,CO,1,1,0.5,0,0,0,0,0,0,-1,-1
2077,D,,Rock'n'Roll-Small Formation Juniors,First round,5,105,4,-50,4,4,3.75,-4,0,174,DF,0.5,0.5,1,0,0,0,0,0,0,-1,-1
2077,D,,Rock'n'Roll-Small Formation Juniors,First round,5,105,4,-50,4,4,3.75,-4,0,174,FM,0.5,0.5,1,0,0,0,0,0,0,-1,-1
2077,D,,Rock'n'Roll-Small Formation Juniors,First round,6,115,4,-25,8,8,5.25,-2,0,174,FM,1.5,1.5,1,0,0,0,0,0,0,-1,-1
2077,D,,Rock'n'Roll-Small Formation Juniors,First round,6,115,4,-25,8,8,5.25,-2,0,174,CO,1.5,1,1,0,0,0,0,0,0,-1,-1
2077,D,,Rock'n'Roll-Small Formation Juniors,First round,6,115,4,-25,8,8,5.25,-2,0,174,DF,1.5,1.5,1,0,0,0,0,0,0,-1,-1
2077,D,,Rock'n'Roll-Small Formation Juniors,First round,7,294,4,-75,3,4,3.75,-8,0,174,FM,0.5,0.5,0.5,0,0,0,0,0,0,-1,-1
2077,D,,Rock'n'Roll-Small Formation Juniors,First round,7,294,4,-75,3,4,3.75,-8,0,174,CO,1,0.5,1,0,0,0,0,0,0,-1,-1
2077,D,,Rock'n'Roll-Small Formation Juniors,First round,7,294,4,-75,3,4,3.75,-8,0,174,DF,0.5,1,0.5,0,0,0,0,0,0,-1,-1
2077,E,,Rock'n'Roll-Small Formation Juniors,First round,1,281,5,-35,10,10,9,-2,0,174,CO,1.5,2,2,0,0,0,0,0,0,-1,-1
2077,E,,Rock'n'Roll-Small Formation Juniors,First round,1,281,5,-35,10,10,9,-2,0,174,DF,1.5,1.5,2,0,0,0,0,0,0,-1,-1
2077,E,,Rock'n'Roll-Small Formation Juniors,First round,1,281,5,-35,10,10,9,-2,0,174,FM,1,2,2,0,0,0,0,0,0,-1,-1
2077,E,,Rock'n'Roll-Small Formation Juniors,First round,2,295,5,-50,5,5,5.25,-2,0,174,CO,0.5,1.5,1.5,0,0,0,0,0,0,-1,-1
2077,E,,Rock'n'Roll-Small Formation Juniors,First round,2,295,5,-50,5,5,5.25,-2,0,174,DF,1,0.5,1,0,0,0,0,0,0,-1,-1
2077,E,,Rock'n'Roll-Small Formation Juniors,First round,2,295,5,-50,5,5,5.25,-2,0,174,FM,0.5,1,1,0,0,0,0,0,0,-1,-1
2077,E,,Rock'n'Roll-Small Formation Juniors,First round,3,174,5,-35,10,9,8.25,0,0,174,CO,1,2,2,0,0,0,0,0,0,-1,-1
2077,E,,Rock'n'Roll-Small Formation Juniors,First round,3,174,5,-35,10,9,8.25,0,0,174,DF,1.5,1.5,1.5,0,0,0,0,0,0,-1,-1
2077,E,,Rock'n'Roll-Small Formation Juniors,First round,3,174,5,-35,10,9,8.25,0,0,174,FM,1.5,2,1.5,0,0,0,0,0,0,-1,-1
2077,E,,Rock'n'Roll-Small Formation Juniors,First round,4,151,5,-75,5,6,6.75,-6,0,174,CO,1,1.5,2,0,0,0,0,0,0,-1,-1
2077,E,,Rock'n'Roll-Small Formation Juniors,First round,4,151,5,-75,5,6,6.75,-6,0,174,DF,0.5,1.5,1,0,0,0,0,0,0,-1,-1
2077,E,,Rock'n'Roll-Small Formation Juniors,First round,4,151,5,-75,5,6,6.75,-6,0,174,FM,1,0.5,1,0,0,0,0,0,0,-1,-1
2077,E,,Rock'n'Roll-Small Formation Juniors,First round,5,105,5,-75,4,5,4.5,-4,0,174,CO,0.5,1,1.5,0,0,0,0,0,0,-1,-1
2077,E,,Rock'n'Roll-Small Formation Juniors,First round,5,105,5,-75,4,5,4.5,-4,0,174,DF,1,0.5,1,0,0,0,0,0,0,-1,-1
2077,E,,Rock'n'Roll-Small Formation Juniors,First round,5,105,5,-75,4,5,4.5,-4,0,174,FM,0.5,0.5,1,0,0,0,0,0,0,-1,-1
2077,E,,Rock'n'Roll-Small Formation Juniors,First round,6,115,5,-50,8,10,7.5,-2,0,174,CO,1.5,2,1.5,0,0,0,0,0,0,-1,-1
2077,E,,Rock'n'Roll-Small Formation Juniors,First round,6,115,5,-50,8,10,7.5,-2,0,174,DF,1,2,2,0,0,0,0,0,0,-1,-1
2077,E,,Rock'n'Roll-Small Formation Juniors,First round,6,115,5,-50,8,10,7.5,-2,0,174,FM,1,1.5,1.5,0,0,0,0,0,0,-1,-1
2077,E,,Rock'n'Roll-Small Formation Juniors,First round,7,294,5,-75,5,4,4.5,-6,0,174,FM,0.5,1,1,0,0,0,0,0,0,-1,-1
2077,E,,Rock'n'Roll-Small Formation Juniors,First round,7,294,5,-75,5,4,4.5,-6,0,174,CO,1,1,1,0,0,0,0,0,0,-1,-1
2077,E,,Rock'n'Roll-Small Formation Juniors,First round,7,294,5,-75,5,4,4.5,-6,0,174,DF,0.5,0.5,1,0,0,0,0,0,0,-1,-1
2077,F,,Rock'n'Roll-Small Formation Juniors,First round,1,281,6,-35,7,8,5.25,0,0,174,FM,1.5,1,1,0,0,0,0,0,0,-1,-1
2077,F,,Rock'n'Roll-Small Formation Juniors,First round,1,281,6,-35,7,8,5.25,0,0,174,CO,1.5,1,1,0,0,0,0,0,0,-1,-1
2077,F,,Rock'n'Roll-Small Formation Juniors,First round,1,281,6,-35,7,8,5.25,0,0,174,DF,2,1,1,0,0,0,0,0,0,-1,-1
2077,F,,Rock'n'Roll-Small Formation Juniors,First round,2,295,6,-35,4,3,3.75,-2,0,174,CO,1,1,0.5,0,0,0,0,0,0,-1,-1
2077,F,,Rock'n'Roll-Small Formation Juniors,First round,2,295,6,-35,4,3,3.75,-2,0,174,DF,0.5,0.5,0.5,0,0,0,0,0,0,-1,-1
2077,F,,Rock'n'Roll-Small Formation Juniors,First round,2,295,6,-35,4,3,3.75,-2,0,174,FM,1,0.5,0.5,0,0,0,0,0,0,-1,-1
2077,F,,Rock'n'Roll-Small Formation Juniors,First round,3,174,6,-25,9,10,6.75,0,0,174,FM,2,1.5,1,0,0,0,0,0,0,-1,-1
2077,F,,Rock'n'Roll-Small Formation Juniors,First round,3,174,6,-25,9,10,6.75,0,0,174,DF,2,1.5,1.5,0,0,0,0,0,0,-1,-1
2077,F,,Rock'n'Roll-Small Formation Juniors,First round,3,174,6,-25,9,10,6.75,0,0,174,CO,2,1.5,1,0,0,0,0,0,0,-1,-1
2077,F,,Rock'n'Roll-Small Formation Juniors,First round,4,151,6,-25,8,7,5.25,-2,0,174,DF,1.5,1,1,0,0,0,0,0,0,-1,-1
2077,F,,Rock'n'Roll-Small Formation Juniors,First round,4,151,6,-25,8,7,5.25,-2,0,174,FM,1.5,1.5,1,0,0,0,0,0,0,-1,-1
2077,F,,Rock'n'Roll-Small Formation Juniors,First round,4,151,6,-25,8,7,5.25,-2,0,174,CO,1.5,1,1,0,0,0,0,0,0,-1,-1
2077,F,,Rock'n'Roll-Small Formation Juniors,First round,5,105,6,-50,3,5,3,-4,0,174,CO,0.5,1,0.5,0,0,0,0,0,0,-1,-1
2077,F,,Rock'n'Roll-Small Formation Juniors,First round,5,105,6,-50,3,5,3,-4,0,174,DF,1,1,0.5,0,0,0,0,0,0,-1,-1
2077,F,,Rock'n'Roll-Small Formation Juniors,First round,5,105,6,-50,3,5,3,-4,0,174,FM,0.5,0.5,0.5,0,0,0,0,0,0,-1,-1
2077,F,,Rock'n'Roll-Small Formation Juniors,First round,6,115,6,-15,7,9,6.75,0,0,174,CO,2,1.5,1,0,0,0,0,0,0,-1,-1
2077,F,,Rock'n'Roll-Small Formation Juniors,First round,6,115,6,-15,7,9,6.75,0,0,174,DF,2,1.5,1,0,0,0,0,0,0,-1,-1
2077,F,,Rock'n'Roll-Small Formation Juniors,First round,6,115,6,-15,7,9,6.75,0,0,174,FM,1.5,1,1,0,0,0,0,0,0,-1,-1
2077,F,,Rock'n'Roll-Small Formation Juniors,First round,7,294,6,-50,3,4,2.25,-6,0,174,CO,0.5,0.5,0.5,0,0,0,0,0,0,-1,-1
2077,F,,Rock'n'Roll-Small Formation Juniors,First round,7,294,6,-50,3,4,2.25,-6,0,174,DF,1,0.5,0.5,0,0,0,0,0,0,-1,-1
2077,F,,Rock'n'Roll-Small Formation Juniors,First round,7,294,6,-50,3,4,2.25,-6,0,174,FM,0.5,0.5,0.5,0,0,0,0,0,0,-1,-1
2077,G,,Rock'n'Roll-Small Formation Juniors,First round,1,281,7,-35,9,12,8.25,-2,0,174,FM,1.5,1.5,1.5,0,0,0,0,0,0,-1,-1
2077,G,,Rock'n'Roll-Small Formation Juniors,First round,1,281,7,-35,9,12,8.25,-2,0,174,CO,2,2,1.5,0,0,0,0,0,0,-1,-1
2077,G,,Rock'n'Roll-Small Formation Juniors,First round,1,281,7,-35,9,12,8.25,-2,0,174,DF,2,2,2,0,0,0,0,0,0,-1,-1
2077,G,,Rock'n'Roll-Small Formation Juniors,First round,2,295,7,-50,6,6,4.5,0,0,174,FM,1,1,1,0,0,0,0,0,0,-1,-1
2077,G,,Rock'n'Roll-Small Formation Juniors,First round,2,295,7,-50,6,6,4.5,0,0,174,DF,1,1,1,0,0,0,0,0,0,-1,-1
2077,G,,Rock'n'Roll-Small Formation Juniors,First round,2,295,7,-50,6,6,4.5,0,0,174,CO,1,1,1,0,0,0,0,0,0,-1,-1
2077,G,,Rock'n'Roll-Small Formation Juniors,First round,3,174,7,-25,10,10,6.75,0,0,174,CO,1.5,1.5,1.5,0,0,0,0,0,0,-1,-1
2077,G,,Rock'n'Roll-Small Formation Juniors,First round,3,174,7,-25,10,10,6.75,0,0,174,DF,1.5,1.5,2,0,0,0,0,0,0,-1,-1
2077,G,,Rock'n'Roll-Small Formation Juniors,First round,3,174,7,-25,10,10,6.75,0,0,174,FM,1.5,1.5,2,0,0,0,0,0,0,-1,-1
2077,G,,Rock'n'Roll-Small Formation Juniors,First round,4,151,7,-50,6,5,4.5,-2,0,174,CO,1,1,1,0,0,0,0,0,0,-1,-1
2077,G,,Rock'n'Roll-Small Formation Juniors,First round,4,151,7,-50,6,5,4.5,-2,0,174,DF,1,0.5,1,0,0,0,0,0,0,-1,-1
2077,G,,Rock'n'Roll-Small Formation Juniors,First round,4,151,7,-50,6,5,4.5,-2,0,174,FM,1,1,1,0,0,0,0,0,0,-1,-1
2077,G,,Rock'n'Roll-Small Formation Juniors,First round,5,105,7,-50,6,6,4.5,-6,0,174,CO,1,1,1,0,0,0,0,0,0,-1,-1
2077,G,,Rock'n'Roll-Small Formation Juniors,First round,5,105,7,-50,6,6,4.5,-6,0,174,DF,1,1,1,0,0,0,0,0,0,-1,-1
2077,G,,Rock'n'Roll-Small Formation Juniors,First round,5,105,7,-50,6,6,4.5,-6,0,174,FM,1,1,1,0,0,0,0,0,0,-1,-1
2077,G,,Rock'n'Roll-Small Formation Juniors,First round,6,115,7,-35,9,8,6.75,-4,0,174,CO,1.5,1.5,1.5,0,0,0,0,0,0,-1,-1
2077,G,,Rock'n'Roll-Small Formation Juniors,First round,6,115,7,-35,9,8,6.75,-4,0,174,DF,1.5,1,1.5,0,0,0,0,0,0,-1,-1
2077,G,,Rock'n'Roll-Small Formation Juniors,First round,6,115,7,-35,9,8,6.75,-4,0,174,FM,1.5,1.5,1.5,0,0,0,0,0,0,-1,-1
2077,G,,Rock'n'Roll-Small Formation Juniors,First round,7,294,7,-50,6,6,4.5,-4,-10,174,CO,1,1,1,0,0,0,0,0,0,-1,-1
2077,G,,Rock'n'Roll-Small Formation Juniors,First round,7,294,7,-50,6,6,4.5,-4,-10,174,FM,1,1,1,0,0,0,0,0,0,-1,-1
2077,G,,Rock'n'Roll-Small Formation Juniors,First round,7,294,7,-50,6,6,4.5,-4,-10,174,DF,1,1,1,0,0,0,0,0,0,-1,-1
2078,A,,Rock'n'Roll-Beginners,Hope round,1,277,1,-50,6.5,10,7,-6,0,174,CO,1.5,1,1,0,0,0,0,0,0,-1,-1
2078,A,,Rock'n'Roll-Beginners,Hope round,1,277,1,-50,6.5,10,7,-6,0,174,DF,1.5,1,1.5,0,0,0,0,0,0,-1,-1
2078,A,,Rock'n'Roll-Beginners,Hope round,1,350,1,-35,6.5,10,8,0,0,174,CO,1.5,1.5,1,0,0,0,0,0,0,-1,-1
2078,A,,Rock'n'Roll-Beginners,Hope round,1,350,1,-35,6.5,10,8,0,0,174,DF,1.5,1.5,1,0,0,0,0,0,0,-1,-1
2078,A,,Rock'n'Roll-Beginners,Hope round,2,218,1,-50,6.5,10,7,-4,0,174,DF,1.5,1,1.5,0,0,0,0,0,0,-1,-1
2078,A,,Rock'n'Roll-Beginners,Hope round,2,290,1,-35,6.5,11.25,9,0,0,174,CO,1.5,2,1,0,0,0,0,0,0,-1,-1
2078,A,,Rock'n'Roll-Beginners,Hope round,2,218,1,-50,6.5,10,7,-4,0,174,CO,1.5,1,1,0,0,0,0,0,0,-1,-1
2078,A,,Rock'n'Roll-Beginners,Hope round,2,290,1,-35,6.5,11.25,9,0,0,174,DF,1.5,1.5,1.5,0,0,0,0,0,0,-1,-1
2078,A,,Rock'n'Roll-Beginners,Hope round,3,276,1,-35,5,10,10,0,0,174,DF,1.5,1,1.5,0,0,0,0,0,0,-1,-1
2078,A,,Rock'n'Roll-Beginners,Hope round,3,6,1,-35,6.5,10,8,0,0,174,CO,1.5,1.5,1,0,0,0,0,0,0,-1,-1
2078,A,,Rock'n'Roll-Beginners,Hope round,3,6,1,-35,6.5,10,8,0,0,174,DF,1,1.5,1.5,0,0,0,0,0,0,-1,-1
2078,A,,Rock'n'Roll-Beginners,Hope round,3,276,1,-35,5,10,10,0,0,174,CO,1.5,2,1.5,0,0,0,0,0,0,-1,-1
2078,B,,Rock'n'Roll-Beginners,Hope round,1,350,2,-50,6.5,8.75,6,-2,0,174,DF,1,1.5,1,0,0,0,0,0,0,-1,-1
2078,B,,Rock'n'Roll-Beginners,Hope round,1,350,2,-50,6.5,8.75,6,-2,0,174,CO,1,1,1,0,0,0,0,0,0,-1,-1
2078,B,,Rock'n'Roll-Beginners,Hope round,1,277,2,-75,2.5,7.5,5,-4,0,174,DF,1,0.5,1.5,0,0,0,0,0,0,-1,-1
2078,B,,Rock'n'Roll-Beginners,Hope round,1,277,2,-75,2.5,7.5,5,-4,0,174,CO,0.5,0.5,1.5,0,0,0,0,0,0,-1,-1
2078,B,,Rock'n'Roll-Beginners,Hope round,2,218,2,-75,2.5,8.75,6,-6,0,174,CO,1,1,1,0,0,0,0,0,0,-1,-1
2078,B,,Rock'n'Roll-Beginners,Hope round,2,218,2,-75,2.5,8.75,6,-6,0,174,DF,1,1.5,1,0,0,0,0,0,0,-1,-1
2078,B,,Rock'n'Roll-Beginners,Hope round,2,290,2,-50,5,10,10,0,0,174,CO,1,2,2,0,0,0,0,0,0,-1,-1
2078,B,,Rock'n'Roll-Beginners,Hope round,2,290,2,-50,5,10,10,0,0,174,DF,0.5,2,1.5,0,0,0,0,0,0,-1,-1
2078,B,,Rock'n'Roll-Beginners,Hope round,3,6,2,-50,2.5,6.25,5,0,0,174,DF,0.5,1,1,0,0,0,0,0,0,-1,-1
2078,B,,Rock'n'Roll-Beginners,Hope round,3,276,2,-35,5,10,7,-2,0,174,CO,1,1.5,1,0,0,0,0,0,0,-1,-1
2078,B,,Rock'n'Roll-Beginners,Hope round,3,6,2,-50,2.5,6.25,5,0,0,174,CO,1,0.5,1,0,0,0,0,0,0,-1,-1
2078,B,,Rock'n'Roll-Beginners,Hope round,3,276,2,-35,5,10,7,-2,0,174,DF,1.5,1,1.5,0,0,0,0,0,0,-1,-1
2078,C,,Rock'n'Roll-Beginners,Hope round,1,277,3,-50,2.5,8.75,7,-2,0,174,CO,1.5,1,1,0,0,0,0,0,0,-1,-1
2078,C,,Rock'n'Roll-Beginners,Hope round,1,277,3,-50,2.5,8.75,7,-2,0,174,DF,1.5,0.5,1.5,0,0,0,0,0,0,-1,-1
2078,C,,Rock'n'Roll-Beginners,Hope round,1,350,3,-50,2.5,7.5,7,0,0,174,CO,1,1,1.5,0,0,0,0,0,0,-1,-1
2078,C,,Rock'n'Roll-Beginners,Hope round,1,350,3,-50,2.5,7.5,7,0,0,174,DF,1,1,1,0,0,0,0,0,0,-1,-1
2078,C,,Rock'n'Roll-Beginners,Hope round,2,218,3,-50,2.5,10,7,-6,0,174,DF,1.5,1,1.5,0,0,0,0,0,0,-1,-1
2078,C,,Rock'n'Roll-Beginners,Hope round,2,290,3,-50,5,7.5,6,0,0,174,CO,1,1,1,0,0,0,0,0,0,-1,-1
2078,C,,Rock'n'Roll-Beginners,Hope round,2,218,3,-50,2.5,10,7,-6,0,174,CO,1.5,1,1,0,0,0,0,0,0,-1,-1
2078,C,,Rock'n'Roll-Beginners,Hope round,2,290,3,-50,5,7.5,6,0,0,174,DF,1,1,1,0,0,0,0,0,0,-1,-1
2078,C,,Rock'n'Roll-Beginners,Hope round,3,6,3,-50,2.5,5,5,0,0,174,CO,1,0.5,1,0,0,0,0,0,0,-1,-1
2078,C,,Rock'n'Roll-Beginners,Hope round,3,6,3,-50,2.5,5,5,0,0,174,DF,0.5,0.5,1,0,0,0,0,0,0,-1,-1
2078,C,,Rock'n'Roll-Beginners,Hope round,3,276,3,-50,2.5,8.75,7,0,0,174,CO,1,1.5,1,0,0,0,0,0,0,-1,-1
2078,C,,Rock'n'Roll-Beginners,Hope round,3,276,3,-50,2.5,8.75,7,0,0,174,DF,1.5,1,1,0,0,0,0,0,0,-1,-1
2078,D,,Rock'n'Roll-Beginners,Hope round,1,277,4,-50,2.5,7.5,5,0,0,174,DF,1,0.5,1.5,0,0,0,0,0,0,-1,-1
2078,D,,Rock'n'Roll-Beginners,Hope round,1,350,4,-50,5,7.5,6,0,0,174,CO,1,1,1,0,0,0,0,0,0,-1,-1
2078,D,,Rock'n'Roll-Beginners,Hope round,1,277,4,-50,2.5,7.5,5,0,0,174,CO,1,0.5,1,0,0,0,0,0,0,-1,-1
2078,D,,Rock'n'Roll-Beginners,Hope round,1,350,4,-50,5,7.5,6,0,0,174,DF,0.5,1.5,1,0,0,0,0,0,0,-1,-1
2078,D,,Rock'n'Roll-Beginners,Hope round,2,218,4,-50,5,8.75,6,0,0,174,CO,1.5,1,0.5,0,0,0,0,0,0,-1,-1
2078,D,,Rock'n'Roll-Beginners,Hope round,2,218,4,-50,5,8.75,6,0,0,174,DF,1.5,1,1,0,0,0,0,0,0,-1,-1
2078,D,,Rock'n'Roll-Beginners,Hope round,2,290,4,-50,5,7.5,6,0,0,174,CO,1,1,1,0,0,0,0,0,0,-1,-1
2078,D,,Rock'n'Roll-Beginners,Hope round,2,290,4,-50,5,7.5,6,0,0,174,DF,1,1.5,0.5,0,0,0,0,0,0,-1,-1
2078,D,,Rock'n'Roll-Beginners,Hope round,3,6,4,-35,6.5,8.75,7,-2,0,174,DF,1,1.5,1,0,0,0,0,0,0,-1,-1
2078,D,,Rock'n'Roll-Beginners,Hope round,3,276,4,-25,5,10,8,-2,0,174,CO,1.5,1.5,1,0,0,0,0,0,0,-1,-1
2078,D,,Rock'n'Roll-Beginners,Hope round,3,6,4,-35,6.5,8.75,7,-2,0,174,CO,1,1.5,1,0,0,0,0,0,0,-1,-1
2078,D,,Rock'n'Roll-Beginners,Hope round,3,276,4,-25,5,10,8,-2,0,174,DF,1.5,1.5,1,0,0,0,0,0,0,-1,-1
2078,E,,Rock'n'Roll-Beginners,Hope round,1,277,5,-35,5,6.25,6,-6,0,174,CO,1,1,1,0,0,0,0,0,0,-1,-1
2078,E,,Rock'n'Roll-Beginners,Hope round,1,277,5,-35,5,6.25,6,-6,0,174,DF,1,0.5,1,0,0,0,0,0,0,-1,-1
2078,E,,Rock'n'Roll-Beginners,Hope round,1,350,5,-35,5,11.25,9,0,0,174,CO,1.5,1.5,1.5,0,0,0,0,0,0,-1,-1
2078,E,,Rock'n'Roll-Beginners,Hope round,1,350,5,-35,5,11.25,9,0,0,174,DF,1.5,2,1,0,0,0,0,0,0,-1,-1
2078,E,,Rock'n'Roll-Beginners,Hope round,2,218,5,-35,5,6.25,9,-6,0,174,DF,1,0.5,1,0,0,0,0,0,0,-1,-1
2078,E,,Rock'n'Roll-Beginners,Hope round,2,290,5,-25,6.5,11.25,9,0,0,174,CO,1.5,1.5,1.5,0,0,0,0,0,0,-1,-1
2078,E,,Rock'n'Roll-Beginners,Hope round,2,218,5,-35,5,6.25,9,-6,0,174,CO,1,1.5,2,0,0,0,0,0,0,-1,-1
2078,E,,Rock'n'Roll-Beginners,Hope round,2,290,5,-25,6.5,11.25,9,0,0,174,DF,1.5,1,2,0,0,0,0,0,0,-1,-1
2078,E,,Rock'n'Roll-Beginners,Hope round,3,6,5,-50,5,7.5,7,-2,0,174,CO,1,1,1.5,0,0,0,0,0,0,-1,-1
2078,E,,Rock'n'Roll-Beginners,Hope round,3,6,5,-50,5,7.5,7,-2,0,174,DF,1,1,1,0,0,0,0,0,0,-1,-1
2078,E,,Rock'n'Roll-Beginners,Hope round,3,276,5,-25,5,12.5,9,-2,0,174,CO,1.5,1.5,1.5,0,0,0,0,0,0,-1,-1
2078,E,,Rock'n'Roll-Beginners,Hope round,3,276,5,-25,5,12.5,9,-2,0,174,DF,2,1,2,0,0,0,0,0,0,-1,-1
2078,F,,Rock'n'Roll-Beginners,Hope round,1,277,6,-50,2.5,7.5,5,-2,0,174,DF,1,1,1,0,0,0,0,0,0,-1,-1
2078,F,,Rock'n'Roll-Beginners,Hope round,1,350,6,-35,5,7.5,6,0,0,174,CO,1,1,1,0,0,0,0,0,0,-1,-1
2078,F,,Rock'n'Roll-Beginners,Hope round,1,277,6,-50,2.5,7.5,5,-2,0,174,CO,1,1,0.5,0,0,0,0,0,0,-1,-1
2078,F,,Rock'n'Roll-Beginners,Hope round,1,350,6,-35,5,7.5,6,0,0,174,DF,1,1,1,0,0,0,0,0,0,-1,-1
2078,F,,Rock'n'Roll-Beginners,Hope round,2,218,6,-50,5,7.5,6,-2,0,174,CO,1,1,1,0,0,0,0,0,0,-1,-1
2078,F,,Rock'n'Roll-Beginners,Hope round,2,218,6,-50,5,7.5,6,-2,0,174,DF,1,1,1,0,0,0,0,0,0,-1,-1
2078,F,,Rock'n'Roll-Beginners,Hope round,2,290,6,-50,5,8.75,7,0,0,174,CO,1.5,1,1,0,0,0,0,0,0,-1,-1
2078,F,,Rock'n'Roll-Beginners,Hope round,2,290,6,-50,5,8.75,7,0,0,174,DF,1.5,1,1,0,0,0,0,0,0,-1,-1
2078,F,,Rock'n'Roll-Beginners,Hope round,3,6,6,-35,6.5,8.75,6,-2,0,174,DF,1.5,1,1,0,0,0,0,0,0,-1,-1
2078,F,,Rock'n'Roll-Beginners,Hope round,3,276,6,-35,5,10,7,-2,0,174,CO,1.5,1,1,0,0,0,0,0,0,-1,-1
2078,F,,Rock'n'Roll-Beginners,Hope round,3,6,6,-35,6.5,8.75,6,-2,0,174,CO,1.5,1,0.5,0,0,0,0,0,0,-1,-1
2078,F,,Rock'n'Roll-Beginners,Hope round,3,276,6,-35,5,10,7,-2,0,174,DF,1.5,1.5,1,0,0,0,0,0,0,-1,-1
2078,G,,Rock'n'Roll-Beginners,Hope round,1,277,7,-35,5,7.5,6,-6,0,174,CO,1,1,1,0,0,0,0,0,0,-1,-1
2078,G,,Rock'n'Roll-Beginners,Hope round,1,277,7,-35,5,7.5,6,-6,0,174,DF,1,1,1,0,0,0,0,0,0,-1,-1
2078,G,,Rock'n'Roll-Beginners,Hope round,1,350,7,-35,6.5,12.5,9,0,0,174,CO,1.5,1.5,1.5,0,0,0,0,0,0,-1,-1
2078,G,,Rock'n'Roll-Beginners,Hope round,1,350,7,-35,6.5,12.5,9,0,0,174,DF,1.5,2,1.5,0,0,0,0,0,0,-1,-1
2078,G,,Rock'n'Roll-Beginners,Hope round,2,218,7,-35,6.5,10,6,0,-10,174,DF,1,2,1,0,0,0,0,0,0,-1,-1
2078,G,,Rock'n'Roll-Beginners,Hope round,2,290,7,-25,6.5,15,12,0,0,174,CO,2,2,2,0,0,0,0,0,0,-1,-1
2078,G,,Rock'n'Roll-Beginners,Hope round,2,218,7,-35,6.5,10,6,0,-10,174,CO,1,1,1,0,0,0,0,0,0,-1,-1
2078,G,,Rock'n'Roll-Beginners,Hope round,2,290,7,-25,6.5,15,12,0,0,174,DF,2,2,2,0,0,0,0,0,0,-1,-1
2078,G,,Rock'n'Roll-Beginners,Hope round,3,6,7,-50,5,11.25,8,-2,0,174,CO,1,1.5,1.5,0,0,0,0,0,0,-1,-1
2078,G,,Rock'n'Roll-Beginners,Hope round,3,6,7,-50,5,11.25,8,-2,0,174,DF,1.5,1.5,1.5,0,0,0,0,0,0,-1,-1
2078,G,,Rock'n'Roll-Beginners,Hope round,3,276,7,-25,5,13.75,12,0,0,174,CO,2,2,2,0,0,0,0,0,0,-1,-1
2078,G,,Rock'n'Roll-Beginners,Hope round,3,276,7,-25,5,13.75,12,0,0,174,DF,2,1.5,2,0,0,0,0,0,0,-1,-1
2079,A,,Rock'n'Roll-Kids,Final,1,242,1,-25,6.5,13.75,10,-2,0,174,DF,1.5,2,2,0,0,0,0,0,0,-1,-1
2079,A,,Rock'n'Roll-Kids,Final,1,242,1,-25,6.5,13.75,10,-2,0,174,CO,2,2,1,0,0,0,0,0,0,-1,-1
2079,A,,Rock'n'Roll-Kids,Final,2,131,1,-35,6.5,12.5,10,0,0,174,CO,2,2,1,0,0,0,0,0,0,-1,-1
2079,A,,Rock'n'Roll-Kids,Final,2,131,1,-35,6.5,12.5,10,0,0,174,DF,1.5,1.5,2,0,0,0,0,0,0,-1,-1
2079,A,,Rock'n'Roll-Kids,Final,3,66,1,-25,6.5,12.5,9,-2,0,174,CO,2,1.5,1,0,0,0,0,0,0,-1,-1
2079,A,,Rock'n'Roll-Kids,Final,3,66,1,-25,6.5,12.5,9,-2,0,174,DF,1.5,2,1.5,0,0,0,0,0,0,-1,-1
2079,B,,Rock'n'Roll-Kids,Final,1,242,2,-15,7.5,12.5,6,0,0,174,CO,1,1,1,0,0,0,0,0,0,-1,-1
2079,B,,Rock'n'Roll-Kids,Final,1,242,2,-15,7.5,12.5,6,0,0,174,DF,1,2,2,0,0,0,0,0,0,-1,-1
2079,B,,Rock'n'Roll-Kids,Final,2,131,2,-25,5,10,8,0,0,174,DF,1,1.5,1.5,0,0,0,0,0,0,-1,-1
2079,B,,Rock'n'Roll-Kids,Final,2,131,2,-25,5,10,8,0,0,174,CO,1,1.5,1.5,0,0,0,0,0,0,-1,-1
2079,B,,Rock'n'Roll-Kids,Final,3,66,2,-75,5,7.5,8,-2,0,174,DF,1,1,1,0,0,0,0,0,0,-1,-1
2079,B,,Rock'n'Roll-Kids,Final,3,66,2,-75,5,7.5,8,-2,0,174,CO,1,1.5,1.5,0,0,0,0,0,0,-1,-1
2079,C,,Rock'n'Roll-Kids,Final,1,242,3,-25,6.5,11.25,9,0,0,174,CO,1.5,1.5,1.5,0,0,0,0,0,0,-1,-1
2079,C,,Rock'n'Roll-Kids,Final,1,242,3,-25,6.5,11.25,9,0,0,174,DF,1.5,1.5,1.5,0,0,0,0,0,0,-1,-1
2079,C,,Rock'n'Roll-Kids,Final,2,131,3,-25,5,11.25,9,0,0,174,CO,1.5,1.5,1.5,0,0,0,0,0,0,-1,-1
2079,C,,Rock'n'Roll-Kids,Final,2,131,3,-25,5,11.25,9,0,0,174,DF,1.5,1.5,1.5,0,0,0,0,0,0,-1,-1
2079,C,,Rock'n'Roll-Kids,Final,3,66,3,-35,5,10,6,-2,0,174,DF,1.5,1,1.5,0,0,0,0,0,0,-1,-1
2079,C,,Rock'n'Roll-Kids,Final,3,66,3,-35,5,10,6,-2,0,174,CO,1,1,1,0,0,0,0,0,0,-1,-1
2079,D,,Rock'n'Roll-Kids,Final,1,242,4,-25,5,11.25,6,0,0,174,CO,0.5,1.5,1,0,0,0,0,0,0,-1,-1
2079,D,,Rock'n'Roll-Kids,Final,1,242,4,-25,5,11.25,6,0,0,174,DF,1.5,1.5,1.5,0,0,0,0,0,0,-1,-1
2079,D,,Rock'n'Roll-Kids,Final,2,131,4,-25,6.5,8.75,8,0,0,174,CO,1,1.5,1.5,0,0,0,0,0,0,-1,-1
2079,D,,Rock'n'Roll-Kids,Final,2,131,4,-25,6.5,8.75,8,0,0,174,DF,1.5,1,1,0,0,0,0,0,0,-1,-1
2079,D,,Rock'n'Roll-Kids,Final,3,66,4,-15,7.5,11.25,8,-2,0,174,CO,1,1.5,1.5,0,0,0,0,0,0,-1,-1
2079,D,,Rock'n'Roll-Kids,Final,3,66,4,-15,7.5,11.25,8,-2,0,174,DF,1,2,1.5,0,0,0,0,0,0,-1,-1
2079,E,,Rock'n'Roll-Kids,Final,1,242,5,-25,6.5,12.5,11,0,0,174,DF,2,1.5,1.5,0,0,0,0,0,0,-1,-1
2079,E,,Rock'n'Roll-Kids,Final,1,242,5,-25,6.5,12.5,11,0,0,174,CO,1.5,2,2,0,0,0,0,0,0,-1,-1
2079,E,,Rock'n'Roll-Kids,Final,2,131,5,-15,7.5,13.75,9,0,0,174,CO,0.5,2,2,0,0,0,0,0,0,-1,-1
2079,E,,Rock'n'Roll-Kids,Final,2,131,5,-15,7.5,13.75,9,0,0,174,DF,2,1.5,1.5,0,0,0,0,0,0,-1,-1
2079,E,,Rock'n'Roll-Kids,Final,3,66,5,-25,7.5,13.75,8,-2,0,174,CO,1,1,2,0,0,0,0,0,0,-1,-1
2079,E,,Rock'n'Roll-Kids,Final,3,66,5,-25,7.5,13.75,8,-2,0,174,DF,1.5,1.5,2,0,0,0,0,0,0,-1,-1
2079,F,,Rock'n'Roll-Kids,Final,1,242,6,-15,7.5,12.5,10,0,0,174,CO,2,1.5,1.5,0,0,0,0,0,0,-1,-1
2079,F,,Rock'n'Roll-Kids,Final,1,242,6,-15,7.5,12.5,10,0,0,174,DF,2,1.5,1.5,0,0,0,0,0,0,-1,-1
2079,F,,Rock'n'Roll-Kids,Final,2,131,6,-15,7.5,10,9,0,0,174,DF,1.5,1,1.5,0,0,0,0,0,0,-1,-1
2079,F,,Rock'n'Roll-Kids,Final,2,131,6,-15,7.5,10,9,0,0,174,CO,2,1,1.5,0,0,0,0,0,0,-1,-1
2079,F,,Rock'n'Roll-Kids,Final,3,66,6,-25,7.5,8.75,6,-2,0,174,CO,1,1,1,0,0,0,0,0,0,-1,-1
2079,F,,Rock'n'Roll-Kids,Final,3,66,6,-25,7.5,8.75,6,-2,0,174,DF,1.5,1,1,0,0,0,0,0,0,-1,-1
2079,G,,Rock'n'Roll-Kids,Final,1,242,7,-5,7.5,18.75,12,-2,0,174,CO,2,2,2,0,0,0,0,0,0,-1,-1
2079,G,,Rock'n'Roll-Kids,Final,1,242,7,-5,7.5,18.75,12,-2,0,174,DF,2.5,2.5,2.5,0,0,0,0,0,0,-1,-1
2079,G,,Rock'n'Roll-Kids,Final,2,131,7,-10,7.5,13.75,10,0,0,174,CO,1.5,1.5,2,0,0,0,0,0,0,-1,-1
2079,G,,Rock'n'Roll-Kids,Final,2,131,7,-10,7.5,13.75,10,0,0,174,DF,2,1.5,2,0,0,0,0,0,0,-1,-1
2079,G,,Rock'n'Roll-Kids,Final,3,66,7,-10,7.5,11.25,9,-2,0,174,DF,1.5,1.5,1.5,0,0,0,0,0,0,-1,-1
2079,G,,Rock'n'Roll-Kids,Final,3,66,7,-10,7.5,11.25,9,-2,0,174,CO,1.5,1.5,1.5,0,0,0,0,0,0,-1,-1
2080,A,,Rock'n'Roll-Small Formation,Hope round,1,259,1,-35,7,9,6.75,-2,0,174,FM,1,1,1.5,0,0,0,0,0,0,-1,-1
2080,A,,Rock'n'Roll-Small Formation,Hope round,1,259,1,-35,7,9,6.75,-2,0,174,CO,1.5,1.5,1.5,0,0,0,0,0,0,-1,-1
2080,A,,Rock'n'Roll-Small Formation,Hope round,1,259,1,-35,7,9,6.75,-2,0,174,DF,1.5,1.5,1.5,0,0,0,0,0,0,-1,-1
2080,A,,Rock'n'Roll-Small Formation,Hope round,2,390,1,-35,7,8,6.75,0,0,174,CO,1.5,1.5,1.5,0,0,0,0,0,0,-1,-1
2080,A,,Rock'n'Roll-Small Formation,Hope round,2,390,1,-35,7,8,6.75,0,0,174,DF,1.5,1.5,1,0,0,0,0,0,0,-1,-1
2080,A,,Rock'n'Roll-Small Formation,Hope round,2,390,1,-35,7,8,6.75,0,0,174,FM,1,1.5,1,0,0,0,0,0,0,-1,-1
2080,A,,Rock'n'Roll-Small Formation,Hope round,3,180,1,-25,8,9,6.75,0,0,174,CO,1.5,1.5,1.5,0,0,0,0,0,0,-1,-1
2080,A,,Rock'n'Roll-Small Formation,Hope round,3,180,1,-25,8,9,6.75,0,0,174,DF,1.5,1.5,1.5,0,0,0,0,0,0,-1,-1
2080,A,,Rock'n'Roll-Small Formation,Hope round,3,180,1,-25,8,9,6.75,0,0,174,FM,1.5,1,1.5,0,0,0,0,0,0,-1,-1
2080,A,,Rock'n'Roll-Small Formation,Hope round,4,335,1,-35,7,8,7.5,0,0,174,CO,2,1.5,1.5,0,0,0,0,0,0,-1,-1
2080,A,,Rock'n'Roll-Small Formation,Hope round,4,335,1,-35,7,8,7.5,0,0,174,DF,1.5,1,1.5,0,0,0,0,0,0,-1,-1
2080,A,,Rock'n'Roll-Small Formation,Hope round,4,335,1,-35,7,8,7.5,0,0,174,FM,1,1,1.5,0,0,0,0,0,0,-1,-1
2080,A,,Rock'n'Roll-Small Formation,Hope round,5,35,1,-35,9,9,7.5,0,0,174,FM,1.5,1.5,1.5,0,0,0,0,0,0,-1,-1
2080,A,,Rock'n'Roll-Small Formation,Hope round,5,35,1,-35,9,9,7.5,0,0,174,CO,1.5,1.5,2,0,0,0,0,0,0,-1,-1
2080,A,,Rock'n'Roll-Small Formation,Hope round,5,35,1,-35,9,9,7.5,0,0,174,DF,1.5,1.5,1.5,0,0,0,0,0,0,-1,-1
2080,A,,Rock'n'Roll-Small Formation,Hope round,6,20,1,-25,9,10,8.25,0,0,174,FM,1,2,1.5,0,0,0,0,0,0,-1,-1
2080,A,,Rock'n'Roll-Small Formation,Hope round,6,20,1,-25,9,10,8.25,0,0,174,DF,2,1.5,1.5,0,0,0,0,0,0,-1,-1
2080,A,,Rock'n'Roll-Small Formation,Hope round,6,20,1,-25,9,10,8.25,0,0,174,CO,2,1.5,2,0,0,0,0,0,0,-1,-1
2080,B,,Rock'n'Roll-Small Formation,Hope round,1,259,2,-50,7,7,6.75,-2,0,174,CO,1.5,1.5,1.5,0,0,0,0,0,0,-1,-1
2080,B,,Rock'n'Roll-Small Formation,Hope round,1,259,2,-50,7,7,6.75,-2,0,174,DF,1,1.5,1,0,0,0,0,0,0,-1,-1
2080,B,,Rock'n'Roll-Small Formation,Hope round,1,259,2,-50,7,7,6.75,-2,0,174,FM,1,1,1.5,0,0,0,0,0,0,-1,-1
2080,B,,Rock'n'Roll-Small Formation,Hope round,2,390,2,-50,8,8,4.5,0,0,174,CO,1,1,1,0,0,0,0,0,0,-1,-1
2080,B,,Rock'n'Roll-Small Formation,Hope round,2,390,2,-50,8,8,4.5,0,0,174,DF,1.5,1.5,1,0,0,0,0,0,0,-1,-1
2080,B,,Rock'n'Roll-Small Formation,Hope round,2,390,2,-50,8,8,4.5,0,0,174,FM,1,1.5,1.5,0,0,0,0,0,0,-1,-1
2080,B,,Rock'n'Roll-Small Formation,Hope round,3,180,2,-35,8,7,7.5,-2,0,174,CO,1.5,1.5,2,0,0,0,0,0,0,-1,-1
2080,B,,Rock'n'Roll-Small Formation,Hope round,3,180,2,-35,8,7,7.5,-2,0,174,DF,1,1.5,1,0,0,0,0,0,0,-1,-1
2080,B,,Rock'n'Roll-Small Formation,Hope round,3,180,2,-35,8,7,7.5,-2,0,174,FM,1.5,1.5,1,0,0,0,0,0,0,-1,-1
2080,B,,Rock'n'Roll-Small Formation,Hope round,4,335,2,-50,8,8,5.25,-4,0,174,CO,1,1,1.5,0,0,0,0,0,0,-1,-1
2080,B,,Rock'n'Roll-Small Formation,Hope round,4,335,2,-50,8,8,5.25,-4,0,174,DF,0.5,2,1.5,0,0,0,0,0,0,-1,-1
2080,B,,Rock'n'Roll-Small Formation,Hope round,4,335,2,-50,8,8,5.25,-4,0,174,FM,1,1.5,1.5,0,0,0,0,0,0,-1,-1
2080,B,,Rock'n'Roll-Small Formation,Hope round,5,35,2,-25,9,8,6,0,0,174,CO,1.5,1.5,1,0,0,0,0,0,0,-1,-1
2080,B,,Rock'n'Roll-Small Formation,Hope round,5,35,2,-25,9,8,6,0,0,174,DF,1,1.5,1.5,0,0,0,0,0,0,-1,-1
2080,B,,Rock'n'Roll-Small Formation,Hope round,5,35,2,-25,9,8,6,0,0,174,FM,1.5,1.5,1.5,0,0,0,0,0,0,-1,-1
2080,B,,Rock'n'Roll-Small Formation,Hope round,6,20,2,-35,7,5,3.75,0,0,174,CO,1,1,0.5,0,0,0,0,0,0,-1,-1
2080,B,,Rock'n'Roll-Small Formation,Hope round,6,20,2,-35,7,5,3.75,0,0,174,DF,0.5,1,1,0,0,0,0,0,0,-1,-1
2080,B,,Rock'n'Roll-Small Formation,Hope round,6,20,2,-35,7,5,3.75,0,0,174,FM,1,1.5,1,0,0,0,0,0,0,-1,-1
2080,C,,Rock'n'Roll-Small Formation,Hope round,1,259,3,-50,7,7,6.75,-4,0,174,FM,1.5,1,1,0,0,0,0,0,0,-1,-1
2080,C,,Rock'n'Roll-Small Formation,Hope round,1,259,3,-50,7,7,6.75,-4,0,174,CO,1.5,1.5,1.5,0,0,0,0,0,0,-1,-1
2080,C,,Rock'n'Roll-Small Formation,Hope round,1,259,3,-50,7,7,6.75,-4,0,174,DF,1,1,1.5,0,0,0,0,0,0,-1,-1
2080,C,,Rock'n'Roll-Small Formation,Hope round,2,390,3,-50,8,8,6,0,0,174,FM,1.5,1,1.5,0,0,0,0,0,0,-1,-1
2080,C,,Rock'n'Roll-Small Formation,Hope round,2,390,3,-50,8,8,6,0,0,174,CO,1,1.5,1.5,0,0,0,0,0,0,-1,-1
2080,C,,Rock'n'Roll-Small Formation,Hope round,2,390,3,-50,8,8,6,0,0,174,DF,1.5,1,1.5,0,0,0,0,0,0,-1,-1
2080,C,,Rock'n'Roll-Small Formation,Hope round,3,180,3,-35,8,8,6,0,0,174,CO,1,1.5,1.5,0,0,0,0,0,0,-1,-1
2080,C,,Rock'n'Roll-Small Formation,Hope round,3,180,3,-35,8,8,6,0,0,174,DF,1,1.5,1.5,0,0,0,0,0,0,-1,-1
2080,C,,Rock'n'Roll-Small Formation,Hope round,3,180,3,-35,8,8,6,0,0,174,FM,1.5,1,1.5,0,0,0,0,0,0,-1,-1
2080,C,,Rock'n'Roll-Small Formation,Hope round,4,335,3,-35,7,7,6,-2,0,174,FM,1.5,1,1,0,0,0,0,0,0,-1,-1
2080,C,,Rock'n'Roll-Small Formation,Hope round,4,335,3,-35,7,7,6,-2,0,174,DF,1,1.5,1,0,0,0,0,0,0,-1,-1
2080,C,,Rock'n'Roll-Small Formation,Hope round,4,335,3,-35,7,7,6,-2,0,174,CO,1,1.5,1.5,0,0,0,0,0,0,-1,-1
2080,C,,Rock'n'Roll-Small Formation,Hope round,5,35,3,-35,6,8,4.5,0,0,174,DF,1,1.5,1.5,0,0,0,0,0,0,-1,-1
2080,C,,Rock'n'Roll-Small Formation,Hope round,5,35,3,-35,6,8,4.5,0,0,174,FM,1,1,1,0,0,0,0,0,0,-1,-1
2080,C,,Rock'n'Roll-Small Formation,Hope round,5,35,3,-35,6,8,4.5,0,0,174,CO,1,1,1,0,0,0,0,0,0,-1,-1
2080,C,,Rock'n'Roll-Small Formation,Hope round,6,20,3,-35,7,7,6.75,0,0,174,CO,1.5,1.5,1.5,0,0,0,0,0,0,-1,-1
2080,C,,Rock'n'Roll-Small Formation,Hope round,6,20,3,-35,7,7,6.75,0,0,174,DF,0.5,1.5,1.5,0,0,0,0,0,0,-1,-1
2080,C,,Rock'n'Roll-Small Formation,Hope round,6,20,3,-35,7,7,6.75,0,0,174,FM,1.5,1,1,0,0,0,0,0,0,-1,-1
2080,D,,Rock'n'Roll-Small Formation,Hope round,1,259,4,-50,6,5,5.25,-2,0,174,CO,1,1,1.5,0,0,0,0,0,0,-1,-1
2080,D,,Rock'n'Roll-Small Formation,Hope round,1,259,4,-50,6,5,5.25,-2,0,174,DF,1,0.5,1,0,0,0,0,0,0,-1,-1
2080,D,,Rock'n'Roll-Small Formation,Hope round,1,259,4,-50,6,5,5.25,-2,0,174,FM,1,1,1,0,0,0,0,0,0,-1,-1
2080,D,,Rock'n'Roll-Small Formation,Hope round,2,390,4,-50,7,8,4.5,0,0,174,CO,1,1,1,0,0,0,0,0,0,-1,-1
2080,D,,Rock'n'Roll-Small Formation,Hope round,2,390,4,-50,7,8,4.5,0,0,174,DF,1.5,1.5,1,0,0,0,0,0,0,-1,-1
2080,D,,Rock'n'Roll-Small Formation,Hope round,2,390,4,-50,7,8,4.5,0,0,174,FM,1,1.5,1,0,0,0,0,0,0,-1,-1
2080,D,,Rock'n'Roll-Small Formation,Hope round,3,180,4,-35,8,8,6.75,0,0,174,FM,1.5,1.5,1,0,0,0,0,0,0,-1,-1
2080,D,,Rock'n'Roll-Small Formation,Hope round,3,180,4,-35,8,8,6.75,0,0,174,CO,1.5,1.5,1.5,0,0,0,0,0,0,-1,-1
2080,D,,Rock'n'Roll-Small Formation,Hope round,3,180,4,-35,8,8,6.75,0,0,174,DF,1.5,1.5,1,0,0,0,0,0,0,-1,-1
2080,D,,Rock'n'Roll-Small Formation,Hope round,4,335,4,-35,7,8,6,0,0,174,FM,1,1.5,1,0,0,0,0,0,0,-1,-1
2080,D,,Rock'n'Roll-Small Formation,Hope round,4,335,4,-35,7,8,6,0,0,174,CO,1.5,1.5,1,0,0,0,0,0,0,-1,-1
2080,D,,Rock'n'Roll-Small Formation,Hope round,4,335,4,-35,7,8,6,0,0,174,DF,1.5,1,1.5,0,0,0,0,0,0,-1,-1
2080,D,,Rock'n'Roll-Small Formation,Hope round,5,35,4,-35,8,9,6.75,0,0,174,CO,1.5,1.5,1.5,0,0,0,0,0,0,-1,-1
2080,D,,Rock'n'Roll-Small Formation,Hope round,5,35,4,-35,8,9,6.75,0,0,174,DF,1.5,1.5,1.5,0,0,0,0,0,0,-1,-1
2080,D,,Rock'n'Roll-Small Formation,Hope round,5,35,4,-35,8,9,6.75,0,0,174,FM,1,1.5,1.5,0,0,0,0,0,0,-1,-1
2080,D,,Rock'n'Roll-Small Formation,Hope round,6,20,4,-25,8,8,6.75,0,0,174,CO,1,2,1.5,0,0,0,0,0,0,-1,-1
2080,D,,Rock'n'Roll-Small Formation,Hope round,6,20,4,-25,8,8,6.75,0,0,174,DF,1.5,1.5,1,0,0,0,0,0,0,-1,-1
2080,D,,Rock'n'Roll-Small Formation,Hope round,6,20,4,-25,8,8,6.75,0,0,174,FM,1,1.5,1.5,0,0,0,0,0,0,-1,-1
2080,E,,Rock'n'Roll-Small Formation,Hope round,1,259,5,-50,7,9,5.25,-2,0,174,CO,1,1.5,1,0,0,0,0,0,0,-1,-1
2080,E,,Rock'n'Roll-Small Formation,Hope round,1,259,5,-50,7,9,5.25,-2,0,174,DF,1.5,2,1,0,0,0,0,0,0,-1,-1
2080,E,,Rock'n'Roll-Small Formation,Hope round,1,259,5,-50,7,9,5.25,-2,0,174,FM,0.5,2,1,0,0,0,0,0,0,-1,-1
2080,E,,Rock'n'Roll-Small Formation,Hope round,2,390,5,-50,10,9,8.25,0,0,174,CO,1.5,2,2,0,0,0,0,0,0,-1,-1
2080,E,,Rock'n'Roll-Small Formation,Hope round,2,390,5,-50,10,9,8.25,0,0,174,DF,2,1,1.5,0,0,0,0,0,0,-1,-1
2080,E,,Rock'n'Roll-Small Formation,Hope round,2,390,5,-50,10,9,8.25,0,0,174,FM,1.5,1.5,1.5,0,0,0,0,0,0,-1,-1
2080,E,,Rock'n'Roll-Small Formation,Hope round,3,180,5,-50,6,7,4.5,-2,0,174,CO,1,1,1,0,0,0,0,0,0,-1,-1
2080,E,,Rock'n'Roll-Small Formation,Hope round,3,180,5,-50,6,7,4.5,-2,0,174,FM,1,1,1,0,0,0,0,0,0,-1,-1
2080,E,,Rock'n'Roll-Small Formation,Hope round,3,180,5,-50,6,7,4.5,-2,0,174,DF,1,1,1.5,0,0,0,0,0,0,-1,-1
2080,E,,Rock'n'Roll-Small Formation,Hope round,4,335,5,-50,8,7,7.5,-4,0,174,CO,1,1.5,2,0,0,0,0,0,0,-1,-1
2080,E,,Rock'n'Roll-Small Formation,Hope round,4,335,5,-50,8,7,7.5,-4,0,174,DF,1,2,0.5,0,0,0,0,0,0,-1,-1
2080,E,,Rock'n'Roll-Small Formation,Hope round,4,335,5,-50,8,7,7.5,-4,0,174,FM,1,1.5,1.5,0,0,0,0,0,0,-1,-1
2080,E,,Rock'n'Roll-Small Formation,Hope round,5,35,5,-35,10,9,9,-2,0,174,CO,2,1.5,2,0,0,0,0,0,0,-1,-1
2080,E,,Rock'n'Roll-Small Formation,Hope round,5,35,5,-35,10,9,9,-2,0,174,DF,1.5,2,1,0,0,0,0,0,0,-1,-1
2080,E,,Rock'n'Roll-Small Formation,Hope round,5,35,5,-35,10,9,9,-2,0,174,FM,1.5,2,1.5,0,0,0,0,0,0,-1,-1
2080,E,,Rock'n'Roll-Small Formation,Hope round,6,20,5,-25,8,6,6,0,0,174,CO,1,1.5,1.5,0,0,0,0,0,0,-1,-1
2080,E,,Rock'n'Roll-Small Formation,Hope round,6,20,5,-25,8,6,6,0,0,174,DF,0.5,1.5,1,0,0,0,0,0,0,-1,-1
2080,E,,Rock'n'Roll-Small Formation,Hope round,6,20,5,-25,8,6,6,0,0,174,FM,1,1.5,1.5,0,0,0,0,0,0,-1,-1
2080,F,,Rock'n'Roll-Small Formation,Hope round,1,259,6,-25,6,7,6,0,0,174,CO,1.5,1.5,1,0,0,0,0,0,0,-1,-1
2080,F,,Rock'n'Roll-Small Formation,Hope round,1,259,6,-25,6,7,6,0,0,174,DF,1.5,1,1,0,0,0,0,0,0,-1,-1
2080,F,,Rock'n'Roll-Small Formation,Hope round,1,259,6,-25,6,7,6,0,0,174,FM,1,1,1,0,0,0,0,0,0,-1,-1
2080,F,,Rock'n'Roll-Small Formation,Hope round,2,390,6,-35,8,7,6,0,0,174,CO,1.5,1.5,1,0,0,0,0,0,0,-1,-1
2080,F,,Rock'n'Roll-Small Formation,Hope round,2,390,6,-35,8,7,6,0,0,174,DF,1.5,1,1,0,0,0,0,0,0,-1,-1
2080,F,,Rock'n'Roll-Small Formation,Hope round,2,390,6,-35,8,7,6,0,0,174,FM,1.5,1.5,1,0,0,0,0,0,0,-1,-1
2080,F,,Rock'n'Roll-Small Formation,Hope round,3,180,6,-50,6,6,3.75,0,0,174,CO,1,1,0.5,0,0,0,0,0,0,-1,-1
2080,F,,Rock'n'Roll-Small Formation,Hope round,3,180,6,-50,6,6,3.75,0,0,174,DF,1,1,1,0,0,0,0,0,0,-1,-1
2080,F,,Rock'n'Roll-Small Formation,Hope round,3,180,6,-50,6,6,3.75,0,0,174,FM,1,1,1,0,0,0,0,0,0,-1,-1
2080,F,,Rock'n'Roll-Small Formation,Hope round,4,335,6,-25,6,7,5.25,0,0,174,FM,1.5,1,0.5,0,0,0,0,0,0,-1,-1
2080,F,,Rock'n'Roll-Small Formation,Hope round,4,335,6,-25,6,7,5.25,0,0,174,CO,1.5,1.5,0.5,0,0,0,0,0,0,-1,-1
2080,F,,Rock'n'Roll-Small Formation,Hope round,4,335,6,-25,6,7,5.25,0,0,174,DF,1.5,1.5,0.5,0,0,0,0,0,0,-1,-1
2080,F,,Rock'n'Roll-Small Formation,Hope round,5,35,6,-15,7,8,6,0,0,174,FM,1.5,1,1,0,0,0,0,0,0,-1,-1
2080,F,,Rock'n'Roll-Small Formation,Hope round,5,35,6,-15,7,8,6,0,0,174,CO,1.5,1.5,1,0,0,0,0,0,0,-1,-1
2080,F,,Rock'n'Roll-Small Formation,Hope round,5,35,6,-15,7,8,6,0,0,174,DF,1.5,1.5,1,0,0,0,0,0,0,-1,-1
2080,F,,Rock'n'Roll-Small Formation,Hope round,6,20,6,-25,6,6,4.5,0,0,174,CO,1,1,1,0,0,0,0,0,0,-1,-1
2080,F,,Rock'n'Roll-Small Formation,Hope round,6,20,6,-25,6,6,4.5,0,0,174,DF,1,1,1,0,0,0,0,0,0,-1,-1
2080,F,,Rock'n'Roll-Small Formation,Hope round,6,20,6,-25,6,6,4.5,0,0,174,FM,1,1,1,0,0,0,0,0,0,-1,-1
2080,G,,Rock'n'Roll-Small Formation,Hope round,1,259,7,-50,6,9,6.75,0,-10,174,DF,1.5,1.5,1.5,0,0,0,0,0,0,-1,-1
2080,G,,Rock'n'Roll-Small Formation,Hope round,1,259,7,-50,6,9,6.75,0,-10,174,FM,0.5,1,1.5,0,0,0,0,0,0,-1,-1
2080,G,,Rock'n'Roll-Small Formation,Hope round,1,259,7,-50,6,9,6.75,0,-10,174,CO,1.5,1.5,1.5,0,0,0,0,0,0,-1,-1
2080,G,,Rock'n'Roll-Small Formation,Hope round,2,390,7,-50,9,9,5.25,0,0,174,DF,1.5,1.5,1.5,0,0,0,0,0,0,-1,-1
2080,G,,Rock'n'Roll-Small Formation,Hope round,2,390,7,-50,9,9,5.25,0,0,174,FM,1.5,1.5,1.5,0,0,0,0,0,0,-1,-1
2080,G,,Rock'n'Roll-Small Formation,Hope round,2,390,7,-50,9,9,5.25,0,0,174,CO,1,1.5,1,0,0,0,0,0,0,-1,-1
2080,G,,Rock'n'Roll-Small Formation,Hope round,3,180,7,-35,11,11,7.5,-2,0,174,CO,2,1.5,1.5,0,0,0,0,0,0,-1,-1
2080,G,,Rock'n'Roll-Small Formation,Hope round,3,180,7,-35,11,11,7.5,-2,0,174,DF,2,2,1.5,0,0,0,0,0,0,-1,-1
2080,G,,Rock'n'Roll-Small Formation,Hope round,3,180,7,-35,11,11,7.5,-2,0,174,FM,1.5,2,2,0,0,0,0,0,0,-1,-1
2080,G,,Rock'n'Roll-Small Formation,Hope round,4,335,7,-35,9,11,6.75,-2,0,174,CO,1.5,1.5,1.5,0,0,0,0,0,0,-1,-1
2080,G,,Rock'n'Roll-Small Formation,Hope round,4,335,7,-35,9,11,6.75,-2,0,174,DF,2,2,1.5,0,0,0,0,0,0,-1,-1
2080,G,,Rock'n'Roll-Small Formation,Hope round,4,335,7,-35,9,11,6.75,-2,0,174,FM,1.5,1.5,1.5,0,0,0,0,0,0,-1,-1
2080,G,,Rock'n'Roll-Small Formation,Hope round,5,35,7,-25,10,11,9,-2,0,174,CO,2,2,2,0,0,0,0,0,0,-1,-1
2080,G,,Rock'n'Roll-Small Formation,Hope round,5,35,7,-25,10,11,9,-2,0,174,DF,2,1.5,2,0,0,0,0,0,0,-1,-1
2080,G,,Rock'n'Roll-Small Formation,Hope round,5,35,7,-25,10,11,9,-2,0,174,FM,2,1.5,1.5,0,0,0,0,0,0,-1,-1
2080,G,,Rock'n'Roll-Small Formation,Hope round,6,20,7,-25,5,9,6.75,0,0,174,FM,1,1,0.5,0,0,0,0,0,0,-1,-1
2080,G,,Rock'n'Roll-Small Formation,Hope round,6,20,7,-25,5,9,6.75,0,0,174,CO,1.5,1.5,1,0,0,0,0,0,0,-1,-1
2080,G,,Rock'n'Roll-Small Formation,Hope round,6,20,7,-25,5,9,6.75,0,0,174,DF,1.5,1.5,1.5,0,0,0,0,0,0,-1,-1
2081,A,,Rock'n'Roll-Formation Juniors,First round,1,303,1,-35,9,8,7.5,-4,0,174,FM,1.5,1.5,1.5,0,0,0,0,0,0,-1,-1
2081,A,,Rock'n'Roll-Formation Juniors,First round,1,303,1,-35,9,8,7.5,-4,0,174,CO,2,1.5,1.5,0,0,0,0,0,0,-1,-1
2081,A,,Rock'n'Roll-Formation Juniors,First round,1,303,1,-35,9,8,7.5,-4,0,174,DF,1.5,1,1.5,0,0,0,0,0,0,-1,-1
2081,A,,Rock'n'Roll-Formation Juniors,First round,2,175,1,-25,9,9,8.25,0,0,174,CO,2,1.5,2,0,0,0,0,0,0,-1,-1
2081,A,,Rock'n'Roll-Formation Juniors,First round,2,175,1,-25,9,9,8.25,0,0,174,DF,1.5,1.5,1.5,0,0,0,0,0,0,-1,-1
2081,A,,Rock'n'Roll-Formation Juniors,First round,2,175,1,-25,9,9,8.25,0,0,174,FM,1.5,1.5,1.5,0,0,0,0,0,0,-1,-1
2081,A,,Rock'n'Roll-Formation Juniors,First round,3,313,1,-35,8,9,9,-2,0,174,CO,2,2,2,0,0,0,0,0,0,-1,-1
2081,A,,Rock'n'Roll-Formation Juniors,First round,3,313,1,-35,8,9,9,-2,0,174,DF,1.5,1.5,1.5,0,0,0,0,0,0,-1,-1
2081,A,,Rock'n'Roll-Formation Juniors,First round,3,313,1,-35,8,9,9,-2,0,174,FM,1,1.5,1.5,0,0,0,0,0,0,-1,-1
2081,A,,Rock'n'Roll-Formation Juniors,First round,4,67,1,-25,9,9,8.25,-2,0,174,CO,2,1.5,2,0,0,0,0,0,0,-1,-1
2081,A,,Rock'n'Roll-Formation Juniors,First round,4,67,1,-25,9,9,8.25,-2,0,174,DF,1.5,1.5,1.5,0,0,0,0,0,0,-1,-1
2081,A,,Rock'n'Roll-Formation Juniors,First round,4,67,1,-25,9,9,8.25,-2,0,174,FM,1.5,1.5,1.5,0,0,0,0,0,0,-1,-1
2081,A,,Rock'n'Roll-Formation Juniors,First round,5,144,1,-25,10,9,8.25,0,0,174,CO,2,1.5,2,0,0,0,0,0,0,-1,-1
2081,A,,Rock'n'Roll-Formation Juniors,First round,5,144,1,-25,10,9,8.25,0,0,174,DF,1.5,1.5,1.5,0,0,0,0,0,0,-1,-1
2081,A,,Rock'n'Roll-Formation Juniors,First round,5,144,1,-25,10,9,8.25,0,0,174,FM,1.5,2,1.5,0,0,0,0,0,0,-1,-1
2081,A,,Rock'n'Roll-Formation Juniors,First round,6,37,1,-25,12,12,9,0,0,174,CO,2,2,2,0,0,0,0,0,0,-1,-1
2081,A,,Rock'n'Roll-Formation Juniors,First round,6,37,1,-25,12,12,9,0,0,174,FM,2,2,2,0,0,0,0,0,0,-1,-1
2081,A,,Rock'n'Roll-Formation Juniors,First round,6,37,1,-25,12,12,9,0,0,174,DF,2,2,2,0,0,0,0,0,0,-1,-1
2081,A,,Rock'n'Roll-Formation Juniors,First round,7,65,1,-25,8,9,8.25,0,0,174,CO,2,1.5,2,0,0,0,0,0,0,-1,-1
2081,A,,Rock'n'Roll-Formation Juniors,First round,7,65,1,-25,8,9,8.25,0,0,174,DF,1.5,1.5,1.5,0,0,0,0,0,0,-1,-1
2081,A,,Rock'n'Roll-Formation Juniors,First round,7,65,1,-25,8,9,8.25,0,0,174,FM,1,1.5,1.5,0,0,0,0,0,0,-1,-1
2081,B,,Rock'n'Roll-Formation Juniors,First round,1,303,2,-50,3,5,5.25,-8,0,174,CO,1,1,1.5,0,0,0,0,0,0,-1,-1
2081,B,,Rock'n'Roll-Formation Juniors,First round,1,303,2,-50,3,5,5.25,-8,0,174,DF,0.5,0.5,1.5,0,0,0,0,0,0,-1,-1
2081,B,,Rock'n'Roll-Formation Juniors,First round,1,303,2,-50,3,5,5.25,-8,0,174,FM,0.5,1,0,0,0,0,0,0,0,-1,-1
2081,B,,Rock'n'Roll-Formation Juniors,First round,2,175,2,-35,8,9,6.75,-2,0,174,CO,1.5,1,2,0,0,0,0,0,0,-1,-1
2081,B,,Rock'n'Roll-Formation Juniors,First round,2,175,2,-35,8,9,6.75,-2,0,174,DF,1.5,1.5,1.5,0,0,0,0,0,0,-1,-1
2081,B,,Rock'n'Roll-Formation Juniors,First round,2,175,2,-35,8,9,6.75,-2,0,174,FM,1.5,1,1.5,0,0,0,0,0,0,-1,-1
2081,B,,Rock'n'Roll-Formation Juniors,First round,3,313,2,-50,6,5,3.75,-2,0,174,CO,1,1,0.5,0,0,0,0,0,0,-1,-1
2081,B,,Rock'n'Roll-Formation Juniors,First round,3,313,2,-50,6,5,3.75,-2,0,174,DF,0.5,1,1,0,0,0,0,0,0,-1,-1
2081,B,,Rock'n'Roll-Formation Juniors,First round,3,313,2,-50,6,5,3.75,-2,0,174,FM,1,1,1,0,0,0,0,0,0,-1,-1
2081,B,,Rock'n'Roll-Formation Juniors,First round,4,67,2,-50,7,6,6.75,-2,0,174,CO,1.5,1.5,1.5,0,0,0,0,0,0,-1,-1
2081,B,,Rock'n'Roll-Formation Juniors,First round,4,67,2,-50,7,6,6.75,-2,0,174,DF,1,1,1,0,0,0,0,0,0,-1,-1
2081,B,,Rock'n'Roll-Formation Juniors,First round,4,67,2,-50,7,6,6.75,-2,0,174,FM,1,1,1.5,0,0,0,0,0,0,-1,-1
2081,B,,Rock'n'Roll-Formation Juniors,First round,5,144,2,-15,11,11,6.75,0,0,174,CO,1.5,1.5,1.5,0,0,0,0,0,0,-1,-1
2081,B,,Rock'n'Roll-Formation Juniors,First round,5,144,2,-15,11,11,6.75,0,0,174,DF,2,1.5,2,0,0,0,0,0,0,-1,-1
2081,B,,Rock'n'Roll-Formation Juniors,First round,5,144,2,-15,11,11,6.75,0,0,174,FM,1.5,2,2,0,0,0,0,0,0,-1,-1
2081,B,,Rock'n'Roll-Formation Juniors,First round,6,37,2,-10,13,12,9,0,0,174,FM,2,2,2.5,0,0,0,0,0,0,-1,-1
2081,B,,Rock'n'Roll-Formation Juniors,First round,6,37,2,-10,13,12,9,0,0,174,CO,2,2,2,0,0,0,0,0,0,-1,-1
2081,B,,Rock'n'Roll-Formation Juniors,First round,6,37,2,-10,13,12,9,0,0,174,DF,2,2,2,0,0,0,0,0,0,-1,-1
2081,B,,Rock'n'Roll-Formation Juniors,First round,7,65,2,-25,11,10,8.25,0,0,174,FM,2,1.5,2,0,0,0,0,0,0,-1,-1
2081,B,,Rock'n'Roll-Formation Juniors,First round,7,65,2,-25,11,10,8.25,0,0,174,CO,2,1.5,2,0,0,0,0,0,0,-1,-1
2081,B,,Rock'n'Roll-Formation Juniors,First round,7,65,2,-25,11,10,8.25,0,0,174,DF,2,1.5,1.5,0,0,0,0,0,0,-1,-1
2081,C,,Rock'n'Roll-Formation Juniors,First round,1,303,3,-35,7,8,6,0,0,174,CO,1.5,1,1.5,0,0,0,0,0,0,-1,-1
2081,C,,Rock'n'Roll-Formation Juniors,First round,1,303,3,-35,7,8,6,0,0,174,DF,1.5,1,1.5,0,0,0,0,0,0,-1,-1
2081,C,,Rock'n'Roll-Formation Juniors,First round,1,303,3,-35,7,8,6,0,0,174,FM,1.5,1,1,0,0,0,0,0,0,-1,-1
2081,C,,Rock'n'Roll-Formation Juniors,First round,2,175,3,-35,8,8,6,0,0,174,FM,1.5,1,1.5,0,0,0,0,0,0,-1,-1
2081,C,,Rock'n'Roll-Formation Juniors,First round,2,175,3,-35,8,8,6,0,0,174,DF,1.5,1,1.5,0,0,0,0,0,0,-1,-1
2081,C,,Rock'n'Roll-Formation Juniors,First round,2,175,3,-35,8,8,6,0,0,174,CO,1,1.5,1.5,0,0,0,0,0,0,-1,-1
2081,C,,Rock'n'Roll-Formation Juniors,First round,3,313,3,-50,4,4,3,-2,0,174,DF,0.5,0.5,1,0,0,0,0,0,0,-1,-1
2081,C,,Rock'n'Roll-Formation Juniors,First round,3,313,3,-50,4,4,3,-2,0,174,FM,1,0.5,0.5,0,0,0,0,0,0,-1,-1
2081,C,,Rock'n'Roll-Formation Juniors,First round,3,313,3,-50,4,4,3,-2,0,174,CO,0.5,0.5,1,0,0,0,0,0,0,-1,-1
2081,C,,Rock'n'Roll-Formation Juniors,First round,4,67,3,-35,5,6,4.5,0,0,174,CO,1,1,1,0,0,0,0,0,0,-1,-1
2081,C,,Rock'n'Roll-Formation Juniors,First round,4,67,3,-35,5,6,4.5,0,0,174,DF,1,1,1,0,0,0,0,0,0,-1,-1
2081,C,,Rock'n'Roll-Formation Juniors,First round,4,67,3,-35,5,6,4.5,0,0,174,FM,1,0.5,1,0,0,0,0,0,0,-1,-1
2081,C,,Rock'n'Roll-Formation Juniors,First round,5,144,3,-25,10,9,8.25,0,0,174,CO,1.5,2,2,0,0,0,0,0,0,-1,-1
2081,C,,Rock'n'Roll-Formation Juniors,First round,5,144,3,-25,10,9,8.25,0,0,174,DF,1.5,1.5,1.5,0,0,0,0,0,0,-1,-1
2081,C,,Rock'n'Roll-Formation Juniors,First round,5,144,3,-25,10,9,8.25,0,0,174,FM,2,1.5,1.5,0,0,0,0,0,0,-1,-1
2081,C,,Rock'n'Roll-Formation Juniors,First round,6,37,3,-25,8,9,6.75,0,0,174,CO,1.5,1.5,1.5,0,0,0,0,0,0,-1,-1
2081,C,,Rock'n'Roll-Formation Juniors,First round,6,37,3,-25,8,9,6.75,0,0,174,DF,1.5,1.5,1.5,0,0,0,0,0,0,-1,-1
2081,C,,Rock'n'Roll-Formation Juniors,First round,6,37,3,-25,8,9,6.75,0,0,174,FM,1.5,1,1.5,0,0,0,0,0,0,-1,-1
2081,C,,Rock'n'Roll-Formation Juniors,First round,7,65,3,-35,9,9,6,0,0,174,FM,1.5,1.5,1.5,0,0,0,0,0,0,-1,-1
2081,C,,Rock'n'Roll-Formation Juniors,First round,7,65,3,-35,9,9,6,0,0,174,CO,1,1.5,1.5,0,0,0,0,0,0,-1,-1
2081,C,,Rock'n'Roll-Formation Juniors,First round,7,65,3,-35,9,9,6,0,0,174,DF,1.5,1.5,1.5,0,0,0,0,0,0,-1,-1
2081,D,,Rock'n'Roll-Formation Juniors,First round,1,303,4,-50,6,7,3,-6,0,174,FM,1,1,1,0,0,0,0,0,0,-1,-1
2081,D,,Rock'n'Roll-Formation Juniors,First round,1,303,4,-50,6,7,3,-6,0,174,CO,1,1,0,0,0,0,0,0,0,-1,-1
2081,D,,Rock'n'Roll-Formation Juniors,First round,1,303,4,-50,6,7,3,-6,0,174,DF,1.5,1,1,0,0,0,0,0,0,-1,-1
2081,D,,Rock'n'Roll-Formation Juniors,First round,2,175,4,-25,11,11,7.5,0,0,174,CO,1.5,1.5,2,0,0,0,0,0,0,-1,-1
2081,D,,Rock'n'Roll-Formation Juniors,First round,2,175,4,-25,11,11,7.5,0,0,174,DF,2,2,1.5,0,0,0,0,0,0,-1,-1
2081,D,,Rock'n'Roll-Formation Juniors,First round,2,175,4,-25,11,11,7.5,0,0,174,FM,1.5,2,2,0,0,0,0,0,0,-1,-1
2081,D,,Rock'n'Roll-Formation Juniors,First round,3,313,4,-50,6,6,5.25,-2,0,174,CO,1,1.5,1,0,0,0,0,0,0,-1,-1
2081,D,,Rock'n'Roll-Formation Juniors,First round,3,313,4,-50,6,6,5.25,-2,0,174,DF,1,1,1,0,0,0,0,0,0,-1,-1
2081,D,,Rock'n'Roll-Formation Juniors,First round,3,313,4,-50,6,6,5.25,-2,0,174,FM,1,1,1,0,0,0,0,0,0,-1,-1
2081,D,,Rock'n'Roll-Formation Juniors,First round,4,67,4,-35,8,9,6,0,0,174,CO,1.5,1.5,1,0,0,0,0,0,0,-1,-1
2081,D,,Rock'n'Roll-Formation Juniors,First round,4,67,4,-35,8,9,6,0,0,174,DF,1.5,1.5,1.5,0,0,0,0,0,0,-1,-1
2081,D,,Rock'n'Roll-Formation Juniors,First round,4,67,4,-35,8,9,6,0,0,174,FM,1,1.5,1.5,0,0,0,0,0,0,-1,-1
2081,D,,Rock'n'Roll-Formation Juniors,First round,5,144,4,-25,11,11,7.5,0,0,174,CO,1.5,2,1.5,0,0,0,0,0,0,-1,-1
2081,D,,Rock'n'Roll-Formation Juniors,First round,5,144,4,-25,11,11,7.5,0,0,174,DF,2,2,1.5,0,0,0,0,0,0,-1,-1
2081,D,,Rock'n'Roll-Formation Juniors,First round,5,144,4,-25,11,11,7.5,0,0,174,FM,1.5,2,2,0,0,0,0,0,0,-1,-1
2081,D,,Rock'n'Roll-Formation Juniors,First round,6,37,4,-15,12,13,9,0,0,174,CO,2,2,2,0,0,0,0,0,0,-1,-1
2081,D,,Rock'n'Roll-Formation Juniors,First round,6,37,4,-15,12,13,9,0,0,174,DF,2.5,2,2,0,0,0,0,0,0,-1,-1
2081,D,,Rock'n'Roll-Formation Juniors,First round,6,37,4,-15,12,13,9,0,0,174,FM,2,2,1.5,0,0,0,0,0,0,-1,-1
2081,D,,Rock'n'Roll-Formation Juniors,First round,7,65,4,-35,7,8,6,0,0,174,CO,1.5,1.5,1,0,0,0,0,0,0,-1,-1
2081,D,,Rock'n'Roll-Formation Juniors,First round,7,65,4,-35,7,8,6,0,0,174,DF,1.5,1.5,1,0,0,0,0,0,0,-1,-1
2081,D,,Rock'n'Roll-Formation Juniors,First round,7,65,4,-35,7,8,6,0,0,174,FM,1,1.5,1,0,0,0,0,0,0,-1,-1
2081,E,,Rock'n'Roll-Formation Juniors,First round,1,303,5,-35,8,6,6.75,-2,0,174,FM,0.5,1.5,2,0,0,0,0,0,0,-1,-1
2081,E,,Rock'n'Roll-Formation Juniors,First round,1,303,5,-35,8,6,6.75,-2,0,174,CO,1.5,1.5,1.5,0,0,0,0,0,0,-1,-1
2081,E,,Rock'n'Roll-Formation Juniors,First round,1,303,5,-35,8,6,6.75,-2,0,174,DF,1,1,1,0,0,0,0,0,0,-1,-1
2081,E,,Rock'n'Roll-Formation Juniors,First round,2,175,5,-35,10,9,9.75,-2,0,174,FM,2,1,2,0,0,0,0,0,0,-1,-1
2081,E,,Rock'n'Roll-Formation Juniors,First round,2,175,5,-35,10,9,9.75,-2,0,174,CO,2,2,2,0,0,0,0,0,0,-1,-1
2081,E,,Rock'n'Roll-Formation Juniors,First round,2,175,5,-35,10,9,9.75,-2,0,174,DF,1.5,1.5,1.5,0,0,0,0,0,0,-1,-1
2081,E,,Rock'n'Roll-Formation Juniors,First round,3,313,5,-50,5,5,4.5,-2,0,174,CO,1,1,1,0,0,0,0,0,0,-1,-1
2081,E,,Rock'n'Roll-Formation Juniors,First round,3,313,5,-50,5,5,4.5,-2,0,174,DF,0.5,1,1,0,0,0,0,0,0,-1,-1
2081,E,,Rock'n'Roll-Formation Juniors,First round,3,313,5,-50,5,5,4.5,-2,0,174,FM,0.5,1,1,0,0,0,0,0,0,-1,-1
2081,E,,Rock'n'Roll-Formation Juniors,First round,4,67,5,-35,12,10,6,0,0,174,FM,2,1.5,2.5,0,0,0,0,0,0,-1,-1
2081,E,,Rock'n'Roll-Formation Juniors,First round,4,67,5,-35,12,10,6,0,0,174,DF,1.5,1.5,2,0,0,0,0,0,0,-1,-1
2081,E,,Rock'n'Roll-Formation Juniors,First round,4,67,5,-35,12,10,6,0,0,174,CO,0.5,2,1.5,0,0,0,0,0,0,-1,-1
2081,E,,Rock'n'Roll-Formation Juniors,First round,5,144,5,-25,13,12,9.75,0,0,174,DF,2,2,2,0,0,0,0,0,0,-1,-1
2081,E,,Rock'n'Roll-Formation Juniors,First round,5,144,5,-25,13,12,9.75,0,0,174,FM,2,2,2,0,0,0,0,0,0,-1,-1
2081,E,,Rock'n'Roll-Formation Juniors,First round,5,144,5,-25,13,12,9.75,0,0,174,CO,2,2,2,0,0,0,0,0,0,-1,-1
2081,E,,Rock'n'Roll-Formation Juniors,First round,6,37,5,-15,14,14,9.75,0,0,174,CO,2,2,2.5,0,0,0,0,0,0,-1,-1
2081,E,,Rock'n'Roll-Formation Juniors,First round,6,37,5,-15,14,14,9.75,0,0,174,DF,2,2.5,2.5,0,0,0,0,0,0,-1,-1
2081,E,,Rock'n'Roll-Formation Juniors,First round,6,37,5,-15,14,14,9.75,0,0,174,FM,2.5,2,2,0,0,0,0,0,0,-1,-1
2081,E,,Rock'n'Roll-Formation Juniors,First round,7,65,5,-25,11,12,10.5,0,0,174,CO,1.5,2.5,2.5,0,0,0,0,0,0,-1,-1
2081,E,,Rock'n'Roll-Formation Juniors,First round,7,65,5,-25,11,12,10.5,0,0,174,DF,2,2,2,0,0,0,0,0,0,-1,-1
2081,E,,Rock'n'Roll-Formation Juniors,First round,7,65,5,-25,11,12,10.5,0,0,174,FM,2,2,1.5,0,0,0,0,0,0,-1,-1
2081,F,,Rock'n'Roll-Formation Juniors,First round,1,303,6,-35,5,5,4.5,-4,0,174,CO,1,1,1,0,0,0,0,0,0,-1,-1
2081,F,,Rock'n'Roll-Formation Juniors,First round,1,303,6,-35,5,5,4.5,-4,0,174,DF,1,0.5,1,0,0,0,0,0,0,-1,-1
2081,F,,Rock'n'Roll-Formation Juniors,First round,1,303,6,-35,5,5,4.5,-4,0,174,FM,1,0.5,1,0,0,0,0,0,0,-1,-1
2081,F,,Rock'n'Roll-Formation Juniors,First round,2,175,6,-15,11,7,6,0,0,174,FM,2,2,1.5,0,0,0,0,0,0,-1,-1
2081,F,,Rock'n'Roll-Formation Juniors,First round,2,175,6,-15,11,7,6,0,0,174,CO,1.5,1.5,1,0,0,0,0,0,0,-1,-1
2081,F,,Rock'n'Roll-Formation Juniors,First round,2,175,6,-15,11,7,6,0,0,174,DF,1,1.5,1,0,0,0,0,0,0,-1,-1
2081,F,,Rock'n'Roll-Formation Juniors,First round,3,313,6,-35,5,5,3.75,0,0,174,FM,1,1,0.5,0,0,0,0,0,0,-1,-1
2081,F,,Rock'n'Roll-Formation Juniors,First round,3,313,6,-35,5,5,3.75,0,0,174,DF,1,1,0.5,0,0,0,0,0,0,-1,-1
2081,F,,Rock'n'Roll-Formation Juniors,First round,3,313,6,-35,5,5,3.75,0,0,174,CO,1,1,0.5,0,0,0,0,0,0,-1,-1
2081,F,,Rock'n'Roll-Formation Juniors,First round,4,67,6,-25,6,7,6,0,0,174,CO,2,1,1,0,0,0,0,0,0,-1,-1
2081,F,,Rock'n'Roll-Formation Juniors,First round,4,67,6,-25,6,7,6,0,0,174,DF,1.5,1,1,0,0,0,0,0,0,-1,-1
2081,F,,Rock'n'Roll-Formation Juniors,First round,4,67,6,-25,6,7,6,0,0,174,FM,1,1,1,0,0,0,0,0,0,-1,-1
2081,F,,Rock'n'Roll-Formation Juniors,First round,5,144,6,-10,11,10,9,0,0,174,CO,2,2,2,0,0,0,0,0,0,-1,-1
2081,F,,Rock'n'Roll-Formation Juniors,First round,5,144,6,-10,11,10,9,0,0,174,DF,2,2,1,0,0,0,0,0,0,-1,-1
2081,F,,Rock'n'Roll-Formation Juniors,First round,5,144,6,-10,11,10,9,0,0,174,FM,2,2,1.5,0,0,0,0,0,0,-1,-1
2081,F,,Rock'n'Roll-Formation Juniors,First round,6,37,6,-5,14,14,10.5,0,0,174,CO,2.5,2.5,2,0,0,0,0,0,0,-1,-1
2081,F,,Rock'n'Roll-Formation Juniors,First round,6,37,6,-5,14,14,10.5,0,0,174,DF,2.5,2.5,2,0,0,0,0,0,0,-1,-1
2081,F,,Rock'n'Roll-Formation Juniors,First round,6,37,6,-5,14,14,10.5,0,0,174,FM,2.5,2.5,2,0,0,0,0,0,0,-1,-1
2081,F,,Rock'n'Roll-Formation Juniors,First round,7,65,6,-15,10,9,8.25,0,0,174,CO,2,2,1.5,0,0,0,0,0,0,-1,-1
2081,F,,Rock'n'Roll-Formation Juniors,First round,7,65,6,-15,10,9,8.25,0,0,174,DF,1.5,2,1,0,0,0,0,0,0,-1,-1
2081,F,,Rock'n'Roll-Formation Juniors,First round,7,65,6,-15,10,9,8.25,0,0,174,FM,2,2,1,0,0,0,0,0,0,-1,-1
2081,G,,Rock'n'Roll-Formation Juniors,First round,1,303,7,-35,6,6,4.5,-6,0,174,CO,1,1,1,0,0,0,0,0,0,-1,-1
2081,G,,Rock'n'Roll-Formation Juniors,First round,1,303,7,-35,6,6,4.5,-6,0,174,DF,1,1,1,0,0,0,0,0,0,-1,-1
2081,G,,Rock'n'Roll-Formation Juniors,First round,1,303,7,-35,6,6,4.5,-6,0,174,FM,1,1,1,0,0,0,0,0,0,-1,-1
2081,G,,Rock'n'Roll-Formation Juniors,First round,2,175,7,-35,10,12,8.25,0,0,174,CO,2,2,1.5,0,0,0,0,0,0,-1,-1
2081,G,,Rock'n'Roll-Formation Juniors,First round,2,175,7,-35,10,12,8.25,0,0,174,DF,2,2,2,0,0,0,0,0,0,-1,-1
2081,G,,Rock'n'Roll-Formation Juniors,First round,2,175,7,-35,10,12,8.25,0,0,174,FM,1.5,1.5,2,0,0,0,0,0,0,-1,-1
2081,G,,Rock'n'Roll-Formation Juniors,First round,3,313,7,-35,9,8,6,-2,0,174,FM,1.5,1.5,1.5,0,0,0,0,0,0,-1,-1
2081,G,,Rock'n'Roll-Formation Juniors,First round,3,313,7,-35,9,8,6,-2,0,174,CO,1,1.5,1.5,0,0,0,0,0,0,-1,-1
2081,G,,Rock'n'Roll-Formation Juniors,First round,3,313,7,-35,9,8,6,-2,0,174,DF,1,1.5,1.5,0,0,0,0,0,0,-1,-1
2081,G,,Rock'n'Roll-Formation Juniors,First round,4,67,7,-35,9,9,6.75,-2,0,174,FM,1.5,2,1,0,0,0,0,0,0,-1,-1
2081,G,,Rock'n'Roll-Formation Juniors,First round,4,67,7,-35,9,9,6.75,-2,0,174,CO,1.5,1.5,1.5,0,0,0,0,0,0,-1,-1
2081,G,,Rock'n'Roll-Formation Juniors,First round,4,67,7,-35,9,9,6.75,-2,0,174,DF,1.5,2,1,0,0,0,0,0,0,-1,-1
2081,G,,Rock'n'Roll-Formation Juniors,First round,5,144,7,-25,12,12,9,0,0,174,CO,2,2,2,0,0,0,0,0,0,-1,-1
2081,G,,Rock'n'Roll-Formation Juniors,First round,5,144,7,-25,12,12,9,0,0,174,DF,2,2,2,0,0,0,0,0,0,-1,-1
2081,G,,Rock'n'Roll-Formation Juniors,First round,5,144,7,-25,12,12,9,0,0,174,FM,2,2,2,0,0,0,0,0,0,-1,-1
2081,G,,Rock'n'Roll-Formation Juniors,First round,6,37,7,-15,14,14,11.25,0,0,174,DF,2.5,2,2.5,0,0,0,0,0,0,-1,-1
2081,G,,Rock'n'Roll-Formation Juniors,First round,6,37,7,-15,14,14,11.25,0,0,174,FM,2.5,2,2.5,0,0,0,0,0,0,-1,-1
2081,G,,Rock'n'Roll-Formation Juniors,First round,6,37,7,-15,14,14,11.25,0,0,174,CO,2.5,2.5,2,0,0,0,0,0,0,-1,-1
2081,G,,Rock'n'Roll-Formation Juniors,First round,7,65,7,-35,12,12,8.25,0,0,174,CO,1.5,2,2,0,0,0,0,0,0,-1,-1
2081,G,,Rock'n'Roll-Formation Juniors,First round,7,65,7,-35,12,12,8.25,0,0,174,DF,2,2,2,0,0,0,0,0,0,-1,-1
2081,G,,Rock'n'Roll-Formation Juniors,First round,7,65,7,-35,12,12,8.25,0,0,174,FM,2,2,2,0,0,0,0,0,0,-1,-1
2082,A,,Rock'n'Roll-Beginners,Final,1,290,1,-35,6.5,10,8,0,0,174,CO,1.5,1.5,1,0,0,0,0,0,0,-1,-1
2082,A,,Rock'n'Roll-Beginners,Final,1,290,1,-35,6.5,10,8,0,0,174,DF,1.5,1,1.5,0,0,0,0,0,0,-1,-1
2082,A,,Rock'n'Roll-Beginners,Final,2,279,1,-35,6.5,10,9,0,0,174,CO,2,1.5,1,0,0,0,0,0,0,-1,-1
2082,A,,Rock'n'Roll-Beginners,Final,2,279,1,-35,6.5,10,9,0,0,174,DF,1.5,1,1.5,0,0,0,0,0,0,-1,-1
2082,A,,Rock'n'Roll-Beginners,Final,3,276,1,-35,5,10,8,-4,0,174,CO,1.5,1.5,1,0,0,0,0,0,0,-1,-1
2082,A,,Rock'n'Roll-Beginners,Final,3,276,1,-35,5,10,8,-4,0,174,DF,1.5,1,1.5,0,0,0,0,0,0,-1,-1
2082,A,,Rock'n'Roll-Beginners,Final,4,114,1,-25,6.5,12.5,10,0,0,174,CO,2,2,1,0,0,0,0,0,0,-1,-1
2082,A,,Rock'n'Roll-Beginners,Final,4,114,1,-25,6.5,12.5,10,0,0,174,DF,2,1.5,1.5,0,0,0,0,0,0,-1,-1
2082,A,,Rock'n'Roll-Beginners,Final,5,293,1,-25,6.5,13.75,10,0,0,174,CO,2,2,1,0,0,0,0,0,0,-1,-1
2082,A,,Rock'n'Roll-Beginners,Final,5,293,1,-25,6.5,13.75,10,0,0,174,DF,2,2,1.5,0,0,0,0,0,0,-1,-1
2082,A,,Rock'n'Roll-Beginners,Final,6,289,1,-35,6.5,11.25,10,0,0,174,CO,2,2,1,0,0,0,0,0,0,-1,-1
2082,A,,Rock'n'Roll-Beginners,Final,6,289,1,-35,6.5,11.25,10,0,0,174,DF,1.5,1.5,1.5,0,0,0,0,0,0,-1,-1
2082,B,,Rock'n'Roll-Beginners,Final,1,290,2,-35,6.5,8.75,8,0,0,174,CO,1,1.5,1.5,0,0,0,0,0,0,-1,-1
2082,B,,Rock'n'Roll-Beginners,Final,1,290,2,-35,6.5,8.75,8,0,0,174,DF,1,1,1.5,0,0,0,0,0,0,-1,-1
2082,B,,Rock'n'Roll-Beginners,Final,2,279,2,-50,6.5,7.5,7,-6,0,174,CO,1,1,1.5,0,0,0,0,0,0,-1,-1
2082,B,,Rock'n'Roll-Beginners,Final,2,279,2,-50,6.5,7.5,7,-6,0,174,DF,1,1,1,0,0,0,0,0,0,-1,-1
2082,B,,Rock'n'Roll-Beginners,Final,3,276,2,-50,2.5,7.5,9,-6,0,174,CO,1.5,1.5,1.5,0,0,0,0,0,0,-1,-1
2082,B,,Rock'n'Roll-Beginners,Final,3,276,2,-50,2.5,7.5,9,-6,0,174,DF,1.5,0.5,1,0,0,0,0,0,0,-1,-1
2082,B,,Rock'n'Roll-Beginners,Final,4,114,2,-35,5,10,10,-2,0,174,CO,1.5,2,1.5,0,0,0,0,0,0,-1,-1
2082,B,,Rock'n'Roll-Beginners,Final,4,114,2,-35,5,10,10,-2,0,174,DF,1,1.5,1.5,0,0,0,0,0,0,-1,-1
2082,B,,Rock'n'Roll-Beginners,Final,5,293,2,-25,5,13.75,8,-2,0,174,DF,2,1.5,2,0,0,0,0,0,0,-1,-1
2082,B,,Rock'n'Roll-Beginners,Final,5,293,2,-25,5,13.75,8,-2,0,174,CO,1,1.5,1.5,0,0,0,0,0,0,-1,-1
2082,B,,Rock'n'Roll-Beginners,Final,6,289,2,-35,8.5,11.25,11,0,0,174,CO,2,2,1.5,0,0,0,0,0,0,-1,-1
2082,B,,Rock'n'Roll-Beginners,Final,6,289,2,-35,8.5,11.25,11,0,0,174,DF,1.5,1.5,1.5,0,0,0,0,0,0,-1,-1
2082,C,,Rock'n'Roll-Beginners,Final,1,290,3,-35,5,8.75,7,0,0,174,CO,1,1,1.5,0,0,0,0,0,0,-1,-1
2082,C,,Rock'n'Roll-Beginners,Final,1,290,3,-35,5,8.75,7,0,0,174,DF,1,1,1.5,0,0,0,0,0,0,-1,-1
2082,C,,Rock'n'Roll-Beginners,Final,2,279,3,-35,5,8.75,7,-2,0,174,CO,1,1.5,1,0,0,0,0,0,0,-1,-1
2082,C,,Rock'n'Roll-Beginners,Final,2,279,3,-35,5,8.75,7,-2,0,174,DF,1.5,1,1,0,0,0,0,0,0,-1,-1
2082,C,,Rock'n'Roll-Beginners,Final,3,276,3,-50,2.5,8.75,6,-2,0,174,CO,1,1,1,0,0,0,0,0,0,-1,-1
2082,C,,Rock'n'Roll-Beginners,Final,3,276,3,-50,2.5,8.75,6,-2,0,174,DF,1.5,1,1,0,0,0,0,0,0,-1,-1
2082,C,,Rock'n'Roll-Beginners,Final,4,114,3,-25,6.5,11.25,7,0,0,174,CO,1.5,1,1,0,0,0,0,0,0,-1,-1
2082,C,,Rock'n'Roll-Beginners,Final,4,114,3,-25,6.5,11.25,7,0,0,174,DF,1.5,1.5,1.5,0,0,0,0,0,0,-1,-1
2082,C,,Rock'n'Roll-Beginners,Final,5,293,3,-35,2.5,12.5,9,0,0,174,CO,1.5,1.5,1.5,0,0,0,0,0,0,-1,-1
2082,C,,Rock'n'Roll-Beginners,Final,5,293,3,-35,2.5,12.5,9,0,0,174,DF,2,1.5,1.5,0,0,0,0,0,0,-1,-1
2082,C,,Rock'n'Roll-Beginners,Final,6,289,3,-35,6.5,11.25,7,0,0,174,CO,1,1.5,1,0,0,0,0,0,0,-1,-1
2082,C,,Rock'n'Roll-Beginners,Final,6,289,3,-35,6.5,11.25,7,0,0,174,DF,1.5,1.5,1.5,0,0,0,0,0,0,-1,-1
2082,D,,Rock'n'Roll-Beginners,Final,1,290,4,-50,5,10,7,0,0,174,DF,1,1.5,1.5,0,0,0,0,0,0,-1,-1
2082,D,,Rock'n'Roll-Beginners,Final,1,290,4,-50,5,10,7,0,0,174,CO,1,1.5,1,0,0,0,0,0,0,-1,-1
2082,D,,Rock'n'Roll-Beginners,Final,2,279,4,-25,5,11.25,7,0,0,174,CO,1,1.5,1,0,0,0,0,0,0,-1,-1
2082,D,,Rock'n'Roll-Beginners,Final,2,279,4,-25,5,11.25,7,0,0,174,DF,1.5,1.5,1.5,0,0,0,0,0,0,-1,-1
2082,D,,Rock'n'Roll-Beginners,Final,3,276,4,-50,0,7.5,4,-4,0,174,CO,1,0.5,0.5,0,0,0,0,0,0,-1,-1
2082,D,,Rock'n'Roll-Beginners,Final,3,276,4,-50,0,7.5,4,-4,0,174,DF,1.5,0.5,1,0,0,0,0,0,0,-1,-1
2082,D,,Rock'n'Roll-Beginners,Final,4,114,4,-35,6.5,12.5,9,0,0,174,CO,1.5,2,1,0,0,0,0,0,0,-1,-1
2082,D,,Rock'n'Roll-Beginners,Final,4,114,4,-35,6.5,12.5,9,0,0,174,DF,2,1.5,1.5,0,0,0,0,0,0,-1,-1
2082,D,,Rock'n'Roll-Beginners,Final,5,293,4,-35,2.5,13.75,9,0,0,174,CO,1.5,1.5,1.5,0,0,0,0,0,0,-1,-1
2082,D,,Rock'n'Roll-Beginners,Final,5,293,4,-35,2.5,13.75,9,0,0,174,DF,2,2,1.5,0,0,0,0,0,0,-1,-1
2082,D,,Rock'n'Roll-Beginners,Final,6,289,4,-25,6.5,12.5,9,0,0,174,CO,1.5,1.5,1.5,0,0,0,0,0,0,-1,-1
2082,D,,Rock'n'Roll-Beginners,Final,6,289,4,-25,6.5,12.5,9,0,0,174,DF,2,1.5,1.5,0,0,0,0,0,0,-1,-1
2082,E,,Rock'n'Roll-Beginners,Final,1,290,5,-25,6.5,13.75,9,-2,0,174,CO,1,2,1.5,0,0,0,0,0,0,-1,-1
2082,E,,Rock'n'Roll-Beginners,Final,1,290,5,-25,6.5,13.75,9,-2,0,174,DF,1.5,2,2,0,0,0,0,0,0,-1,-1
2082,E,,Rock'n'Roll-Beginners,Final,2,279,5,-35,6.5,11.25,7,-2,0,174,CO,1,1.5,1,0,0,0,0,0,0,-1,-1
2082,E,,Rock'n'Roll-Beginners,Final,2,279,5,-35,6.5,11.25,7,-2,0,174,DF,1,1.5,2,0,0,0,0,0,0,-1,-1
2082,E,,Rock'n'Roll-Beginners,Final,3,276,5,-35,2.5,6.25,7,-8,0,174,DF,1,0.5,1,0,0,0,0,0,0,-1,-1
2082,E,,Rock'n'Roll-Beginners,Final,3,276,5,-35,2.5,6.25,7,-8,0,174,CO,1,1.5,1,0,0,0,0,0,0,-1,-1
2082,E,,Rock'n'Roll-Beginners,Final,4,114,5,-35,5,12.5,5,-4,0,174,CO,1,0.5,1,0,0,0,0,0,0,-1,-1
2082,E,,Rock'n'Roll-Beginners,Final,4,114,5,-35,5,12.5,5,-4,0,174,DF,2,1,2,0,0,0,0,0,0,-1,-1
2082,E,,Rock'n'Roll-Beginners,Final,5,293,5,-15,5,11.25,10,-2,0,174,CO,1,1.5,2.5,0,0,0,0,0,0,-1,-1
2082,E,,Rock'n'Roll-Beginners,Final,5,293,5,-15,5,11.25,10,-2,0,174,DF,2,1,1.5,0,0,0,0,0,0,-1,-1
2082,E,,Rock'n'Roll-Beginners,Final,6,289,5,-25,7.5,16.25,9,-2,0,174,CO,1,1.5,2,0,0,0,0,0,0,-1,-1
2082,E,,Rock'n'Roll-Beginners,Final,6,289,5,-25,7.5,16.25,9,-2,0,174,DF,2.5,1.5,2,0,0,0,0,0,0,-1,-1
2082,F,,Rock'n'Roll-Beginners,Final,1,290,6,-35,6.5,10,7,0,0,174,CO,1.5,1,1,0,0,0,0,0,0,-1,-1
2082,F,,Rock'n'Roll-Beginners,Final,1,290,6,-35,6.5,10,7,0,0,174,DF,2,1,1,0,0,0,0,0,0,-1,-1
2082,F,,Rock'n'Roll-Beginners,Final,2,279,6,-35,6.5,7.5,7,0,0,174,CO,1.5,1,1,0,0,0,0,0,0,-1,-1
2082,F,,Rock'n'Roll-Beginners,Final,2,279,6,-35,6.5,7.5,7,0,0,174,DF,1,1,1,0,0,0,0,0,0,-1,-1
2082,F,,Rock'n'Roll-Beginners,Final,3,276,6,-35,5,7.5,6,-4,0,174,CO,1.5,1,0.5,0,0,0,0,0,0,-1,-1
2082,F,,Rock'n'Roll-Beginners,Final,3,276,6,-35,5,7.5,6,-4,0,174,DF,1.5,0.5,1,0,0,0,0,0,0,-1,-1
2082,F,,Rock'n'Roll-Beginners,Final,4,114,6,-15,7.5,11.25,8,0,0,174,CO,2,1,1,0,0,0,0,0,0,-1,-1
2082,F,,Rock'n'Roll-Beginners,Final,4,114,6,-15,7.5,11.25,8,0,0,174,DF,2,1,1.5,0,0,0,0,0,0,-1,-1
2082,F,,Rock'n'Roll-Beginners,Final,5,293,6,-15,6.5,12.5,9,0,0,174,CO,2,1.5,1,0,0,0,0,0,0,-1,-1
2082,F,,Rock'n'Roll-Beginners,Final,5,293,6,-15,6.5,12.5,9,0,0,174,DF,2.5,1,1.5,0,0,0,0,0,0,-1,-1
2082,F,,Rock'n'Roll-Beginners,Final,6,289,6,-35,6.5,7.5,7,0,0,174,CO,1.5,1,1,0,0,0,0,0,0,-1,-1
2082,F,,Rock'n'Roll-Beginners,Final,6,289,6,-35,6.5,7.5,7,0,0,174,DF,1,1,1,0,0,0,0,0,0,-1,-1
2082,G,,Rock'n'Roll-Beginners,Final,1,290,7,-25,6.5,8.75,7,0,0,174,DF,1.5,1,1,0,0,0,0,0,0,-1,-1
2082,G,,Rock'n'Roll-Beginners,Final,1,290,7,-25,6.5,8.75,7,0,0,174,CO,1.5,1,1,0,0,0,0,0,0,-1,-1
2082,G,,Rock'n'Roll-Beginners,Final,2,279,7,-25,6.5,10,7,-2,0,174,DF,1.5,1,1.5,0,0,0,0,0,0,-1,-1
2082,G,,Rock'n'Roll-Beginners,Final,2,279,7,-25,6.5,10,7,-2,0,174,CO,1,1.5,1,0,0,0,0,0,0,-1,-1
2082,G,,Rock'n'Roll-Beginners,Final,3,276,7,-25,5,12.5,9,0,0,174,CO,1.5,1.5,1.5,0,0,0,0,0,0,-1,-1
2082,G,,Rock'n'Roll-Beginners,Final,3,276,7,-25,5,12.5,9,0,0,174,DF,2,1,2,0,0,0,0,0,0,-1,-1
2082,G,,Rock'n'Roll-Beginners,Final,4,114,7,-25,6.5,16.25,13,0,0,174,CO,2.5,2,2,0,0,0,0,0,0,-1,-1
2082,G,,Rock'n'Roll-Beginners,Final,4,114,7,-25,6.5,16.25,13,0,0,174,DF,2.5,2,2,0,0,0,0,0,0,-1,-1
2082,G,,Rock'n'Roll-Beginners,Final,5,293,7,-10,6.5,18.75,14,0,0,174,DF,2.5,2.5,2.5,0,0,0,0,0,0,-1,-1
2082,G,,Rock'n'Roll-Beginners,Final,5,293,7,-10,6.5,18.75,14,0,0,174,CO,2.5,2.5,2,0,0,0,0,0,0,-1,-1
2082,G,,Rock'n'Roll-Beginners,Final,6,289,7,-25,6.5,15,12,0,0,174,CO,2,2,2,0,0,0,0,0,0,-1,-1
2082,G,,Rock'n'Roll-Beginners,Final,6,289,7,-25,6.5,15,12,0,0,174,DF,2,2,2,0,0,0,0,0,0,-1,-1
2083,A,,Rock'n'Roll-Juveniles,First round,1,3,1,-25,7.5,12.5,10,0,0,174,CO,2,2,1,0,0,0,0,0,0,-1,-1
2083,A,,Rock'n'Roll-Juveniles,First round,1,3,1,-25,7.5,12.5,10,0,0,174,DF,2,1.5,1.5,0,0,0,0,0,0,-1,-1
2083,A,,Rock'n'Roll-Juveniles,First round,1,193,1,-35,6.5,12.5,10,0,0,174,CO,2,2,1,0,0,0,0,0,0,-1,-1
2083,A,,Rock'n'Roll-Juveniles,First round,1,193,1,-35,6.5,12.5,10,0,0,174,DF,1.5,2,1.5,0,0,0,0,0,0,-1,-1
2083,A,,Rock'n'Roll-Juveniles,First round,2,57,1,-35,6.5,11.25,9,0,0,174,CO,1.5,2,1,0,0,0,0,0,0,-1,-1
2083,A,,Rock'n'Roll-Juveniles,First round,2,57,1,-35,6.5,11.25,9,0,0,174,DF,1.5,1.5,1.5,0,0,0,0,0,0,-1,-1
2083,A,,Rock'n'Roll-Juveniles,First round,2,27,1,-25,7.5,12.5,10,0,0,174,CO,2,2,1,0,0,0,0,0,0,-1,-1
2083,A,,Rock'n'Roll-Juveniles,First round,2,27,1,-25,7.5,12.5,10,0,0,174,DF,2,1.5,1.5,0,0,0,0,0,0,-1,-1
2083,A,,Rock'n'Roll-Juveniles,First round,3,134,1,-15,8.5,13.75,10,0,0,174,DF,2,2,1.5,0,0,0,0,0,0,-1,-1
2083,A,,Rock'n'Roll-Juveniles,First round,3,182,1,-25,7.5,11.25,10,0,0,174,CO,2,2,1,0,0,0,0,0,0,-1,-1
2083,A,,Rock'n'Roll-Juveniles,First round,3,182,1,-25,7.5,11.25,10,0,0,174,DF,1.5,1.5,1.5,0,0,0,0,0,0,-1,-1
2083,A,,Rock'n'Roll-Juveniles,First round,3,134,1,-15,8.5,13.75,10,0,0,174,CO,2,2,1,0,0,0,0,0,0,-1,-1
2083,A,,Rock'n'Roll-Juveniles,First round,4,7,1,-35,6.5,10,8,0,0,174,CO,1.5,1.5,1,0,0,0,0,0,0,-1,-1
2083,A,,Rock'n'Roll-Juveniles,First round,4,7,1,-35,6.5,10,8,0,0,174,DF,1.5,1,1.5,0,0,0,0,0,0,-1,-1
2083,B,,Rock'n'Roll-Juveniles,First round,1,3,2,-5,8.5,15,11,0,0,174,CO,2,2,1.5,0,0,0,0,0,0,-1,-1
2083,B,,Rock'n'Roll-Juveniles,First round,1,193,2,-25,6.5,11.25,6,-2,0,174,DF,1.5,1.5,1.5,0,0,0,0,0,0,-1,-1
2083,B,,Rock'n'Roll-Juveniles,First round,1,3,2,-5,8.5,15,11,0,0,174,DF,2,2,2,0,0,0,0,0,0,-1,-1
2083,B,,Rock'n'Roll-Juveniles,First round,1,193,2,-25,6.5,11.25,6,-2,0,174,CO,1,1,1,0,0,0,0,0,0,-1,-1
2083,B,,Rock'n'Roll-Juveniles,First round,2,57,2,-15,8.5,8.75,8,0,0,174,DF,1,1,1.5,0,0,0,0,0,0,-1,-1
2083,B,,Rock'n'Roll-Juveniles,First round,2,27,2,-10,9,15,10,0,0,174,CO,2,1.5,1.5,0,0,0,0,0,0,-1,-1
2083,B,,Rock'n'Roll-Juveniles,First round,2,27,2,-10,9,15,10,0,0,174,DF,2,2,2,0,0,0,0,0,0,-1,-1
2083,B,,Rock'n'Roll-Juveniles,First round,2,57,2,-15,8.5,8.75,8,0,0,174,CO,1.5,1.5,1,0,0,0,0,0,0,-1,-1
2083,B,,Rock'n'Roll-Juveniles,First round,3,182,2,-10,9.5,17.5,10,0,0,174,DF,2,2.5,2.5,0,0,0,0,0,0,-1,-1
2083,B,,Rock'n'Roll-Juveniles,First round,3,182,2,-10,9.5,17.5,10,0,0,174,CO,1.5,1.5,2,0,0,0,0,0,0,-1,-1
2083,B,,Rock'n'Roll-Juveniles,First round,3,134,2,-15,9,15,9,0,0,174,CO,1.5,1.5,1.5,0,0,0,0,0,0,-1,-1
2083,B,,Rock'n'Roll-Juveniles,First round,3,134,2,-15,9,15,9,0,0,174,DF,2,2,2,0,0,0,0,0,0,-1,-1
2083,B,,Rock'n'Roll-Juveniles,First round,4,7,2,-25,5,10,7,0,0,174,CO,1.5,1,1,0,0,0,0,0,0,-1,-1
2083,B,,Rock'n'Roll-Juveniles,First round,4,7,2,-25,5,10,7,0,0,174,DF,1,1.5,1.5,0,0,0,0,0,0,-1,-1
2083,C,,Rock'n'Roll-Juveniles,First round,1,3,3,-15,7.5,12.5,10,0,0,174,CO,2,1.5,1.5,0,0,0,0,0,0,-1,-1
2083,C,,Rock'n'Roll-Juveniles,First round,1,3,3,-15,7.5,12.5,10,0,0,174,DF,1.5,2,1.5,0,0,0,0,0,0,-1,-1
2083,C,,Rock'n'Roll-Juveniles,First round,1,193,3,-25,6.5,8.75,7,0,0,174,CO,1.5,1,1,0,0,0,0,0,0,-1,-1
2083,C,,Rock'n'Roll-Juveniles,First round,1,193,3,-25,6.5,8.75,7,0,0,174,DF,1,1,1.5,0,0,0,0,0,0,-1,-1
2083,C,,Rock'n'Roll-Juveniles,First round,2,27,3,-15,8.5,12.5,10,0,0,174,CO,1.5,2,1.5,0,0,0,0,0,0,-1,-1
2083,C,,Rock'n'Roll-Juveniles,First round,2,27,3,-15,8.5,12.5,10,0,0,174,DF,1.5,2,1.5,0,0,0,0,0,0,-1,-1
2083,C,,Rock'n'Roll-Juveniles,First round,2,57,3,-25,6.5,10,7,0,0,174,CO,1.5,1,1,0,0,0,0,0,0,-1,-1
2083,C,,Rock'n'Roll-Juveniles,First round,2,57,3,-25,6.5,10,7,0,0,174,DF,1.5,1,1.5,0,0,0,0,0,0,-1,-1
2083,C,,Rock'n'Roll-Juveniles,First round,3,182,3,-25,8.5,13.75,9,0,0,174,DF,2,2,1.5,0,0,0,0,0,0,-1,-1
2083,C,,Rock'n'Roll-Juveniles,First round,3,134,3,-25,7.5,11.25,9,0,0,174,CO,1.5,1.5,1.5,0,0,0,0,0,0,-1,-1
2083,C,,Rock'n'Roll-Juveniles,First round,3,134,3,-25,7.5,11.25,9,0,0,174,DF,1.5,1.5,1.5,0,0,0,0,0,0,-1,-1
2083,C,,Rock'n'Roll-Juveniles,First round,3,182,3,-25,8.5,13.75,9,0,0,174,CO,1.5,1.5,1.5,0,0,0,0,0,0,-1,-1
2083,C,,Rock'n'Roll-Juveniles,First round,4,7,3,-35,6.5,11.25,6,0,0,174,DF,1.5,1.5,1.5,0,0,0,0,0,0,-1,-1
2083,C,,Rock'n'Roll-Juveniles,First round,4,7,3,-35,6.5,11.25,6,0,0,174,CO,1,1,1,0,0,0,0,0,0,-1,-1
2083,D,,Rock'n'Roll-Juveniles,First round,1,3,4,-25,7.5,13.75,10,0,0,174,CO,1.5,2,1.5,0,0,0,0,0,0,-1,-1
2083,D,,Rock'n'Roll-Juveniles,First round,1,3,4,-25,7.5,13.75,10,0,0,174,DF,2,2,1.5,0,0,0,0,0,0,-1,-1
2083,D,,Rock'n'Roll-Juveniles,First round,1,193,4,-25,6.5,11.25,9,0,0,174,CO,1.5,1.5,1.5,0,0,0,0,0,0,-1,-1
2083,D,,Rock'n'Roll-Juveniles,First round,1,193,4,-25,6.5,11.25,9,0,0,174,DF,1.5,1.5,1.5,0,0,0,0,0,0,-1,-1
2083,D,,Rock'n'Roll-Juveniles,First round,2,27,4,-15,8.5,13.75,11,0,0,174,CO,2,2,1.5,0,0,0,0,0,0,-1,-1
2083,D,,Rock'n'Roll-Juveniles,First round,2,57,4,-35,6.5,10,7,0,0,174,DF,1.5,1.5,1,0,0,0,0,0,0,-1,-1
2083,D,,Rock'n'Roll-Juveniles,First round,2,27,4,-15,8.5,13.75,11,0,0,174,DF,2,2,1.5,0,0,0,0,0,0,-1,-1
2083,D,,Rock'n'Roll-Juveniles,First round,2,57,4,-35,6.5,10,7,0,0,174,CO,1.5,1,1,0,0,0,0,0,0,-1,-1
2083,D,,Rock'n'Roll-Juveniles,First round,3,134,4,-25,7.5,12.5,10,0,0,174,CO,1.5,2,1.5,0,0,0,0,0,0,-1,-1
2083,D,,Rock'n'Roll-Juveniles,First round,3,134,4,-25,7.5,12.5,10,0,0,174,DF,1.5,2,1.5,0,0,0,0,0,0,-1,-1
2083,D,,Rock'n'Roll-Juveniles,First round,3,182,4,-25,7.5,15,9,0,0,174,CO,1.5,2,1,0,0,0,0,0,0,-1,-1
2083,D,,Rock'n'Roll-Juveniles,First round,3,182,4,-25,7.5,15,9,0,0,174,DF,2,2,2,0,0,0,0,0,0,-1,-1
2083,D,,Rock'n'Roll-Juveniles,First round,4,7,4,-35,2.5,8.75,8,0,0,174,CO,1.5,1.5,1,0,0,0,0,0,0,-1,-1
2083,D,,Rock'n'Roll-Juveniles,First round,4,7,4,-35,2.5,8.75,8,0,0,174,DF,1,1,1.5,0,0,0,0,0,0,-1,-1
2083,E,,Rock'n'Roll-Juveniles,First round,1,3,5,-15,8.5,16.25,13,0,0,174,CO,2,2,2.5,0,0,0,0,0,0,-1,-1
2083,E,,Rock'n'Roll-Juveniles,First round,1,3,5,-15,8.5,16.25,13,0,0,174,DF,2,2,2,0,0,0,0,0,0,-1,-1
2083,E,,Rock'n'Roll-Juveniles,First round,1,193,5,-25,7.5,11.25,9,0,0,174,CO,1.5,1.5,1.5,0,0,0,0,0,0,-1,-1
2083,E,,Rock'n'Roll-Juveniles,First round,1,193,5,-25,7.5,11.25,9,0,0,174,DF,1.5,1.5,1.5,0,0,0,0,0,0,-1,-1
2083,E,,Rock'n'Roll-Juveniles,First round,2,57,5,-35,6.5,10,9,0,0,174,CO,1,1.5,2,0,0,0,0,0,0,-1,-1
2083,E,,Rock'n'Roll-Juveniles,First round,2,57,5,-35,6.5,10,9,0,0,174,DF,1.5,1,1.5,0,0,0,0,0,0,-1,-1
2083,E,,Rock'n'Roll-Juveniles,First round,2,27,5,-15,7.5,16.25,10,0,0,174,DF,1.5,2.5,2,0,0,0,0,0,0,-1,-1
2083,E,,Rock'n'Roll-Juveniles,First round,2,27,5,-15,7.5,16.25,10,0,0,174,CO,1.5,2,1.5,0,0,0,0,0,0,-1,-1
2083,E,,Rock'n'Roll-Juveniles,First round,3,134,5,-15,8.5,13.75,12,0,0,174,DF,2,2,1.5,0,0,0,0,0,0,-1,-1
2083,E,,Rock'n'Roll-Juveniles,First round,3,182,5,-10,8.5,17.5,14,0,0,174,CO,2,2.5,2.5,0,0,0,0,0,0,-1,-1
2083,E,,Rock'n'Roll-Juveniles,First round,3,182,5,-10,8.5,17.5,14,0,0,174,DF,2.5,2,2,0,0,0,0,0,0,-1,-1
2083,E,,Rock'n'Roll-Juveniles,First round,3,134,5,-15,8.5,13.75,12,0,0,174,CO,2,2,2,0,0,0,0,0,0,-1,-1
2083,E,,Rock'n'Roll-Juveniles,First round,4,7,5,-25,6.5,12.5,8,0,0,174,CO,1,1,2,0,0,0,0,0,0,-1,-1
2083,E,,Rock'n'Roll-Juveniles,First round,4,7,5,-25,6.5,12.5,8,0,0,174,DF,1.5,1.5,1.5,0,0,0,0,0,0,-1,-1
2083,F,,Rock'n'Roll-Juveniles,First round,1,193,6,-15,7.5,10,8,0,0,174,DF,2,1,1,0,0,0,0,0,0,-1,-1
2083,F,,Rock'n'Roll-Juveniles,First round,1,3,6,-25,7.5,8.75,7,0,0,174,CO,1.5,1,1,0,0,0,0,0,0,-1,-1
2083,F,,Rock'n'Roll-Juveniles,First round,1,3,6,-25,7.5,8.75,7,0,0,174,DF,1.5,1,1,0,0,0,0,0,0,-1,-1
2083,F,,Rock'n'Roll-Juveniles,First round,1,193,6,-15,7.5,10,8,0,0,174,CO,1.5,1.5,1,0,0,0,0,0,0,-1,-1
2083,F,,Rock'n'Roll-Juveniles,First round,2,27,6,-10,9,13.75,10,0,0,174,CO,2,1.5,1.5,0,0,0,0,0,0,-1,-1
2083,F,,Rock'n'Roll-Juveniles,First round,2,27,6,-10,9,13.75,10,0,0,174,DF,2,2,1.5,0,0,0,0,0,0,-1,-1
2083,F,,Rock'n'Roll-Juveniles,First round,2,57,6,-35,6.5,5,7,0,0,174,CO,1,1.5,1,0,0,0,0,0,0,-1,-1
2083,F,,Rock'n'Roll-Juveniles,First round,2,57,6,-35,6.5,5,7,0,0,174,DF,1,0.5,0.5,0,0,0,0,0,0,-1,-1
2083,F,,Rock'n'Roll-Juveniles,First round,3,182,6,-25,7.5,10,8,0,0,174,CO,1.5,1.5,1,0,0,0,0,0,0,-1,-1
2083,F,,Rock'n'Roll-Juveniles,First round,3,182,6,-25,7.5,10,8,0,0,174,DF,2,1,1,0,0,0,0,0,0,-1,-1
2083,F,,Rock'n'Roll-Juveniles,First round,3,134,6,-15,8.5,13.75,11,0,0,174,DF,2,2,1.5,0,0,0,0,0,0,-1,-1
2083,F,,Rock'n'Roll-Juveniles,First round,3,134,6,-15,8.5,13.75,11,0,0,174,CO,2,2,1.5,0,0,0,0,0,0,-1,-1
2083,F,,Rock'n'Roll-Juveniles,First round,4,7,6,-35,5,5,5,0,0,174,DF,1,0.5,0.5,0,0,0,0,0,0,-1,-1
2083,F,,Rock'n'Roll-Juveniles,First round,4,7,6,-35,5,5,5,0,0,174,CO,1,1,0.5,0,0,0,0,0,0,-1,-1
2083,G,,Rock'n'Roll-Juveniles,First round,1,193,7,-25,7.5,10,8,0,0,174,DF,1.5,1,1.5,0,0,0,0,0,0,-1,-1
2083,G,,Rock'n'Roll-Juveniles,First round,1,3,7,-15,7.5,15,12,0,0,174,CO,2,2,2,0,0,0,0,0,0,-1,-1
2083,G,,Rock'n'Roll-Juveniles,First round,1,3,7,-15,7.5,15,12,0,0,174,DF,2,2,2,0,0,0,0,0,0,-1,-1
2083,G,,Rock'n'Roll-Juveniles,First round,1,193,7,-25,7.5,10,8,0,0,174,CO,1.5,1,1.5,0,0,0,0,0,0,-1,-1
2083,G,,Rock'n'Roll-Juveniles,First round,2,57,7,-35,7.5,10,9,0,0,174,DF,1.5,1,1.5,0,0,0,0,0,0,-1,-1
2083,G,,Rock'n'Roll-Juveniles,First round,2,57,7,-35,7.5,10,9,0,0,174,CO,1.5,1.5,1.5,0,0,0,0,0,0,-1,-1
2083,G,,Rock'n'Roll-Juveniles,First round,2,27,7,-25,8.5,16.25,13,0,0,174,CO,2.5,2,2,0,0,0,0,0,0,-1,-1
2083,G,,Rock'n'Roll-Juveniles,First round,2,27,7,-25,8.5,16.25,13,0,0,174,DF,2,2.5,2,0,0,0,0,0,0,-1,-1
2083,G,,Rock'n'Roll-Juveniles,First round,3,134,7,-15,7.5,15,12,0,0,174,CO,2,2,2,0,0,0,0,0,0,-1,-1
2083,G,,Rock'n'Roll-Juveniles,First round,3,134,7,-15,7.5,15,12,0,0,174,DF,2,2,2,0,0,0,0,0,0,-1,-1
2083,G,,Rock'n'Roll-Juveniles,First round,3,182,7,-10,7.5,18.75,15,0,0,174,CO,2.5,2.5,2.5,0,0,0,0,0,0,-1,-1
2083,G,,Rock'n'Roll-Juveniles,First round,3,182,7,-10,7.5,18.75,15,0,0,174,DF,2.5,2.5,2.5,0,0,0,0,0,0,-1,-1
2083,G,,Rock'n'Roll-Juveniles,First round,4,7,7,-15,7.5,10,8,0,0,174,CO,1.5,1.5,1,0,0,0,0,0,0,-1,-1
2083,G,,Rock'n'Roll-Juveniles,First round,4,7,7,-15,7.5,10,8,0,0,174,DF,1.5,1.5,1,0,0,0,0,0,0,-1,-1
2084,B,F,Rock'n'Roll-Main Class Contact Style,First round,1,179,2,-5,9.5,12.5,9,0,0,174,CO,1.5,1.5,1.5,0,0,0,0,0,0,-1,-1
2084,B,F,Rock'n'Roll-Main Class Contact Style,First round,1,179,2,-5,9.5,12.5,9,0,0,174,DF,2,1.5,1.5,0,0,0,0,0,0,-1,-1
2084,B,F,Rock'n'Roll-Main Class Contact Style,First round,1,430,2,-5,9.5,15,11,0,0,174,CO,1.5,2,2,0,0,0,0,0,0,-1,-1
2084,B,F,Rock'n'Roll-Main Class Contact Style,First round,1,430,2,-5,9.5,15,11,0,0,174,DF,2,2,2,0,0,0,0,0,0,-1,-1
2084,B,F,Rock'n'Roll-Main Class Contact Style,First round,2,283,2,-35,7.5,10,8,0,0,174,DF,1.5,1.5,1,0,0,0,0,0,0,-1,-1
2084,B,F,Rock'n'Roll-Main Class Contact Style,First round,2,28,2,-50,5,13.75,11,0,0,174,CO,1.5,2,2,0,0,0,0,0,0,-1,-1
2084,B,F,Rock'n'Roll-Main Class Contact Style,First round,2,28,2,-50,5,13.75,11,0,0,174,DF,1.5,2,2,0,0,0,0,0,0,-1,-1
2084,B,F,Rock'n'Roll-Main Class Contact Style,First round,2,283,2,-35,7.5,10,8,0,0,174,CO,1.5,1.5,1,0,0,0,0,0,0,-1,-1
2084,B,F,Rock'n'Roll-Main Class Contact Style,First round,3,236,2,-35,7.5,12.5,9,0,0,174,CO,1.5,2,1,0,0,0,0,0,0,-1,-1
2084,B,F,Rock'n'Roll-Main Class Contact Style,First round,3,236,2,-35,7.5,12.5,9,0,0,174,DF,1.5,2,1.5,0,0,0,0,0,0,-1,-1
2084,B,F,Rock'n'Roll-Main Class Contact Style,First round,3,494,2,-15,9,12.5,11,0,0,174,CO,2,1.5,2,0,0,0,0,0,0,-1,-1
2084,B,F,Rock'n'Roll-Main Class Contact Style,First round,3,494,2,-15,9,12.5,11,0,0,174,DF,1.5,2,1.5,0,0,0,0,0,0,-1,-1
2084,B,F,Rock'n'Roll-Main Class Contact Style,First round,4,495,2,-10,9.5,15,12,0,0,174,CO,2,2,2,0,0,0,0,0,0,-1,-1
2084,B,F,Rock'n'Roll-Main Class Contact Style,First round,4,495,2,-10,9.5,15,12,0,0,174,DF,2,2,2,0,0,0,0,0,0,-1,-1
2084,E,F,Rock'n'Roll-Main Class Contact Style,First round,1,179,5,-15,8.5,15,8,0,0,174,CO,1,2,1,0,0,0,0,0,0,-1,-1
2084,E,F,Rock'n'Roll-Main Class Contact Style,First round,1,430,5,-15,8.5,17.5,11,0,0,174,DF,2,2,2.5,0,0,0,0,0,0,-1,-1
2084,E,F,Rock'n'Roll-Main Class Contact Style,First round,1,179,5,-15,8.5,15,8,0,0,174,DF,1,2.5,2,0,0,0,0,0,0,-1,-1
2084,E,F,Rock'n'Roll-Main Class Contact Style,First round,1,430,5,-15,8.5,17.5,11,0,0,174,CO,1.5,1.5,2.5,0,0,0,0,0,0,-1,-1
2084,E,F,Rock'n'Roll-Main Class Contact Style,First round,2,283,5,-35,6.5,11.25,6,-2,0,174,DF,1,2,1,0,0,0,0,0,0,-1,-1
2084,E,F,Rock'n'Roll-Main Class Contact Style,First round,2,28,5,-25,7.5,16.25,13,-2,0,174,CO,1.5,2,2.5,0,0,0,0,0,0,-1,-1
2084,E,F,Rock'n'Roll-Main Class Contact Style,First round,2,28,5,-25,7.5,16.25,13,-2,0,174,DF,1.5,2,2.5,0,0,0,0,0,0,-1,-1
2084,E,F,Rock'n'Roll-Main Class Contact Style,First round,2,283,5,-35,6.5,11.25,6,-2,0,174,CO,1,1,1,0,0,0,0,0,0,-1,-1
2084,E,F,Rock'n'Roll-Main Class Contact Style,First round,3,494,5,-25,8.5,17.5,12,0,0,174,DF,2,2.5,2,0,0,0,0,0,0,-1,-1
2084,E,F,Rock'n'Roll-Main Class Contact Style,First round,3,494,5,-25,8.5,17.5,12,0,0,174,CO,2,2,2,0,0,0,0,0,0,-1,-1
2084,E,F,Rock'n'Roll-Main Class Contact Style,First round,3,236,5,-35,6.5,11.25,8,0,0,174,CO,1,1,1.5,0,0,0,0,0,0,-1,-1
2084,E,F,Rock'n'Roll-Main Class Contact Style,First round,3,236,5,-35,6.5,11.25,8,0,0,174,DF,1.5,1.5,1,0,0,0,0,0,0,-1,-1
2084,E,F,Rock'n'Roll-Main Class Contact Style,First round,4,495,5,-15,8.5,16.25,11,-2,0,174,CO,1.5,1.5,2,0,0,0,0,0,0,-1,-1
2084,E,F,Rock'n'Roll-Main Class Contact Style,First round,4,495,5,-15,8.5,16.25,11,-2,0,174,DF,2.5,1.5,2,0,0,0,0,0,0,-1,-1
2084,F,F,Rock'n'Roll-Main Class Contact Style,First round,1,179,6,-25,7.5,10,6,0,0,174,CO,1,1,1,0,0,0,0,0,0,-1,-1
2084,F,F,Rock'n'Roll-Main Class Contact Style,First round,1,179,6,-25,7.5,10,6,0,0,174,DF,1.5,1.5,1,0,0,0,0,0,0,-1,-1
2084,F,F,Rock'n'Roll-Main Class Contact Style,First round,1,430,6,-15,7.5,7.5,6,0,0,174,CO,1,1,1,0,0,0,0,0,0,-1,-1
2084,F,F,Rock'n'Roll-Main Class Contact Style,First round,1,430,6,-15,7.5,7.5,6,0,0,174,DF,1,1,1,0,0,0,0,0,0,-1,-1
2084,F,F,Rock'n'Roll-Main Class Contact Style,First round,2,28,6,-35,6.5,8.75,6,0,0,174,CO,1,1,1,0,0,0,0,0,0,-1,-1
2084,F,F,Rock'n'Roll-Main Class Contact Style,First round,2,28,6,-35,6.5,8.75,6,0,0,174,DF,1.5,1,1,0,0,0,0,0,0,-1,-1
2084,F,F,Rock'n'Roll-Main Class Contact Style,First round,2,283,6,-15,8.5,8.75,8,0,0,174,CO,1.5,1.5,1,0,0,0,0,0,0,-1,-1
2084,F,F,Rock'n'Roll-Main Class Contact Style,First round,2,283,6,-15,8.5,8.75,8,0,0,174,DF,1.5,1,1,0,0,0,0,0,0,-1,-1
2084,F,F,Rock'n'Roll-Main Class Contact Style,First round,3,236,6,-25,6.5,7.5,6,0,0,174,CO,1,1,1,0,0,0,0,0,0,-1,-1
2084,F,F,Rock'n'Roll-Main Class Contact Style,First round,3,494,6,-25,7.5,7.5,5,0,0,174,DF,1.5,0.5,1,0,0,0,0,0,0,-1,-1
2084,F,F,Rock'n'Roll-Main Class Contact Style,First round,3,494,6,-25,7.5,7.5,5,0,0,174,CO,1,1,0.5,0,0,0,0,0,0,-1,-1
2084,F,F,Rock'n'Roll-Main Class Contact Style,First round,3,236,6,-25,6.5,7.5,6,0,0,174,DF,1,1,1,0,0,0,0,0,0,-1,-1
2084,F,F,Rock'n'Roll-Main Class Contact Style,First round,4,495,6,-15,8.5,11.25,11,0,0,174,CO,2,2,1.5,0,0,0,0,0,0,-1,-1
2084,F,F,Rock'n'Roll-Main Class Contact Style,First round,4,495,6,-15,8.5,11.25,11,0,0,174,DF,2,1.5,1,0,0,0,0,0,0,-1,-1
2084,G,F,Rock'n'Roll-Main Class Contact Style,First round,1,179,7,-25,8.5,15,12,0,0,174,CO,2,2,2,0,0,0,0,0,0,-1,-1
2084,G,F,Rock'n'Roll-Main Class Contact Style,First round,1,179,7,-25,8.5,15,12,0,0,174,DF,2,2,2,0,0,0,0,0,0,-1,-1
2084,G,F,Rock'n'Roll-Main Class Contact Style,First round,1,430,7,-15,9,13.75,11,0,0,174,CO,2,1.5,2,0,0,0,0,0,0,-1,-1
2084,G,F,Rock'n'Roll-Main Class Contact Style,First round,1,430,7,-15,9,13.75,11,0,0,174,DF,2,1.5,2,0,0,0,0,0,0,-1,-1
2084,G,F,Rock'n'Roll-Main Class Contact Style,First round,2,28,7,-10,9,16.25,12,0,0,174,CO,2,2,2,0,0,0,0,0,0,-1,-1
2084,G,F,Rock'n'Roll-Main Class Contact Style,First round,2,28,7,-10,9,16.25,12,0,0,174,DF,2,2.5,2,0,0,0,0,0,0,-1,-1
2084,G,F,Rock'n'Roll-Main Class Contact Style,First round,2,283,7,-25,7.5,8.75,7,0,0,174,CO,1,1.5,1,0,0,0,0,0,0,-1,-1
2084,G,F,Rock'n'Roll-Main Class Contact Style,First round,2,283,7,-25,7.5,8.75,7,0,0,174,DF,1,1,1.5,0,0,0,0,0,0,-1,-1
2084,G,F,Rock'n'Roll-Main Class Contact Style,First round,3,494,7,-10,9.5,15,9,0,0,174,CO,1.5,1.5,1.5,0,0,0,0,0,0,-1,-1
2084,G,F,Rock'n'Roll-Main Class Contact Style,First round,3,494,7,-10,9.5,15,9,0,0,174,DF,2,2,2,0,0,0,0,0,0,-1,-1
2084,G,F,Rock'n'Roll-Main Class Contact Style,First round,3,236,7,-25,7.5,11.25,9,0,0,174,CO,1.5,1.5,1.5,0,0,0,0,0,0,-1,-1
2084,G,F,Rock'n'Roll-Main Class Contact Style,First round,3,236,7,-25,7.5,11.25,9,0,0,174,DF,1.5,1.5,1.5,0,0,0,0,0,0,-1,-1
2084,G,F,Rock'n'Roll-Main Class Contact Style,First round,4,495,7,-5,9.5,17.5,11,0,0,174,CO,2,1.5,2,0,0,0,0,0,0,-1,-1
2084,G,F,Rock'n'Roll-Main Class Contact Style,First round,4,495,7,-5,9.5,17.5,11,0,0,174,DF,2.5,2,2.5,0,0,0,0,0,0,-1,-1
2086,A,,Rock'n'Roll-Small Formation Juniors,Final,1,105,1,-50,7,7,6.75,-4,0,174,CO,1.5,1.5,1.5,0,0,0,0,0,0,-1,-1
2086,A,,Rock'n'Roll-Small Formation Juniors,Final,1,105,1,-50,7,7,6.75,-4,0,174,DF,1,1,1.5,0,0,0,0,0,0,-1,-1
2086,A,,Rock'n'Roll-Small Formation Juniors,Final,1,105,1,-50,7,7,6.75,-4,0,174,FM,1,1,1.5,0,0,0,0,0,0,-1,-1
2086,A,,Rock'n'Roll-Small Formation Juniors,Final,2,115,1,-25,10,11,8.25,-2,0,174,CO,2,1.5,2,0,0,0,0,0,0,-1,-1
2086,A,,Rock'n'Roll-Small Formation Juniors,Final,2,115,1,-25,10,11,8.25,-2,0,174,DF,2,1.5,2,0,0,0,0,0,0,-1,-1
2086,A,,Rock'n'Roll-Small Formation Juniors,Final,2,115,1,-25,10,11,8.25,-2,0,174,FM,1.5,2,1.5,0,0,0,0,0,0,-1,-1
2086,A,,Rock'n'Roll-Small Formation Juniors,Final,3,151,1,-50,8,9,7.5,-6,0,174,CO,1.5,1.5,2,0,0,0,0,0,0,-1,-1
2086,A,,Rock'n'Roll-Small Formation Juniors,Final,3,151,1,-50,8,9,7.5,-6,0,174,DF,1.5,1.5,1.5,0,0,0,0,0,0,-1,-1
2086,A,,Rock'n'Roll-Small Formation Juniors,Final,3,151,1,-50,8,9,7.5,-6,0,174,FM,1,1.5,1.5,0,0,0,0,0,0,-1,-1
2086,A,,Rock'n'Roll-Small Formation Juniors,Final,4,174,1,-25,10,10,9,0,0,174,CO,2,2,2,0,0,0,0,0,0,-1,-1
2086,A,,Rock'n'Roll-Small Formation Juniors,Final,4,174,1,-25,10,10,9,0,0,174,DF,1.5,2,1.5,0,0,0,0,0,0,-1,-1
2086,A,,Rock'n'Roll-Small Formation Juniors,Final,4,174,1,-25,10,10,9,0,0,174,FM,1.5,1.5,2,0,0,0,0,0,0,-1,-1
2086,A,,Rock'n'Roll-Small Formation Juniors,Final,5,281,1,-35,9,10,8.25,-4,0,174,FM,1.5,1.5,1.5,0,0,0,0,0,0,-1,-1
2086,A,,Rock'n'Roll-Small Formation Juniors,Final,5,281,1,-35,9,10,8.25,-4,0,174,CO,2,1.5,2,0,0,0,0,0,0,-1,-1
2086,A,,Rock'n'Roll-Small Formation Juniors,Final,5,281,1,-35,9,10,8.25,-4,0,174,DF,1.5,2,1.5,0,0,0,0,0,0,-1,-1
2086,A,,Rock'n'Roll-Small Formation Juniors,Final,6,295,1,-35,6,6,6.75,-4,0,174,CO,1.5,1.5,1.5,0,0,0,0,0,0,-1,-1
2086,A,,Rock'n'Roll-Small Formation Juniors,Final,6,295,1,-35,6,6,6.75,-4,0,174,DF,1,1,1,0,0,0,0,0,0,-1,-1
2086,A,,Rock'n'Roll-Small Formation Juniors,Final,6,295,1,-35,6,6,6.75,-4,0,174,FM,1,1,1,0,0,0,0,0,0,-1,-1
2086,B,,Rock'n'Roll-Small Formation Juniors,Final,1,105,2,-35,6,5,5.25,-2,0,174,CO,1,1.5,1,0,0,0,0,0,0,-1,-1
2086,B,,Rock'n'Roll-Small Formation Juniors,Final,1,105,2,-35,6,5,5.25,-2,0,174,DF,0.5,1,1,0,0,0,0,0,0,-1,-1
2086,B,,Rock'n'Roll-Small Formation Juniors,Final,1,105,2,-35,6,5,5.25,-2,0,174,FM,1,1,1,0,0,0,0,0,0,-1,-1
2086,B,,Rock'n'Roll-Small Formation Juniors,Final,2,115,2,-50,6,8,5.25,-4,0,174,CO,1,1,1.5,0,0,0,0,0,0,-1,-1
2086,B,,Rock'n'Roll-Small Formation Juniors,Final,2,115,2,-50,6,8,5.25,-4,0,174,DF,1,1.5,1.5,0,0,0,0,0,0,-1,-1
2086,B,,Rock'n'Roll-Small Formation Juniors,Final,2,115,2,-50,6,8,5.25,-4,0,174,FM,1,1,1,0,0,0,0,0,0,-1,-1
2086,B,,Rock'n'Roll-Small Formation Juniors,Final,3,151,2,-35,7,7,6,-2,0,174,CO,1,1.5,1.5,0,0,0,0,0,0,-1,-1
2086,B,,Rock'n'Roll-Small Formation Juniors,Final,3,151,2,-35,7,7,6,-2,0,174,DF,1,1.5,1,0,0,0,0,0,0,-1,-1
2086,B,,Rock'n'Roll-Small Formation Juniors,Final,3,151,2,-35,7,7,6,-2,0,174,FM,1,1,1.5,0,0,0,0,0,0,-1,-1
2086,B,,Rock'n'Roll-Small Formation Juniors,Final,4,174,2,-15,11,11,6,0,0,174,CO,1.5,1,1.5,0,0,0,0,0,0,-1,-1
2086,B,,Rock'n'Roll-Small Formation Juniors,Final,4,174,2,-15,11,11,6,0,0,174,DF,2,1.5,2,0,0,0,0,0,0,-1,-1
2086,B,,Rock'n'Roll-Small Formation Juniors,Final,4,174,2,-15,11,11,6,0,0,174,FM,2,1.5,2,0,0,0,0,0,0,-1,-1
2086,B,,Rock'n'Roll-Small Formation Juniors,Final,5,281,2,-35,11,10,8.25,0,0,174,CO,2,1.5,2,0,0,0,0,0,0,-1,-1
2086,B,,Rock'n'Roll-Small Formation Juniors,Final,5,281,2,-35,11,10,8.25,0,0,174,DF,1.5,2,1.5,0,0,0,0,0,0,-1,-1
2086,B,,Rock'n'Roll-Small Formation Juniors,Final,5,281,2,-35,11,10,8.25,0,0,174,FM,1.5,2,2,0,0,0,0,0,0,-1,-1
2086,B,,Rock'n'Roll-Small Formation Juniors,Final,6,295,2,-50,6,7,3,-6,0,174,FM,1,1,1,0,0,0,0,0,0,-1,-1
2086,B,,Rock'n'Roll-Small Formation Juniors,Final,6,295,2,-50,6,7,3,-6,0,174,CO,1,0.5,0.5,0,0,0,0,0,0,-1,-1
2086,B,,Rock'n'Roll-Small Formation Juniors,Final,6,295,2,-50,6,7,3,-6,0,174,DF,1,1,1.5,0,0,0,0,0,0,-1,-1
2086,C,,Rock'n'Roll-Small Formation Juniors,Final,1,105,3,-50,7,6,4.5,-2,0,174,FM,1,1,1.5,0,0,0,0,0,0,-1,-1
2086,C,,Rock'n'Roll-Small Formation Juniors,Final,1,105,3,-50,7,6,4.5,-2,0,174,CO,1,1,1,0,0,0,0,0,0,-1,-1
2086,C,,Rock'n'Roll-Small Formation Juniors,Final,1,105,3,-50,7,6,4.5,-2,0,174,DF,1,1,1,0,0,0,0,0,0,-1,-1
2086,C,,Rock'n'Roll-Small Formation Juniors,Final,2,115,3,-50,7,7,5.25,0,0,174,CO,1.5,1,1,0,0,0,0,0,0,-1,-1
2086,C,,Rock'n'Roll-Small Formation Juniors,Final,2,115,3,-50,7,7,5.25,0,0,174,DF,1.5,1,1,0,0,0,0,0,0,-1,-1
2086,C,,Rock'n'Roll-Small Formation Juniors,Final,2,115,3,-50,7,7,5.25,0,0,174,FM,1.5,0.5,1.5,0,0,0,0,0,0,-1,-1
2086,C,,Rock'n'Roll-Small Formation Juniors,Final,3,151,3,-50,9,8,5.25,-2,0,174,FM,2,1,1.5,0,0,0,0,0,0,-1,-1
2086,C,,Rock'n'Roll-Small Formation Juniors,Final,3,151,3,-50,9,8,5.25,-2,0,174,DF,1.5,1,1.5,0,0,0,0,0,0,-1,-1
2086,C,,Rock'n'Roll-Small Formation Juniors,Final,3,151,3,-50,9,8,5.25,-2,0,174,CO,1.5,1,1,0,0,0,0,0,0,-1,-1
2086,C,,Rock'n'Roll-Small Formation Juniors,Final,4,174,3,-25,11,12,9,0,0,174,DF,2,2,2,0,0,0,0,0,0,-1,-1
2086,C,,Rock'n'Roll-Small Formation Juniors,Final,4,174,3,-25,11,12,9,0,0,174,FM,2,1.5,2,0,0,0,0,0,0,-1,-1
2086,C,,Rock'n'Roll-Small Formation Juniors,Final,4,174,3,-25,11,12,9,0,0,174,CO,2,2,2,0,0,0,0,0,0,-1,-1
2086,C,,Rock'n'Roll-Small Formation Juniors,Final,5,281,3,-50,8,9,6.75,0,0,174,CO,1.5,1.5,1.5,0,0,0,0,0,0,-1,-1
2086,C,,Rock'n'Roll-Small Formation Juniors,Final,5,281,3,-50,8,9,6.75,0,0,174,DF,1.5,1.5,1.5,0,0,0,0,0,0,-1,-1
2086,C,,Rock'n'Roll-Small Formation Juniors,Final,5,281,3,-50,8,9,6.75,0,0,174,FM,1.5,1,1.5,0,0,0,0,0,0,-1,-1
2086,C,,Rock'n'Roll-Small Formation Juniors,Final,6,295,3,-75,6,5,4.5,-2,0,174,CO,1,1,1,0,0,0,0,0,0,-1,-1
2086,C,,Rock'n'Roll-Small Formation Juniors,Final,6,295,3,-75,6,5,4.5,-2,0,174,DF,1,0.5,1,0,0,0,0,0,0,-1,-1
2086,C,,Rock'n'Roll-Small Formation Juniors,Final,6,295,3,-75,6,5,4.5,-2,0,174,FM,1,0.5,1.5,0,0,0,0,0,0,-1,-1
2086,D,,Rock'n'Roll-Small Formation Juniors,Final,1,105,4,-35,4,6,5.25,0,0,174,CO,1,1,1.5,0,0,0,0,0,0,-1,-1
2086,D,,Rock'n'Roll-Small Formation Juniors,Final,1,105,4,-35,4,6,5.25,0,0,174,DF,1,1,1,0,0,0,0,0,0,-1,-1
2086,D,,Rock'n'Roll-Small Formation Juniors,Final,1,105,4,-35,4,6,5.25,0,0,174,FM,0.5,1,0.5,0,0,0,0,0,0,-1,-1
2086,D,,Rock'n'Roll-Small Formation Juniors,Final,2,115,4,-35,7,9,5.25,0,0,174,FM,1,1.5,1,0,0,0,0,0,0,-1,-1
2086,D,,Rock'n'Roll-Small Formation Juniors,Final,2,115,4,-35,7,9,5.25,0,0,174,CO,1,1,1.5,0,0,0,0,0,0,-1,-1
2086,D,,Rock'n'Roll-Small Formation Juniors,Final,2,115,4,-35,7,9,5.25,0,0,174,DF,1.5,1.5,1.5,0,0,0,0,0,0,-1,-1
2086,D,,Rock'n'Roll-Small Formation Juniors,Final,3,151,4,-35,9,8,6.75,0,0,174,FM,1.5,1.5,1.5,0,0,0,0,0,0,-1,-1
2086,D,,Rock'n'Roll-Small Formation Juniors,Final,3,151,4,-35,9,8,6.75,0,0,174,CO,1.5,1.5,1.5,0,0,0,0,0,0,-1,-1
2086,D,,Rock'n'Roll-Small Formation Juniors,Final,3,151,4,-35,9,8,6.75,0,0,174,DF,1.5,1,1.5,0,0,0,0,0,0,-1,-1
2086,D,,Rock'n'Roll-Small Formation Juniors,Final,4,174,4,-15,10,12,7.5,0,0,174,CO,1.5,1.5,2,0,0,0,0,0,0,-1,-1
2086,D,,Rock'n'Roll-Small Formation Juniors,Final,4,174,4,-15,10,12,7.5,0,0,174,DF,2,2,2,0,0,0,0,0,0,-1,-1
2086,D,,Rock'n'Roll-Small Formation Juniors,Final,4,174,4,-15,10,12,7.5,0,0,174,FM,1.5,2,1.5,0,0,0,0,0,0,-1,-1
2086,D,,Rock'n'Roll-Small Formation Juniors,Final,5,281,4,-25,11,11,8.25,0,0,174,CO,1.5,2,2,0,0,0,0,0,0,-1,-1
2086,D,,Rock'n'Roll-Small Formation Juniors,Final,5,281,4,-25,11,11,8.25,0,0,174,DF,2,2,1.5,0,0,0,0,0,0,-1,-1
2086,D,,Rock'n'Roll-Small Formation Juniors,Final,5,281,4,-25,11,11,8.25,0,0,174,FM,1.5,2,2,0,0,0,0,0,0,-1,-1
2086,D,,Rock'n'Roll-Small Formation Juniors,Final,6,295,4,-75,4,4,3.75,-8,0,174,CO,1,0.5,1,0,0,0,0,0,0,-1,-1
2086,D,,Rock'n'Roll-Small Formation Juniors,Final,6,295,4,-75,4,4,3.75,-8,0,174,DF,0.5,0.5,1,0,0,0,0,0,0,-1,-1
2086,D,,Rock'n'Roll-Small Formation Juniors,Final,6,295,4,-75,4,4,3.75,-8,0,174,FM,0.5,1,0.5,0,0,0,0,0,0,-1,-1
2086,E,,Rock'n'Roll-Small Formation Juniors,Final,1,105,5,-50,6,5,3.75,-2,0,174,CO,1,1,0.5,0,0,0,0,0,0,-1,-1
2086,E,,Rock'n'Roll-Small Formation Juniors,Final,1,105,5,-50,6,5,3.75,-2,0,174,DF,0.5,1,1,0,0,0,0,0,0,-1,-1
2086,E,,Rock'n'Roll-Small Formation Juniors,Final,1,105,5,-50,6,5,3.75,-2,0,174,FM,1,1,1,0,0,0,0,0,0,-1,-1
2086,E,,Rock'n'Roll-Small Formation Juniors,Final,2,115,5,-35,6,8,6,-2,0,174,CO,1,1.5,1.5,0,0,0,0,0,0,-1,-1
2086,E,,Rock'n'Roll-Small Formation Juniors,Final,2,115,5,-35,6,8,6,-2,0,174,DF,1.5,1,1.5,0,0,0,0,0,0,-1,-1
2086,E,,Rock'n'Roll-Small Formation Juniors,Final,2,115,5,-35,6,8,6,-2,0,174,FM,0.5,1,1.5,0,0,0,0,0,0,-1,-1
2086,E,,Rock'n'Roll-Small Formation Juniors,Final,3,151,5,-50,6,6,4.5,-6,0,174,CO,0.5,1,1.5,0,0,0,0,0,0,-1,-1
2086,E,,Rock'n'Roll-Small Formation Juniors,Final,3,151,5,-50,6,6,4.5,-6,0,174,DF,1,1,1,0,0,0,0,0,0,-1,-1
2086,E,,Rock'n'Roll-Small Formation Juniors,Final,3,151,5,-50,6,6,4.5,-6,0,174,FM,1,1,1,0,0,0,0,0,0,-1,-1
2086,E,,Rock'n'Roll-Small Formation Juniors,Final,4,174,5,-35,12,11,9,0,0,174,FM,2,2,2,0,0,0,0,0,0,-1,-1
2086,E,,Rock'n'Roll-Small Formation Juniors,Final,4,174,5,-35,12,11,9,0,0,174,CO,2,2,2,0,0,0,0,0,0,-1,-1
2086,E,,Rock'n'Roll-Small Formation Juniors,Final,4,174,5,-35,12,11,9,0,0,174,DF,1.5,1.5,2,0,0,0,0,0,0,-1,-1
2086,E,,Rock'n'Roll-Small Formation Juniors,Final,5,281,5,-35,11,12,9.75,-2,0,174,FM,1.5,2,2,0,0,0,0,0,0,-1,-1
2086,E,,Rock'n'Roll-Small Formation Juniors,Final,5,281,5,-35,11,12,9.75,-2,0,174,CO,2,2,2,0,0,0,0,0,0,-1,-1
2086,E,,Rock'n'Roll-Small Formation Juniors,Final,5,281,5,-35,11,12,9.75,-2,0,174,DF,2,2,2,0,0,0,0,0,0,-1,-1
2086,E,,Rock'n'Roll-Small Formation Juniors,Final,6,295,5,-50,5,5,6,-4,0,174,CO,1,1.5,1.5,0,0,0,0,0,0,-1,-1
2086,E,,Rock'n'Roll-Small Formation Juniors,Final,6,295,5,-50,5,5,6,-4,0,174,DF,0.5,1.5,0.5,0,0,0,0,0,0,-1,-1
2086,E,,Rock'n'Roll-Small Formation Juniors,Final,6,295,5,-50,5,5,6,-4,0,174,FM,0.5,1,1,0,0,0,0,0,0,-1,-1
2086,F,,Rock'n'Roll-Small Formation Juniors,Final,1,105,6,-35,3,6,4.5,0,0,174,FM,1,0.5,0,0,0,0,0,0,0,-1,-1
2086,F,,Rock'n'Roll-Small Formation Juniors,Final,1,105,6,-35,3,6,4.5,0,0,174,DF,1,1,1,0,0,0,0,0,0,-1,-1
2086,F,,Rock'n'Roll-Small Formation Juniors,Final,1,105,6,-35,3,6,4.5,0,0,174,CO,1,1,1,0,0,0,0,0,0,-1,-1
2086,F,,Rock'n'Roll-Small Formation Juniors,Final,2,115,6,-25,5,7,5.25,-2,0,174,DF,1.5,1,1,0,0,0,0,0,0,-1,-1
2086,F,,Rock'n'Roll-Small Formation Juniors,Final,2,115,6,-25,5,7,5.25,-2,0,174,FM,1,0.5,1,0,0,0,0,0,0,-1,-1
2086,F,,Rock'n'Roll-Small Formation Juniors,Final,2,115,6,-25,5,7,5.25,-2,0,174,CO,1.5,1,1,0,0,0,0,0,0,-1,-1
2086,F,,Rock'n'Roll-Small Formation Juniors,Final,3,151,6,-35,7,8,6.75,0,0,174,CO,2,1.5,1,0,0,0,0,0,0,-1,-1
2086,F,,Rock'n'Roll-Small Formation Juniors,Final,3,151,6,-35,7,8,6.75,0,0,174,DF,1.5,1.5,1,0,0,0,0,0,0,-1,-1
2086,F,,Rock'n'Roll-Small Formation Juniors,Final,3,151,6,-35,7,8,6.75,0,0,174,FM,1.5,1,1,0,0,0,0,0,0,-1,-1
2086,F,,Rock'n'Roll-Small Formation Juniors,Final,4,174,6,-15,11,12,8.25,0,0,174,CO,2,2,1.5,0,0,0,0,0,0,-1,-1
2086,F,,Rock'n'Roll-Small Formation Juniors,Final,4,174,6,-15,11,12,8.25,0,0,174,DF,2,2,2,0,0,0,0,0,0,-1,-1
2086,F,,Rock'n'Roll-Small Formation Juniors,Final,4,174,6,-15,11,12,8.25,0,0,174,FM,2,2,1.5,0,0,0,0,0,0,-1,-1
2086,F,,Rock'n'Roll-Small Formation Juniors,Final,5,281,6,-15,11,11,9,0,0,174,CO,2.5,2,1.5,0,0,0,0,0,0,-1,-1
2086,F,,Rock'n'Roll-Small Formation Juniors,Final,5,281,6,-15,11,11,9,0,0,174,DF,2,2,1.5,0,0,0,0,0,0,-1,-1
2086,F,,Rock'n'Roll-Small Formation Juniors,Final,5,281,6,-15,11,11,9,0,0,174,FM,2,2,1.5,0,0,0,0,0,0,-1,-1
2086,F,,Rock'n'Roll-Small Formation Juniors,Final,6,295,6,-50,3,4,3.75,0,0,174,FM,0.5,0.5,0.5,0,0,0,0,0,0,-1,-1
2086,F,,Rock'n'Roll-Small Formation Juniors,Final,6,295,6,-50,3,4,3.75,0,0,174,CO,1,1,0.5,0,0,0,0,0,0,-1,-1
2086,F,,Rock'n'Roll-Small Formation Juniors,Final,6,295,6,-50,3,4,3.75,0,0,174,DF,1,0.5,0.5,0,0,0,0,0,0,-1,-1
2086,G,,Rock'n'Roll-Small Formation Juniors,Final,1,105,7,-50,6,6,4.5,0,0,174,FM,1,1,1,0,0,0,0,0,0,-1,-1
2086,G,,Rock'n'Roll-Small Formation Juniors,Final,1,105,7,-50,6,6,4.5,0,0,174,DF,1,1,1,0,0,0,0,0,0,-1,-1
2086,G,,Rock'n'Roll-Small Formation Juniors,Final,1,105,7,-50,6,6,4.5,0,0,174,CO,1,1,1,0,0,0,0,0,0,-1,-1
2086,G,,Rock'n'Roll-Small Formation Juniors,Final,2,115,7,-25,9,9,6.75,-2,0,174,CO,1.5,1.5,1.5,0,0,0,0,0,0,-1,-1
2086,G,,Rock'n'Roll-Small Formation Juniors,Final,2,115,7,-25,9,9,6.75,-2,0,174,DF,1.5,1.5,1.5,0,0,0,0,0,0,-1,-1
2086,G,,Rock'n'Roll-Small Formation Juniors,Final,2,115,7,-25,9,9,6.75,-2,0,174,FM,1.5,1.5,1.5,0,0,0,0,0,0,-1,-1
2086,G,,Rock'n'Roll-Small Formation Juniors,Final,3,151,7,-50,6,6,5.25,-2,0,174,CO,1.5,1,1,0,0,0,0,0,0,-1,-1
2086,G,,Rock'n'Roll-Small Formation Juniors,Final,3,151,7,-50,6,6,5.25,-2,0,174,DF,1,1,1,0,0,0,0,0,0,-1,-1
2086,G,,Rock'n'Roll-Small Formation Juniors,Final,3,151,7,-50,6,6,5.25,-2,0,174,FM,1,1,1,0,0,0,0,0,0,-1,-1
2086,G,,Rock'n'Roll-Small Formation Juniors,Final,4,174,7,-25,14,14,10.5,0,0,174,CO,2,2.5,2.5,0,0,0,0,0,0,-1,-1
2086,G,,Rock'n'Roll-Small Formation Juniors,Final,4,174,7,-25,14,14,10.5,0,0,174,DF,2,2.5,2.5,0,0,0,0,0,0,-1,-1
2086,G,,Rock'n'Roll-Small Formation Juniors,Final,4,174,7,-25,14,14,10.5,0,0,174,FM,2.5,2,2.5,0,0,0,0,0,0,-1,-1
2086,G,,Rock'n'Roll-Small Formation Juniors,Final,5,281,7,-35,12,14,9,-2,0,174,CO,2,2,2,0,0,0,0,0,0,-1,-1
2086,G,,Rock'n'Roll-Small Formation Juniors,Final,5,281,7,-35,12,14,9,-2,0,174,DF,2.5,2.5,2,0,0,0,0,0,0,-1,-1
2086,G,,Rock'n'Roll-Small Formation Juniors,Final,5,281,7,-35,12,14,9,-2,0,174,FM,2,2,2,0,0,0,0,0,0,-1,-1
2086,G,,Rock'n'Roll-Small Formation Juniors,Final,6,295,7,-35,6,7,5.25,-4,0,174,CO,1.5,1,1,0,0,0,0,0,0,-1,-1
2086,G,,Rock'n'Roll-Small Formation Juniors,Final,6,295,7,-35,6,7,5.25,-4,0,174,DF,1,1,1.5,0,0,0,0,0,0,-1,-1
2086,G,,Rock'n'Roll-Small Formation Juniors,Final,6,295,7,-35,6,7,5.25,-4,0,174,FM,1,1,1,0,0,0,0,0,0,-1,-1
2087,A,,Rock'n'Roll-Formation Juniors,Final,1,65,1,-35,9,9,8.25,-6,0,174,CO,2,1.5,2,0,0,0,0,0,0,-1,-1
2087,A,,Rock'n'Roll-Formation Juniors,Final,1,65,1,-35,9,9,8.25,-6,0,174,DF,1.5,1.5,1.5,0,0,0,0,0,0,-1,-1
2087,A,,Rock'n'Roll-Formation Juniors,Final,1,65,1,-35,9,9,8.25,-6,0,174,FM,1.5,1.5,1.5,0,0,0,0,0,0,-1,-1
2087,A,,Rock'n'Roll-Formation Juniors,Final,2,144,1,-25,10,9,8.25,0,0,174,FM,1.5,1.5,2,0,0,0,0,0,0,-1,-1
2087,A,,Rock'n'Roll-Formation Juniors,Final,2,144,1,-25,10,9,8.25,0,0,174,CO,2,1.5,2,0,0,0,0,0,0,-1,-1
2087,A,,Rock'n'Roll-Formation Juniors,Final,2,144,1,-25,10,9,8.25,0,0,174,DF,1.5,1.5,1.5,0,0,0,0,0,0,-1,-1
2087,A,,Rock'n'Roll-Formation Juniors,Final,3,67,1,-35,9,9,9,0,0,174,FM,1.5,1.5,1.5,0,0,0,0,0,0,-1,-1
2087,A,,Rock'n'Roll-Formation Juniors,Final,3,67,1,-35,9,9,9,0,0,174,CO,2,2,2,0,0,0,0,0,0,-1,-1
2087,A,,Rock'n'Roll-Formation Juniors,Final,3,67,1,-35,9,9,9,0,0,174,DF,1.5,1.5,1.5,0,0,0,0,0,0,-1,-1
2087,A,,Rock'n'Roll-Formation Juniors,Final,4,303,1,-35,7,8,7.5,-8,0,174,CO,1.5,1.5,2,0,0,0,0,0,0,-1,-1
2087,A,,Rock'n'Roll-Formation Juniors,Final,4,303,1,-35,7,8,7.5,-8,0,174,DF,1.5,1,1.5,0,0,0,0,0,0,-1,-1
2087,A,,Rock'n'Roll-Formation Juniors,Final,4,303,1,-35,7,8,7.5,-8,0,174,FM,1,1,1.5,0,0,0,0,0,0,-1,-1
2087,A,,Rock'n'Roll-Formation Juniors,Final,5,37,1,-25,12,12,9.75,0,0,174,FM,2,2,2,0,0,0,0,0,0,-1,-1
2087,A,,Rock'n'Roll-Formation Juniors,Final,5,37,1,-25,12,12,9.75,0,0,174,DF,2,2,2,0,0,0,0,0,0,-1,-1
2087,A,,Rock'n'Roll-Formation Juniors,Final,5,37,1,-25,12,12,9.75,0,0,174,CO,2.5,2,2,0,0,0,0,0,0,-1,-1
2087,A,,Rock'n'Roll-Formation Juniors,Final,6,175,1,-35,9,9,8.25,0,0,174,DF,1.5,1.5,1.5,0,0,0,0,0,0,-1,-1
2087,A,,Rock'n'Roll-Formation Juniors,Final,6,175,1,-35,9,9,8.25,0,0,174,FM,1.5,1.5,1.5,0,0,0,0,0,0,-1,-1
2087,A,,Rock'n'Roll-Formation Juniors,Final,6,175,1,-35,9,9,8.25,0,0,174,CO,2,1.5,2,0,0,0,0,0,0,-1,-1
2087,B,,Rock'n'Roll-Formation Juniors,Final,1,65,2,-25,12,10,8.25,-2,0,174,CO,2,1.5,2,0,0,0,0,0,0,-1,-1
2087,B,,Rock'n'Roll-Formation Juniors,Final,1,65,2,-25,12,10,8.25,-2,0,174,DF,1.5,1.5,2,0,0,0,0,0,0,-1,-1
2087,B,,Rock'n'Roll-Formation Juniors,Final,1,65,2,-25,12,10,8.25,-2,0,174,FM,2,2,2,0,0,0,0,0,0,-1,-1
2087,B,,Rock'n'Roll-Formation Juniors,Final,2,144,2,-15,12,12,9,0,0,174,CO,2,2,2,0,0,0,0,0,0,-1,-1
2087,B,,Rock'n'Roll-Formation Juniors,Final,2,144,2,-15,12,12,9,0,0,174,DF,2,2,2,0,0,0,0,0,0,-1,-1
2087,B,,Rock'n'Roll-Formation Juniors,Final,2,144,2,-15,12,12,9,0,0,174,FM,2,2,2,0,0,0,0,0,0,-1,-1
2087,B,,Rock'n'Roll-Formation Juniors,Final,3,67,2,-35,10,7,6.75,0,0,174,CO,1.5,1.5,1.5,0,0,0,0,0,0,-1,-1
2087,B,,Rock'n'Roll-Formation Juniors,Final,3,67,2,-35,10,7,6.75,0,0,174,DF,1,1.5,1,0,0,0,0,0,0,-1,-1
2087,B,,Rock'n'Roll-Formation Juniors,Final,3,67,2,-35,10,7,6.75,0,0,174,FM,2,1.5,1.5,0,0,0,0,0,0,-1,-1
2087,B,,Rock'n'Roll-Formation Juniors,Final,4,303,2,-50,11,8,6.75,-4,0,174,FM,2,1.5,2,0,0,0,0,0,0,-1,-1
2087,B,,Rock'n'Roll-Formation Juniors,Final,4,303,2,-50,11,8,6.75,-4,0,174,CO,1.5,1.5,1.5,0,0,0,0,0,0,-1,-1
2087,B,,Rock'n'Roll-Formation Juniors,Final,4,303,2,-50,11,8,6.75,-4,0,174,DF,1,1.5,1.5,0,0,0,0,0,0,-1,-1
2087,B,,Rock'n'Roll-Formation Juniors,Final,5,37,2,-15,14,12,10.5,0,0,174,FM,2.5,2,2.5,0,0,0,0,0,0,-1,-1
2087,B,,Rock'n'Roll-Formation Juniors,Final,5,37,2,-15,14,12,10.5,0,0,174,CO,2,2,2.5,0,0,0,0,0,0,-1,-1
2087,B,,Rock'n'Roll-Formation Juniors,Final,5,37,2,-15,14,12,10.5,0,0,174,DF,2,2,2,0,0,0,0,0,0,-1,-1
2087,B,,Rock'n'Roll-Formation Juniors,Final,6,175,2,-35,11,8,6.75,-4,0,174,CO,1.5,1.5,1.5,0,0,0,0,0,0,-1,-1
2087,B,,Rock'n'Roll-Formation Juniors,Final,6,175,2,-35,11,8,6.75,-4,0,174,DF,1,1.5,1.5,0,0,0,0,0,0,-1,-1
2087,B,,Rock'n'Roll-Formation Juniors,Final,6,175,2,-35,11,8,6.75,-4,0,174,FM,2,1.5,2,0,0,0,0,0,0,-1,-1
2087,C,,Rock'n'Roll-Formation Juniors,Final,1,65,3,-35,9,9,6.75,0,0,174,CO,1.5,1.5,1.5,0,0,0,0,0,0,-1,-1
2087,C,,Rock'n'Roll-Formation Juniors,Final,1,65,3,-35,9,9,6.75,0,0,174,DF,1.5,1.5,1.5,0,0,0,0,0,0,-1,-1
2087,C,,Rock'n'Roll-Formation Juniors,Final,1,65,3,-35,9,9,6.75,0,0,174,FM,1.5,1,2,0,0,0,0,0,0,-1,-1
2087,C,,Rock'n'Roll-Formation Juniors,Final,2,144,3,-35,8,8,6.75,0,0,174,CO,1.5,1.5,1.5,0,0,0,0,0,0,-1,-1
2087,C,,Rock'n'Roll-Formation Juniors,Final,2,144,3,-35,8,8,6.75,0,0,174,DF,1.5,1,1.5,0,0,0,0,0,0,-1,-1
2087,C,,Rock'n'Roll-Formation Juniors,Final,2,144,3,-35,8,8,6.75,0,0,174,FM,1.5,1,1.5,0,0,0,0,0,0,-1,-1
2087,C,,Rock'n'Roll-Formation Juniors,Final,3,67,3,-35,7,8,4.5,0,0,174,CO,1,1,1,0,0,0,0,0,0,-1,-1
2087,C,,Rock'n'Roll-Formation Juniors,Final,3,67,3,-35,7,8,4.5,0,0,174,DF,1,2,1,0,0,0,0,0,0,-1,-1
2087,C,,Rock'n'Roll-Formation Juniors,Final,3,67,3,-35,7,8,4.5,0,0,174,FM,1.5,1,1,0,0,0,0,0,0,-1,-1
2087,C,,Rock'n'Roll-Formation Juniors,Final,4,303,3,-50,7,8,6,-4,0,174,CO,1,1.5,1.5,0,0,0,0,0,0,-1,-1
2087,C,,Rock'n'Roll-Formation Juniors,Final,4,303,3,-50,7,8,6,-4,0,174,FM,1.5,0.5,1.5,0,0,0,0,0,0,-1,-1
2087,C,,Rock'n'Roll-Formation Juniors,Final,4,303,3,-50,7,8,6,-4,0,174,DF,1.5,1,1.5,0,0,0,0,0,0,-1,-1
2087,C,,Rock'n'Roll-Formation Juniors,Final,5,37,3,-25,11,10,7.5,0,0,174,CO,1.5,2,1.5,0,0,0,0,0,0,-1,-1
2087,C,,Rock'n'Roll-Formation Juniors,Final,5,37,3,-25,11,10,7.5,0,0,174,DF,2,1.5,1.5,0,0,0,0,0,0,-1,-1
2087,C,,Rock'n'Roll-Formation Juniors,Final,5,37,3,-25,11,10,7.5,0,0,174,FM,2,1.5,2,0,0,0,0,0,0,-1,-1
2087,C,,Rock'n'Roll-Formation Juniors,Final,6,175,3,-25,8,9,6.75,0,0,174,FM,1.5,1,1.5,0,0,0,0,0,0,-1,-1
2087,C,,Rock'n'Roll-Formation Juniors,Final,6,175,3,-25,8,9,6.75,0,0,174,CO,1.5,1.5,1.5,0,0,0,0,0,0,-1,-1
2087,C,,Rock'n'Roll-Formation Juniors,Final,6,175,3,-25,8,9,6.75,0,0,174,DF,1.5,1.5,1.5,0,0,0,0,0,0,-1,-1
2087,D,,Rock'n'Roll-Formation Juniors,Final,1,65,4,-35,9,10,7.5,0,0,174,FM,1.5,1.5,1.5,0,0,0,0,0,0,-1,-1
2087,D,,Rock'n'Roll-Formation Juniors,Final,1,65,4,-35,9,10,7.5,0,0,174,CO,1.5,1.5,2,0,0,0,0,0,0,-1,-1
2087,D,,Rock'n'Roll-Formation Juniors,Final,1,65,4,-35,9,10,7.5,0,0,174,DF,1.5,2,1.5,0,0,0,0,0,0,-1,-1
2087,D,,Rock'n'Roll-Formation Juniors,Final,2,144,4,-25,11,13,9.75,0,0,174,CO,2,2,2.5,0,0,0,0,0,0,-1,-1
2087,D,,Rock'n'Roll-Formation Juniors,Final,2,144,4,-25,11,13,9.75,0,0,174,DF,2,2,2,0,0,0,0,0,0,-1,-1
2087,D,,Rock'n'Roll-Formation Juniors,Final,2,144,4,-25,11,13,9.75,0,0,174,FM,1.5,2,2,0,0,0,0,0,0,-1,-1
2087,D,,Rock'n'Roll-Formation Juniors,Final,3,67,4,-25,9,9,6,0,0,174,DF,1.5,1.5,1.5,0,0,0,0,0,0,-1,-1
2087,D,,Rock'n'Roll-Formation Juniors,Final,3,67,4,-25,9,9,6,0,0,174,FM,1.5,1.5,1.5,0,0,0,0,0,0,-1,-1
2087,D,,Rock'n'Roll-Formation Juniors,Final,3,67,4,-25,9,9,6,0,0,174,CO,1.5,1.5,1,0,0,0,0,0,0,-1,-1
2087,D,,Rock'n'Roll-Formation Juniors,Final,4,303,4,-50,8,7,4.5,-6,0,174,CO,1,1,1,0,0,0,0,0,0,-1,-1
2087,D,,Rock'n'Roll-Formation Juniors,Final,4,303,4,-50,8,7,4.5,-6,0,174,DF,1.5,0.5,1.5,0,0,0,0,0,0,-1,-1
2087,D,,Rock'n'Roll-Formation Juniors,Final,4,303,4,-50,8,7,4.5,-6,0,174,FM,1.5,1.5,1,0,0,0,0,0,0,-1,-1
2087,D,,Rock'n'Roll-Formation Juniors,Final,5,37,4,-15,12,14,10.5,0,0,174,CO,2,2,2.5,0,0,0,0,0,0,-1,-1
2087,D,,Rock'n'Roll-Formation Juniors,Final,5,37,4,-15,12,14,10.5,0,0,174,DF,2.5,2,2,0,0,0,0,0,0,-1,-1
2087,D,,Rock'n'Roll-Formation Juniors,Final,5,37,4,-15,12,14,10.5,0,0,174,FM,2,2,2,0,0,0,0,0,0,-1,-1
2087,D,,Rock'n'Roll-Formation Juniors,Final,6,175,4,-25,9,11,7.5,0,0,174,CO,1.5,2,1.5,0,0,0,0,0,0,-1,-1
2087,D,,Rock'n'Roll-Formation Juniors,Final,6,175,4,-25,9,11,7.5,0,0,174,DF,2,2,1.5,0,0,0,0,0,0,-1,-1
2087,D,,Rock'n'Roll-Formation Juniors,Final,6,175,4,-25,9,11,7.5,0,0,174,FM,1.5,1.5,1.5,0,0,0,0,0,0,-1,-1
2087,E,,Rock'n'Roll-Formation Juniors,Final,1,65,5,-35,11,12,11.25,0,0,174,CO,2.5,2,2.5,0,0,0,0,0,0,-1,-1
2087,E,,Rock'n'Roll-Formation Juniors,Final,1,65,5,-35,11,12,11.25,0,0,174,DF,2,2,2,0,0,0,0,0,0,-1,-1
2087,E,,Rock'n'Roll-Formation Juniors,Final,1,65,5,-35,11,12,11.25,0,0,174,FM,2,1.5,2,0,0,0,0,0,0,-1,-1
2087,E,,Rock'n'Roll-Formation Juniors,Final,2,144,5,-35,11,11,9,0,0,174,FM,1.5,1.5,2.5,0,0,0,0,0,0,-1,-1
2087,E,,Rock'n'Roll-Formation Juniors,Final,2,144,5,-35,11,11,9,0,0,174,CO,2,1.5,2,0,0,0,0,0,0,-1,-1
2087,E,,Rock'n'Roll-Formation Juniors,Final,2,144,5,-35,11,11,9,0,0,174,DF,1.5,2,2,0,0,0,0,0,0,-1,-1
2087,E,,Rock'n'Roll-Formation Juniors,Final,3,67,5,-35,13,11,7.5,0,0,174,FM,2.5,1.5,2,0,0,0,0,0,0,-1,-1
2087,E,,Rock'n'Roll-Formation Juniors,Final,3,67,5,-35,13,11,7.5,0,0,174,DF,1.5,2,2,0,0,0,0,0,0,-1,-1
2087,E,,Rock'n'Roll-Formation Juniors,Final,3,67,5,-35,13,11,7.5,0,0,174,CO,1.5,1.5,2,0,0,0,0,0,0,-1,-1
2087,E,,Rock'n'Roll-Formation Juniors,Final,4,303,5,-50,7,8,6.75,-4,0,174,CO,1,1.5,2,0,0,0,0,0,0,-1,-1
2087,E,,Rock'n'Roll-Formation Juniors,Final,4,303,5,-50,7,8,6.75,-4,0,174,DF,1.5,1,1.5,0,0,0,0,0,0,-1,-1
2087,E,,Rock'n'Roll-Formation Juniors,Final,4,303,5,-50,7,8,6.75,-4,0,174,FM,1,1.5,1,0,0,0,0,0,0,-1,-1
2087,E,,Rock'n'Roll-Formation Juniors,Final,5,37,5,-15,13,14,12,0,0,174,CO,2.5,2.5,2.5,0,0,0,0,0,0,-1,-1
2087,E,,Rock'n'Roll-Formation Juniors,Final,5,37,5,-15,13,14,12,0,0,174,DF,2.5,2,2.5,0,0,0,0,0,0,-1,-1
2087,E,,Rock'n'Roll-Formation Juniors,Final,5,37,5,-15,13,14,12,0,0,174,FM,2,2,2,0,0,0,0,0,0,-1,-1
2087,E,,Rock'n'Roll-Formation Juniors,Final,6,175,5,-25,10,11,9,-2,0,174,CO,2,2,2,0,0,0,0,0,0,-1,-1
2087,E,,Rock'n'Roll-Formation Juniors,Final,6,175,5,-25,10,11,9,-2,0,174,DF,1.5,2,2,0,0,0,0,0,0,-1,-1
2087,E,,Rock'n'Roll-Formation Juniors,Final,6,175,5,-25,10,11,9,-2,0,174,FM,1.5,2,1.5,0,0,0,0,0,0,-1,-1
2087,F,,Rock'n'Roll-Formation Juniors,Final,1,65,6,-15,11,10,9,0,0,174,CO,2.5,2,1.5,0,0,0,0,0,0,-1,-1
2087,F,,Rock'n'Roll-Formation Juniors,Final,1,65,6,-15,11,10,9,0,0,174,DF,2,1.5,1.5,0,0,0,0,0,0,-1,-1
2087,F,,Rock'n'Roll-Formation Juniors,Final,1,65,6,-15,11,10,9,0,0,174,FM,2,2,1.5,0,0,0,0,0,0,-1,-1
2087,F,,Rock'n'Roll-Formation Juniors,Final,2,144,6,-10,12,11,9.75,0,0,174,CO,2.5,2,2,0,0,0,0,0,0,-1,-1
2087,F,,Rock'n'Roll-Formation Juniors,Final,2,144,6,-10,12,11,9.75,0,0,174,DF,2,2,1.5,0,0,0,0,0,0,-1,-1
2087,F,,Rock'n'Roll-Formation Juniors,Final,2,144,6,-10,12,11,9.75,0,0,174,FM,2,2,2,0,0,0,0,0,0,-1,-1
2087,F,,Rock'n'Roll-Formation Juniors,Final,3,67,6,-25,8,8,6,0,0,174,CO,1.5,1.5,1,0,0,0,0,0,0,-1,-1
2087,F,,Rock'n'Roll-Formation Juniors,Final,3,67,6,-25,8,8,6,0,0,174,DF,1.5,1.5,1,0,0,0,0,0,0,-1,-1
2087,F,,Rock'n'Roll-Formation Juniors,Final,3,67,6,-25,8,8,6,0,0,174,FM,1.5,1.5,1,0,0,0,0,0,0,-1,-1
2087,F,,Rock'n'Roll-Formation Juniors,Final,4,303,6,-15,8,8,7.5,0,0,174,FM,1.5,1.5,1,0,0,0,0,0,0,-1,-1
2087,F,,Rock'n'Roll-Formation Juniors,Final,4,303,6,-15,8,8,7.5,0,0,174,CO,2,2,1,0,0,0,0,0,0,-1,-1
2087,F,,Rock'n'Roll-Formation Juniors,Final,4,303,6,-15,8,8,7.5,0,0,174,DF,1.5,1.5,1,0,0,0,0,0,0,-1,-1
2087,F,,Rock'n'Roll-Formation Juniors,Final,5,37,6,-10,14,12,9,0,0,174,FM,2.5,2.5,2,0,0,0,0,0,0,-1,-1
2087,F,,Rock'n'Roll-Formation Juniors,Final,5,37,6,-10,14,12,9,0,0,174,CO,2.5,2,1.5,0,0,0,0,0,0,-1,-1
2087,F,,Rock'n'Roll-Formation Juniors,Final,5,37,6,-10,14,12,9,0,0,174,DF,2,2,2,0,0,0,0,0,0,-1,-1
2087,F,,Rock'n'Roll-Formation Juniors,Final,6,175,6,-15,11,10,8.25,0,0,174,CO,2,2,1.5,0,0,0,0,0,0,-1,-1
2087,F,,Rock'n'Roll-Formation Juniors,Final,6,175,6,-15,11,10,8.25,0,0,174,DF,2,1.5,1.5,0,0,0,0,0,0,-1,-1
2087,F,,Rock'n'Roll-Formation Juniors,Final,6,175,6,-15,11,10,8.25,0,0,174,FM,2,2,1.5,0,0,0,0,0,0,-1,-1
2087,G,,Rock'n'Roll-Formation Juniors,Final,1,65,7,-35,7,7,6,-2,0,174,DF,1.5,1,1,0,0,0,0,0,0,-1,-1
2087,G,,Rock'n'Roll-Formation Juniors,Final,1,65,7,-35,7,7,6,-2,0,174,FM,1.5,1,1,0,0,0,0,0,0,-1,-1
2087,G,,Rock'n'Roll-Formation Juniors,Final,1,65,7,-35,7,7,6,-2,0,174,CO,1.5,1.5,1,0,0,0,0,0,0,-1,-1
2087,G,,Rock'n'Roll-Formation Juniors,Final,2,144,7,-25,13,14,10.5,-2,0,174,CO,2.5,2.5,2,0,0,0,0,0,0,-1,-1
2087,G,,Rock'n'Roll-Formation Juniors,Final,2,144,7,-25,13,14,10.5,-2,0,174,DF,2.5,2,2.5,0,0,0,0,0,0,-1,-1
2087,G,,Rock'n'Roll-Formation Juniors,Final,2,144,7,-25,13,14,10.5,-2,0,174,FM,2.5,2,2,0,0,0,0,0,0,-1,-1
2087,G,,Rock'n'Roll-Formation Juniors,Final,3,67,7,-35,6,8,5.25,0,0,174,CO,1.5,1,1,0,0,0,0,0,0,-1,-1
2087,G,,Rock'n'Roll-Formation Juniors,Final,3,67,7,-35,6,8,5.25,0,0,174,DF,1.5,1.5,1,0,0,0,0,0,0,-1,-1
2087,G,,Rock'n'Roll-Formation Juniors,Final,3,67,7,-35,6,8,5.25,0,0,174,FM,1,1,1,0,0,0,0,0,0,-1,-1
2087,G,,Rock'n'Roll-Formation Juniors,Final,4,303,7,-35,6,6,4.5,-6,0,174,CO,1,1,1,0,0,0,0,0,0,-1,-1
2087,G,,Rock'n'Roll-Formation Juniors,Final,4,303,7,-35,6,6,4.5,-6,0,174,DF,1,1,1,0,0,0,0,0,0,-1,-1
2087,G,,Rock'n'Roll-Formation Juniors,Final,4,303,7,-35,6,6,4.5,-6,0,174,FM,1,1,1,0,0,0,0,0,0,-1,-1
2087,G,,Rock'n'Roll-Formation Juniors,Final,5,37,7,-25,14,14,10.5,0,0,174,CO,2.5,2.5,2,0,0,0,0,0,0,-1,-1
2087,G,,Rock'n'Roll-Formation Juniors,Final,5,37,7,-25,14,14,10.5,0,0,174,DF,2.5,2.5,2,0,0,0,0,0,0,-1,-1
2087,G,,Rock'n'Roll-Formation Juniors,Final,5,37,7,-25,14,14,10.5,0,0,174,FM,2.5,2,2.5,0,0,0,0,0,0,-1,-1
2087,G,,Rock'n'Roll-Formation Juniors,Final,6,175,7,-35,9,9,7.5,-2,0,174,FM,1.5,1.5,1.5,0,0,0,0,0,0,-1,-1
2087,G,,Rock'n'Roll-Formation Juniors,Final,6,175,7,-35,9,9,7.5,-2,0,174,CO,2,1.5,1.5,0,0,0,0,0,0,-1,-1
2087,G,,Rock'n'Roll-Formation Juniors,Final,6,175,7,-35,9,9,7.5,-2,0,174,DF,1.5,1.5,1.5,0,0,0,0,0,0,-1,-1
2091,A,,Rock'n'Roll-Juveniles,Final,1,193,1,-35,6.5,11.25,11,0,0,174,DF,1.5,1.5,1.5,0,0,0,0,0,0,-1,-1
2091,A,,Rock'n'Roll-Juveniles,Final,1,193,1,-35,6.5,11.25,11,0,0,174,CO,2,1.5,2,0,0,0,0,0,0,-1,-1
2091,A,,Rock'n'Roll-Juveniles,Final,2,134,1,-15,8.5,13.75,13,0,0,174,CO,2,2,2.5,0,0,0,0,0,0,-1,-1
2091,A,,Rock'n'Roll-Juveniles,Final,2,134,1,-15,8.5,13.75,13,0,0,174,DF,2,2,1.5,0,0,0,0,0,0,-1,-1
2091,A,,Rock'n'Roll-Juveniles,Final,3,27,1,-25,7.5,12.5,11,0,0,174,CO,2,1.5,2,0,0,0,0,0,0,-1,-1
2091,A,,Rock'n'Roll-Juveniles,Final,3,27,1,-25,7.5,12.5,11,0,0,174,DF,2,1.5,1.5,0,0,0,0,0,0,-1,-1
2091,A,,Rock'n'Roll-Juveniles,Final,4,182,1,-15,7.5,15,12,0,0,174,DF,2,2,2,0,0,0,0,0,0,-1,-1
2091,A,,Rock'n'Roll-Juveniles,Final,4,182,1,-15,7.5,15,12,0,0,174,CO,2,2,2,0,0,0,0,0,0,-1,-1
2091,A,,Rock'n'Roll-Juveniles,Final,5,57,1,-35,7.5,11.25,11,0,0,174,CO,2,1.5,2,0,0,0,0,0,0,-1,-1
2091,A,,Rock'n'Roll-Juveniles,Final,5,57,1,-35,7.5,11.25,11,0,0,174,DF,1.5,1.5,1.5,0,0,0,0,0,0,-1,-1
2091,A,,Rock'n'Roll-Juveniles,Final,6,3,1,-25,7.5,12.5,11,-4,0,174,CO,2,1.5,2,0,0,0,0,0,0,-1,-1
2091,A,,Rock'n'Roll-Juveniles,Final,6,3,1,-25,7.5,12.5,11,-4,0,174,DF,1.5,2,1.5,0,0,0,0,0,0,-1,-1
2091,B,,Rock'n'Roll-Juveniles,Final,1,193,2,-25,6.5,10,8,0,0,174,CO,1.5,1.5,1,0,0,0,0,0,0,-1,-1
2091,B,,Rock'n'Roll-Juveniles,Final,1,193,2,-25,6.5,10,8,0,0,174,DF,1,2,1,0,0,0,0,0,0,-1,-1
2091,B,,Rock'n'Roll-Juveniles,Final,2,134,2,-15,7.5,13.75,10,0,0,174,DF,2,2,1.5,0,0,0,0,0,0,-1,-1
2091,B,,Rock'n'Roll-Juveniles,Final,2,134,2,-15,7.5,13.75,10,0,0,174,CO,1.5,2,1.5,0,0,0,0,0,0,-1,-1
2091,B,,Rock'n'Roll-Juveniles,Final,3,27,2,-15,9,15,11,0,0,174,DF,2,2,2,0,0,0,0,0,0,-1,-1
2091,B,,Rock'n'Roll-Juveniles,Final,3,27,2,-15,9,15,11,0,0,174,CO,2,1.5,2,0,0,0,0,0,0,-1,-1
2091,B,,Rock'n'Roll-Juveniles,Final,4,182,2,-35,6.5,16.25,10,0,0,174,CO,2,1.5,1.5,0,0,0,0,0,0,-1,-1
2091,B,,Rock'n'Roll-Juveniles,Final,4,182,2,-35,6.5,16.25,10,0,0,174,DF,2.5,2,2,0,0,0,0,0,0,-1,-1
2091,B,,Rock'n'Roll-Juveniles,Final,5,57,2,-15,7.5,12.5,9,0,0,174,CO,1.5,1.5,1.5,0,0,0,0,0,0,-1,-1
2091,B,,Rock'n'Roll-Juveniles,Final,5,57,2,-15,7.5,12.5,9,0,0,174,DF,1,2,2,0,0,0,0,0,0,-1,-1
2091,B,,Rock'n'Roll-Juveniles,Final,6,3,2,-15,6.5,12.5,10,0,0,174,DF,2,1.5,1.5,0,0,0,0,0,0,-1,-1
2091,B,,Rock'n'Roll-Juveniles,Final,6,3,2,-15,6.5,12.5,10,0,0,174,CO,1.5,1.5,2,0,0,0,0,0,0,-1,-1
2091,C,,Rock'n'Roll-Juveniles,Final,1,193,3,-25,6.5,10,8,0,0,174,CO,1.5,1,1.5,0,0,0,0,0,0,-1,-1
2091,C,,Rock'n'Roll-Juveniles,Final,1,193,3,-25,6.5,10,8,0,0,174,DF,1.5,1,1.5,0,0,0,0,0,0,-1,-1
2091,C,,Rock'n'Roll-Juveniles,Final,2,134,3,-25,8.5,13.75,11,0,0,174,CO,2,1.5,2,0,0,0,0,0,0,-1,-1
2091,C,,Rock'n'Roll-Juveniles,Final,2,134,3,-25,8.5,13.75,11,0,0,174,DF,2,1.5,2,0,0,0,0,0,0,-1,-1
2091,C,,Rock'n'Roll-Juveniles,Final,3,27,3,-15,8.5,13.75,11,0,0,174,CO,2,2,1.5,0,0,0,0,0,0,-1,-1
2091,C,,Rock'n'Roll-Juveniles,Final,3,27,3,-15,8.5,13.75,11,0,0,174,DF,2,2,1.5,0,0,0,0,0,0,-1,-1
2091,C,,Rock'n'Roll-Juveniles,Final,4,182,3,-15,7.5,16.25,12,0,0,174,DF,2.5,2,2,0,0,0,0,0,0,-1,-1
2091,C,,Rock'n'Roll-Juveniles,Final,4,182,3,-15,7.5,16.25,12,0,0,174,CO,2,2,2,0,0,0,0,0,0,-1,-1
2091,C,,Rock'n'Roll-Juveniles,Final,5,57,3,-25,6.5,10,8,0,0,174,DF,1.5,1,1.5,0,0,0,0,0,0,-1,-1
2091,C,,Rock'n'Roll-Juveniles,Final,5,57,3,-25,6.5,10,8,0,0,174,CO,1,1.5,1.5,0,0,0,0,0,0,-1,-1
2091,C,,Rock'n'Roll-Juveniles,Final,6,3,3,-15,6.5,11.25,9,-2,0,174,CO,1.5,1.5,1.5,0,0,0,0,0,0,-1,-1
2091,C,,Rock'n'Roll-Juveniles,Final,6,3,3,-15,6.5,11.25,9,-2,0,174,DF,1.5,1.5,1.5,0,0,0,0,0,0,-1,-1
2091,D,,Rock'n'Roll-Juveniles,Final,1,193,4,-35,5,10,8,0,0,174,CO,1.5,1.5,1,0,0,0,0,0,0,-1,-1
2091,D,,Rock'n'Roll-Juveniles,Final,1,193,4,-35,5,10,8,0,0,174,DF,1.5,1.5,1,0,0,0,0,0,0,-1,-1
2091,D,,Rock'n'Roll-Juveniles,Final,2,134,4,-25,7.5,13.75,10,0,0,174,DF,2,2,1.5,0,0,0,0,0,0,-1,-1
2091,D,,Rock'n'Roll-Juveniles,Final,2,134,4,-25,7.5,13.75,10,0,0,174,CO,1.5,2,1.5,0,0,0,0,0,0,-1,-1
2091,D,,Rock'n'Roll-Juveniles,Final,3,27,4,-15,8.5,16.25,11,0,0,174,CO,1.5,2,2,0,0,0,0,0,0,-1,-1
2091,D,,Rock'n'Roll-Juveniles,Final,3,27,4,-15,8.5,16.25,11,0,0,174,DF,2,2,2,0,0,0,0,0,0,-1,-1
2091,D,,Rock'n'Roll-Juveniles,Final,4,182,4,-25,6.5,15,12,0,0,174,CO,2,2,2,0,0,0,0,0,0,-1,-1
2091,D,,Rock'n'Roll-Juveniles,Final,4,182,4,-25,6.5,15,12,0,0,174,DF,2,1.5,2,0,0,0,0,0,0,-1,-1
2091,D,,Rock'n'Roll-Juveniles,Final,5,57,4,-35,6.5,11.25,9,0,0,174,CO,1.5,1.5,1.5,0,0,0,0,0,0,-1,-1
2091,D,,Rock'n'Roll-Juveniles,Final,5,57,4,-35,6.5,11.25,9,0,0,174,DF,1.5,1,1.5,0,0,0,0,0,0,-1,-1
2091,D,,Rock'n'Roll-Juveniles,Final,6,3,4,-25,6.5,13.75,10,-2,0,174,DF,1.5,1.5,2,0,0,0,0,0,0,-1,-1
2091,D,,Rock'n'Roll-Juveniles,Final,6,3,4,-25,6.5,13.75,10,-2,0,174,CO,1.5,1.5,2,0,0,0,0,0,0,-1,-1
2091,E,,Rock'n'Roll-Juveniles,Final,1,193,5,-25,6.5,8.75,7,-2,0,174,DF,1.5,0.5,1.5,0,0,0,0,0,0,-1,-1
2091,E,,Rock'n'Roll-Juveniles,Final,1,193,5,-25,6.5,8.75,7,-2,0,174,CO,1,1,1.5,0,0,0,0,0,0,-1,-1
2091,E,,Rock'n'Roll-Juveniles,Final,2,134,5,-15,7.5,16.25,12,-2,0,174,CO,1.5,2.5,2,0,0,0,0,0,0,-1,-1
2091,E,,Rock'n'Roll-Juveniles,Final,2,134,5,-15,7.5,16.25,12,-2,0,174,DF,2,2,2,0,0,0,0,0,0,-1,-1
2091,E,,Rock'n'Roll-Juveniles,Final,3,27,5,-15,8.5,13.75,10,0,0,174,CO,2,1,2,0,0,0,0,0,0,-1,-1
2091,E,,Rock'n'Roll-Juveniles,Final,3,27,5,-15,8.5,13.75,10,0,0,174,DF,2,1,2,0,0,0,0,0,0,-1,-1
2091,E,,Rock'n'Roll-Juveniles,Final,4,182,5,-15,7.5,15,9,-2,0,174,DF,2.5,1,2,0,0,0,0,0,0,-1,-1
2091,E,,Rock'n'Roll-Juveniles,Final,4,182,5,-15,7.5,15,9,-2,0,174,CO,1.5,1.5,1.5,0,0,0,0,0,0,-1,-1
2091,E,,Rock'n'Roll-Juveniles,Final,5,57,5,-25,6.5,13.75,8,0,0,174,CO,1.5,1,1.5,0,0,0,0,0,0,-1,-1
2091,E,,Rock'n'Roll-Juveniles,Final,5,57,5,-25,6.5,13.75,8,0,0,174,DF,2,1,2,0,0,0,0,0,0,-1,-1
2091,E,,Rock'n'Roll-Juveniles,Final,6,3,5,-25,7.5,15,10,-4,0,174,CO,1.5,1.5,2,0,0,0,0,0,0,-1,-1
2091,E,,Rock'n'Roll-Juveniles,Final,6,3,5,-25,7.5,15,10,-4,0,174,DF,2,1.5,2,0,0,0,0,0,0,-1,-1
2091,F,,Rock'n'Roll-Juveniles,Final,1,193,6,-15,7.5,12.5,10,0,0,174,CO,2,1.5,1.5,0,0,0,0,0,0,-1,-1
2091,F,,Rock'n'Roll-Juveniles,Final,1,193,6,-15,7.5,12.5,10,0,0,174,DF,2,1.5,1.5,0,0,0,0,0,0,-1,-1
2091,F,,Rock'n'Roll-Juveniles,Final,2,134,6,-10,9,15,12,0,0,174,DF,2.5,2,1.5,0,0,0,0,0,0,-1,-1
2091,F,,Rock'n'Roll-Juveniles,Final,2,134,6,-10,9,15,12,0,0,174,CO,2,2,2,0,0,0,0,0,0,-1,-1
2091,F,,Rock'n'Roll-Juveniles,Final,3,27,6,-10,9,16.25,12,0,0,174,DF,2.5,2,2,0,0,0,0,0,0,-1,-1
2091,F,,Rock'n'Roll-Juveniles,Final,3,27,6,-10,9,16.25,12,0,0,174,CO,2.5,2,1.5,0,0,0,0,0,0,-1,-1
2091,F,,Rock'n'Roll-Juveniles,Final,4,182,6,-15,8.5,13.75,11,0,0,174,CO,2,2,1.5,0,0,0,0,0,0,-1,-1
2091,F,,Rock'n'Roll-Juveniles,Final,4,182,6,-15,8.5,13.75,11,0,0,174,DF,2.5,1.5,1.5,0,0,0,0,0,0,-1,-1
2091,F,,Rock'n'Roll-Juveniles,Final,5,57,6,-25,7.5,8.75,6,0,0,174,CO,1.5,1,0.5,0,0,0,0,0,0,-1,-1
2091,F,,Rock'n'Roll-Juveniles,Final,5,57,6,-25,7.5,8.75,6,0,0,174,DF,1.5,1,1,0,0,0,0,0,0,-1,-1
2091,F,,Rock'n'Roll-Juveniles,Final,6,3,6,-25,7.5,13.75,9,-2,0,174,DF,2,2,1.5,0,0,0,0,0,0,-1,-1
2091,F,,Rock'n'Roll-Juveniles,Final,6,3,6,-25,7.5,13.75,9,-2,0,174,CO,1.5,2,1,0,0,0,0,0,0,-1,-1
2091,G,,Rock'n'Roll-Juveniles,Final,1,193,7,-15,6.5,12.5,9,0,0,174,CO,1.5,1.5,1.5,0,0,0,0,0,0,-1,-1
2091,G,,Rock'n'Roll-Juveniles,Final,1,193,7,-15,6.5,12.5,9,0,0,174,DF,2,1.5,1.5,0,0,0,0,0,0,-1,-1
2091,G,,Rock'n'Roll-Juveniles,Final,2,134,7,-10,7.5,18.75,12,0,0,174,CO,2,2,2,0,0,0,0,0,0,-1,-1
2091,G,,Rock'n'Roll-Juveniles,Final,2,134,7,-10,7.5,18.75,12,0,0,174,DF,2.5,2.5,2.5,0,0,0,0,0,0,-1,-1
2091,G,,Rock'n'Roll-Juveniles,Final,3,27,7,-25,8.5,15,12,0,0,174,CO,2,2,2,0,0,0,0,0,0,-1,-1
2091,G,,Rock'n'Roll-Juveniles,Final,3,27,7,-25,8.5,15,12,0,0,174,DF,2,2,2,0,0,0,0,0,0,-1,-1
2091,G,,Rock'n'Roll-Juveniles,Final,4,182,7,-25,6.5,15,13,0,0,174,DF,2,2,2,0,0,0,0,0,0,-1,-1
2091,G,,Rock'n'Roll-Juveniles,Final,4,182,7,-25,6.5,15,13,0,0,174,CO,2.5,2,2,0,0,0,0,0,0,-1,-1
2091,G,,Rock'n'Roll-Juveniles,Final,5,57,7,-35,7.5,10,9,0,0,174,DF,1.5,1,1.5,0,0,0,0,0,0,-1,-1
2091,G,,Rock'n'Roll-Juveniles,Final,5,57,7,-35,7.5,10,9,0,0,174,CO,1.5,1.5,1.5,0,0,0,0,0,0,-1,-1
2091,G,,Rock'n'Roll-Juveniles,Final,6,3,7,-5,6.5,13.75,10,-6,0,174,CO,2,1.5,1.5,0,0,0,0,0,0,-1,-1
2091,G,,Rock'n'Roll-Juveniles,Final,6,3,7,-5,6.5,13.75,10,-6,0,174,DF,2,1.5,2,0,0,0,0,0,0,-1,-1
2092,A,,Rock'n'Roll-Juniors,Final,1,491,1,-10,9,16,18,0,0,174,CO,3,3,3,0,0,0,0,0,5,-1,-1
2092,A,,Rock'n'Roll-Juniors,Final,1,491,1,-10,9,16,18,0,0,174,DF,2.5,2.5,2,0,0,0,0,0,5,-1,-1
2092,A,,Rock'n'Roll-Juniors,Final,2,235,1,-15,8.5,12,14,0,0,174,CO,2.5,2,2.5,0,0,0,0,0,3.25,-1,-1
2092,A,,Rock'n'Roll-Juniors,Final,2,235,1,-15,8.5,12,14,0,0,174,DF,2,2,2,0,0,0,0,0,3.25,-1,-1
2092,A,,Rock'n'Roll-Juniors,Final,2,235,1,-15,8.5,12,14,0,0,174,CO,2,2.5,2,0,0,0,0,0,3.25,-1,-1
2092,A,,Rock'n'Roll-Juniors,Final,3,149,1,-25,7.5,11,12,-2,0,174,CO,2,2,2,0,0,0,0,0,2.5,-1,-1
2092,A,,Rock'n'Roll-Juniors,Final,3,149,1,-25,7.5,11,12,-2,0,174,DF,2,1.5,2,0,0,0,0,0,2.5,-1,-1
2092,A,,Rock'n'Roll-Juniors,Final,3,149,1,-25,7.5,11,12,-2,0,174,CO,1.5,1.5,2,0,0,0,0,0,2.5,-1,-1
2092,A,,Rock'n'Roll-Juniors,Final,4,155,1,-35,6.5,10,11,-2,0,174,CO,1,1.5,1.5,0,0,0,0,0,2,-1,-1
2092,A,,Rock'n'Roll-Juniors,Final,4,155,1,-35,6.5,10,11,-2,0,174,CO,2,1.5,2,0,0,0,0,0,2,-1,-1
2092,A,,Rock'n'Roll-Juniors,Final,4,155,1,-35,6.5,10,11,-2,0,174,DF,1.5,2,1.5,0,0,0,0,0,2,-1,-1
2092,A,,Rock'n'Roll-Juniors,Final,5,62,1,-35,6.5,9,10,0,0,174,CO,1.5,1,1.5,0,0,0,0,0,2,-1,-1
2092,A,,Rock'n'Roll-Juniors,Final,5,62,1,-35,6.5,9,10,0,0,174,DF,1.5,1.5,1.5,0,0,0,0,0,2,-1,-1
2092,A,,Rock'n'Roll-Juniors,Final,5,62,1,-35,6.5,9,10,0,0,174,CO,2,1.5,1.5,0,0,0,0,0,2,-1,-1
2092,B,,Rock'n'Roll-Juniors,Final,1,491,2,-5,9.5,12,13,0,0,174,CO,2,2.5,2,0,0,0,0,0,3.25,-1,-1
2092,B,,Rock'n'Roll-Juniors,Final,1,491,2,-5,9.5,12,13,0,0,174,CO,2.5,2,2,0,0,0,0,0,3.25,-1,-1
2092,B,,Rock'n'Roll-Juniors,Final,1,491,2,-5,9.5,12,13,0,0,174,DF,2,2,2,0,0,0,0,0,3.25,-1,-1
2092,B,,Rock'n'Roll-Juniors,Final,2,235,2,-10,9,12,12,0,0,174,CO,2,2,2,0,0,0,0,0,3,-1,-1
2092,B,,Rock'n'Roll-Juniors,Final,2,235,2,-10,9,12,12,0,0,174,DF,2,2,2,0,0,0,0,0,3,-1,-1
2092,B,,Rock'n'Roll-Juniors,Final,3,149,2,-25,8.5,9,10,0,0,174,CO,1.5,1.5,2,0,0,0,0,0,2.5,-1,-1
2092,B,,Rock'n'Roll-Juniors,Final,3,149,2,-25,8.5,9,10,0,0,174,CO,2,1.5,1.5,0,0,0,0,0,2.5,-1,-1
2092,B,,Rock'n'Roll-Juniors,Final,3,149,2,-25,8.5,9,10,0,0,174,DF,1.5,1.5,1.5,0,0,0,0,0,2.5,-1,-1
2092,B,,Rock'n'Roll-Juniors,Final,4,155,2,-35,2.5,7,8,-4,0,174,CO,1,1,1.5,0,0,0,0,0,1.75,-1,-1
2092,B,,Rock'n'Roll-Juniors,Final,4,155,2,-35,2.5,7,8,-4,0,174,CO,1.5,1,1.5,0,0,0,0,0,1.75,-1,-1
2092,B,,Rock'n'Roll-Juniors,Final,4,155,2,-35,2.5,7,8,-4,0,174,DF,1,1,1.5,0,0,0,0,0,1.75,-1,-1
2092,B,,Rock'n'Roll-Juniors,Final,5,62,2,-35,2.5,7,6,-2,0,174,DF,1,1,1.5,0,0,0,0,0,1.75,-1,-1
2092,B,,Rock'n'Roll-Juniors,Final,5,62,2,-35,2.5,7,6,-2,0,174,CO,0.5,1,1.5,0,0,0,0,0,1.75,-1,-1
2092,B,,Rock'n'Roll-Juniors,Final,5,62,2,-35,2.5,7,6,-2,0,174,CO,1,1,1.5,0,0,0,0,0,1.75,-1,-1
2092,C,,Rock'n'Roll-Juniors,Final,1,491,3,-5,9.5,18,15,0,0,174,CO,2.5,2.5,2.5,0,0,0,0,0,3.75,-1,-1
2092,C,,Rock'n'Roll-Juniors,Final,1,491,3,-5,9.5,18,15,0,0,174,DF,2.5,3,2.5,0,0,0,0,0,3.75,-1,-1
2092,C,,Rock'n'Roll-Juniors,Final,2,235,3,-10,8.5,13,14,0,0,174,CO,2,2,2,0,0,0,0,0,3,-1,-1
2092,C,,Rock'n'Roll-Juniors,Final,2,235,3,-10,8.5,13,14,0,0,174,CO,2,2.5,2.5,0,0,0,0,0,3,-1,-1
2092,C,,Rock'n'Roll-Juniors,Final,2,235,3,-10,8.5,13,14,0,0,174,DF,2,2.5,2,0,0,0,0,0,3,-1,-1
2092,C,,Rock'n'Roll-Juniors,Final,3,149,3,-25,7.5,9,10,-2,0,174,DF,1.5,1.5,1.5,0,0,0,0,0,2,-1,-1
2092,C,,Rock'n'Roll-Juniors,Final,3,149,3,-25,7.5,9,10,-2,0,174,CO,1.5,1,1.5,0,0,0,0,0,2,-1,-1
2092,C,,Rock'n'Roll-Juniors,Final,3,149,3,-25,7.5,9,10,-2,0,174,CO,2,1.5,1.5,0,0,0,0,0,2,-1,-1
2092,C,,Rock'n'Roll-Juniors,Final,4,155,3,-35,5,6,6,-2,0,174,DF,1,1,1,0,0,0,0,0,1.5,-1,-1
2092,C,,Rock'n'Roll-Juniors,Final,4,155,3,-35,5,6,6,-2,0,174,CO,1,0.5,1.5,0,0,0,0,0,1.5,-1,-1
2092,C,,Rock'n'Roll-Juniors,Final,4,155,3,-35,5,6,6,-2,0,174,CO,1,1,1,0,0,0,0,0,1.5,-1,-1
2092,C,,Rock'n'Roll-Juniors,Final,5,62,3,-35,5,6,8,0,0,174,CO,1,1,1,0,0,0,0,0,1.5,-1,-1
2092,C,,Rock'n'Roll-Juniors,Final,5,62,3,-35,5,6,8,0,0,174,CO,1,1.5,1.5,0,0,0,0,0,1.5,-1,-1
2092,C,,Rock'n'Roll-Juniors,Final,5,62,3,-35,5,6,8,0,0,174,DF,1,1,1,0,0,0,0,0,1.5,-1,-1
2092,D,,Rock'n'Roll-Juniors,Final,1,491,4,-10,9,18,16,0,0,174,DF,3,2.5,2.5,0,0,0,0,0,4.25,-1,-1
2092,D,,Rock'n'Roll-Juniors,Final,1,491,4,-10,9,18,16,0,0,174,CO,2.5,2.5,2.5,0,0,0,0,0,4.25,-1,-1
2092,D,,Rock'n'Roll-Juniors,Final,2,235,4,-10,9,14,13,0,0,174,DF,2.5,2.5,2,0,0,0,0,0,3.75,-1,-1
2092,D,,Rock'n'Roll-Juniors,Final,2,235,4,-10,9,14,13,0,0,174,CO,2,2.5,2.5,0,0,0,0,0,3.75,-1,-1
2092,D,,Rock'n'Roll-Juniors,Final,2,235,4,-10,9,14,13,0,0,174,CO,2.5,2.5,1.5,0,0,0,0,0,3.75,-1,-1
2092,D,,Rock'n'Roll-Juniors,Final,3,149,4,-35,6.5,11,9,0,0,174,CO,1.5,1.5,1.5,0,0,0,0,0,2.75,-1,-1
2092,D,,Rock'n'Roll-Juniors,Final,3,149,4,-35,6.5,11,9,0,0,174,CO,2,1.5,2,0,0,0,0,0,2.75,-1,-1
2092,D,,Rock'n'Roll-Juniors,Final,3,149,4,-35,6.5,11,9,0,0,174,DF,2,2,1.5,0,0,0,0,0,2.75,-1,-1
2092,D,,Rock'n'Roll-Juniors,Final,4,155,4,-50,5,7,6,0,0,174,CO,0.5,1.5,1.5,0,0,0,0,0,1.75,-1,-1
2092,D,,Rock'n'Roll-Juniors,Final,4,155,4,-50,5,7,6,0,0,174,CO,1,1,1,0,0,0,0,0,1.75,-1,-1
2092,D,,Rock'n'Roll-Juniors,Final,4,155,4,-50,5,7,6,0,0,174,DF,1,1.5,1,0,0,0,0,0,1.75,-1,-1
2092,D,,Rock'n'Roll-Juniors,Final,5,62,4,-35,6.5,7,7,0,0,174,CO,1,1.5,1,0,0,0,0,0,2,-1,-1
2092,D,,Rock'n'Roll-Juniors,Final,5,62,4,-35,6.5,7,7,0,0,174,CO,1,1.5,1.5,0,0,0,0,0,2,-1,-1
2092,D,,Rock'n'Roll-Juniors,Final,5,62,4,-35,6.5,7,7,0,0,174,DF,1,1.5,1,0,0,0,0,0,2,-1,-1
2092,E,,Rock'n'Roll-Juniors,Final,1,491,5,-5,8.5,16,16,0,0,174,DF,3,2,2.5,0,0,0,0,0,3.75,-1,-1
2092,E,,Rock'n'Roll-Juniors,Final,1,491,5,-5,8.5,16,16,0,0,174,CO,2.5,2.5,2,0,0,0,0,0,3.75,-1,-1
2092,E,,Rock'n'Roll-Juniors,Final,1,491,5,-5,8.5,16,16,0,0,174,CO,2.5,2.5,2.5,0,0,0,0,0,3.75,-1,-1
2092,E,,Rock'n'Roll-Juniors,Final,2,235,5,-10,8.5,14,14,0,0,174,DF,2.5,2.5,1.5,0,0,0,0,0,4.25,-1,-1
2092,E,,Rock'n'Roll-Juniors,Final,2,235,5,-10,8.5,14,14,0,0,174,CO,2.5,3,2.5,0,0,0,0,0,4.25,-1,-1
2092,E,,Rock'n'Roll-Juniors,Final,2,235,5,-10,8.5,14,14,0,0,174,CO,2,2.5,2.5,0,0,0,0,0,4.25,-1,-1
2092,E,,Rock'n'Roll-Juniors,Final,3,149,5,-15,7.5,9,8,-4,0,174,CO,1,1,2,0,0,0,0,0,1.75,-1,-1
2092,E,,Rock'n'Roll-Juniors,Final,3,149,5,-15,7.5,9,8,-4,0,174,CO,1.5,1,1,0,0,0,0,0,1.75,-1,-1
2092,E,,Rock'n'Roll-Juniors,Final,3,149,5,-15,7.5,9,8,-4,0,174,DF,2,1,1.5,0,0,0,0,0,1.75,-1,-1
2092,E,,Rock'n'Roll-Juniors,Final,4,155,5,-50,5,7,5,-6,0,174,CO,0.5,1,1,0,0,0,0,0,1,-1,-1
2092,E,,Rock'n'Roll-Juniors,Final,4,155,5,-50,5,7,5,-6,0,174,CO,1,1,0,0,0,0,0,0,1,-1,-1
2092,E,,Rock'n'Roll-Juniors,Final,4,155,5,-50,5,7,5,-6,0,174,DF,1.5,0.5,1.5,0,0,0,0,0,1,-1,-1
2092,E,,Rock'n'Roll-Juniors,Final,5,62,5,-50,5,6,5,-4,0,174,CO,1,0.5,1,0,0,0,0,0,1.75,-1,-1
2092,E,,Rock'n'Roll-Juniors,Final,5,62,5,-50,5,6,5,-4,0,174,CO,1.5,1,1,0,0,0,0,0,1.75,-1,-1
2092,E,,Rock'n'Roll-Juniors,Final,5,62,5,-50,5,6,5,-4,0,174,DF,1,0.5,1.5,0,0,0,0,0,1.75,-1,-1
2092,F,,Rock'n'Roll-Juniors,Final,1,491,6,-10,9,16,17,0,0,174,CO,2.5,2.5,2.5,0,0,0,0,0,4.25,-1,-1
2092,F,,Rock'n'Roll-Juniors,Final,1,491,6,-10,9,16,17,0,0,174,CO,2.5,3,2.5,0,0,0,0,0,4.25,-1,-1
2092,F,,Rock'n'Roll-Juniors,Final,1,491,6,-10,9,16,17,0,0,174,DF,2.5,2.5,2.5,0,0,0,0,0,4.25,-1,-1
2092,F,,Rock'n'Roll-Juniors,Final,2,235,6,-10,9,14,15,0,0,174,CO,2.5,2,1.5,0,0,0,0,0,3,-1,-1
2092,F,,Rock'n'Roll-Juniors,Final,2,235,6,-10,9,14,15,0,0,174,DF,2.5,2.5,2,0,0,0,0,0,3,-1,-1
2092,F,,Rock'n'Roll-Juniors,Final,2,235,6,-10,9,14,15,0,0,174,CO,2.5,2.5,2.5,0,0,0,0,0,3,-1,-1
2092,F,,Rock'n'Roll-Juniors,Final,3,149,6,-15,8.5,10,11,0,0,174,CO,2,1.5,1.5,0,0,0,0,0,2.5,-1,-1
2092,F,,Rock'n'Roll-Juniors,Final,3,149,6,-15,8.5,10,11,0,0,174,CO,2,2,1.5,0,0,0,0,0,2.5,-1,-1
2092,F,,Rock'n'Roll-Juniors,Final,3,149,6,-15,8.5,10,11,0,0,174,DF,1.5,2,1.5,0,0,0,0,0,2.5,-1,-1
2092,F,,Rock'n'Roll-Juniors,Final,4,155,6,-50,6.5,6,6,0,0,174,CO,1,1,1,0,0,0,0,0,1.5,-1,-1
2092,F,,Rock'n'Roll-Juniors,Final,4,155,6,-50,6.5,6,6,0,0,174,DF,1,1,1,0,0,0,0,0,1.5,-1,-1
2092,F,,Rock'n'Roll-Juniors,Final,5,62,6,-35,6.5,6,7,-2,0,174,CO,0.5,0.5,1,0,0,0,0,0,1,-1,-1
2092,F,,Rock'n'Roll-Juniors,Final,5,62,6,-35,6.5,6,7,-2,0,174,CO,1,1.5,1,0,0,0,0,0,1,-1,-1
2092,F,,Rock'n'Roll-Juniors,Final,5,62,6,-35,6.5,6,7,-2,0,174,DF,1,1,1,0,0,0,0,0,1,-1,-1
2092,G,,Rock'n'Roll-Juniors,Final,1,491,7,-10,9,17,17,0,0,174,CO,2.5,2.5,2.5,0,0,0,0,0,4.25,-1,-1
2092,G,,Rock'n'Roll-Juniors,Final,1,491,7,-10,9,17,17,0,0,174,DF,2.5,2.5,2.5,0,0,0,0,0,4.25,-1,-1
2092,G,,Rock'n'Roll-Juniors,Final,2,235,7,-5,8.5,15,13,0,0,174,CO,2,2,2,0,0,0,0,0,3.75,-1,-1
2092,G,,Rock'n'Roll-Juniors,Final,2,235,7,-5,8.5,15,13,0,0,174,CO,2.5,2,2,0,0,0,0,0,3.75,-1,-1
2092,G,,Rock'n'Roll-Juniors,Final,2,235,7,-5,8.5,15,13,0,0,174,DF,2.5,2.5,2,0,0,0,0,0,3.75,-1,-1
2092,G,,Rock'n'Roll-Juniors,Final,3,149,7,-15,7.5,9,9,-4,0,174,CO,1.5,1.5,1.5,0,0,0,0,0,2.5,-1,-1
2092,G,,Rock'n'Roll-Juniors,Final,3,149,7,-15,7.5,9,9,-4,0,174,CO,2,1.5,1.5,0,0,0,0,0,2.5,-1,-1
2092,G,,Rock'n'Roll-Juniors,Final,3,149,7,-15,7.5,9,9,-4,0,174,DF,1.5,1.5,1.5,0,0,0,0,0,2.5,-1,-1
2092,G,,Rock'n'Roll-Juniors,Final,4,155,7,-35,6.5,6,6,0,0,174,CO,1,1,1,0,0,0,0,0,1.5,-1,-1
2092,G,,Rock'n'Roll-Juniors,Final,4,155,7,-35,6.5,6,6,0,0,174,DF,1,1,1,0,0,0,0,0,1.5,-1,-1
2092,G,,Rock'n'Roll-Juniors,Final,5,62,7,-25,8.5,7,7,0,0,174,CO,1,1,1,0,0,0,0,0,1.5,-1,-1
2092,G,,Rock'n'Roll-Juniors,Final,5,62,7,-25,8.5,7,7,0,0,174,CO,1.5,1,1,0,0,0,0,0,1.5,-1,-1
2092,G,,Rock'n'Roll-Juniors,Final,5,62,7,-25,8.5,7,7,0,0,174,DF,1,1.5,1,0,0,0,0,0,1.5,-1,-1
2093,A,,Rock'n'Roll-Small Formation,Final,1,35,1,-25,9,9,8.25,0,0,174,CO,1.5,2,2,0,0,0,0,0,0,-1,-1
2093,A,,Rock'n'Roll-Small Formation,Final,1,35,1,-25,9,9,8.25,0,0,174,DF,1.5,1.5,1.5,0,0,0,0,0,0,-1,-1
2093,A,,Rock'n'Roll-Small Formation,Final,1,35,1,-25,9,9,8.25,0,0,174,FM,1.5,1.5,1.5,0,0,0,0,0,0,-1,-1
2093,A,,Rock'n'Roll-Small Formation,Final,2,31,1,-15,12,12,10.5,0,0,174,CO,2.5,2.5,2,0,0,0,0,0,0,-1,-1
2093,A,,Rock'n'Roll-Small Formation,Final,2,31,1,-15,12,12,10.5,0,0,174,DF,2,2,2,0,0,0,0,0,0,-1,-1
2093,A,,Rock'n'Roll-Small Formation,Final,2,31,1,-15,12,12,10.5,0,0,174,FM,2,2,2,0,0,0,0,0,0,-1,-1
2093,A,,Rock'n'Roll-Small Formation,Final,3,104,1,-25,10,9,8.25,0,0,174,FM,1.5,2,1.5,0,0,0,0,0,0,-1,-1
2093,A,,Rock'n'Roll-Small Formation,Final,3,104,1,-25,10,9,8.25,0,0,174,CO,2,1.5,2,0,0,0,0,0,0,-1,-1
2093,A,,Rock'n'Roll-Small Formation,Final,3,104,1,-25,10,9,8.25,0,0,174,DF,1.5,1.5,1.5,0,0,0,0,0,0,-1,-1
2093,A,,Rock'n'Roll-Small Formation,Final,4,180,1,-35,8,9,6.75,0,0,174,FM,1,1.5,1.5,0,0,0,0,0,0,-1,-1
2093,A,,Rock'n'Roll-Small Formation,Final,4,180,1,-35,8,9,6.75,0,0,174,CO,1.5,1.5,1.5,0,0,0,0,0,0,-1,-1
2093,A,,Rock'n'Roll-Small Formation,Final,4,180,1,-35,8,9,6.75,0,0,174,DF,1.5,1.5,1.5,0,0,0,0,0,0,-1,-1
2093,A,,Rock'n'Roll-Small Formation,Final,5,321,1,-15,9,11,9,0,0,174,CO,2,2,2,0,0,0,0,0,0,-1,-1
2093,A,,Rock'n'Roll-Small Formation,Final,5,321,1,-15,9,11,9,0,0,174,DF,2,2,1.5,0,0,0,0,0,0,-1,-1
2093,A,,Rock'n'Roll-Small Formation,Final,5,321,1,-15,9,11,9,0,0,174,FM,1.5,1.5,1.5,0,0,0,0,0,0,-1,-1
2093,A,,Rock'n'Roll-Small Formation,Final,6,33,1,-15,11,11,10.5,0,0,174,CO,2.5,2,2.5,0,0,0,0,0,0,-1,-1
2093,A,,Rock'n'Roll-Small Formation,Final,6,33,1,-15,11,11,10.5,0,0,174,DF,2,1.5,2,0,0,0,0,0,0,-1,-1
2093,A,,Rock'n'Roll-Small Formation,Final,6,33,1,-15,11,11,10.5,0,0,174,FM,2,1.5,2,0,0,0,0,0,0,-1,-1
2093,B,,Rock'n'Roll-Small Formation,Final,1,35,2,-35,10,7,6.75,0,0,174,CO,1.5,1.5,1.5,0,0,0,0,0,0,-1,-1
2093,B,,Rock'n'Roll-Small Formation,Final,1,35,2,-35,10,7,6.75,0,0,174,DF,1,1.5,1,0,0,0,0,0,0,-1,-1
2093,B,,Rock'n'Roll-Small Formation,Final,1,35,2,-35,10,7,6.75,0,0,174,FM,2,1.5,1.5,0,0,0,0,0,0,-1,-1
2093,B,,Rock'n'Roll-Small Formation,Final,2,31,2,-25,10,10,8.25,0,0,174,CO,2,1.5,2,0,0,0,0,0,0,-1,-1
2093,B,,Rock'n'Roll-Small Formation,Final,2,31,2,-25,10,10,8.25,0,0,174,DF,1.5,2,1.5,0,0,0,0,0,0,-1,-1
2093,B,,Rock'n'Roll-Small Formation,Final,2,31,2,-25,10,10,8.25,0,0,174,FM,1.5,2,1.5,0,0,0,0,0,0,-1,-1
2093,B,,Rock'n'Roll-Small Formation,Final,3,104,2,-25,9,9,6,0,0,174,CO,1,1.5,1.5,0,0,0,0,0,0,-1,-1
2093,B,,Rock'n'Roll-Small Formation,Final,3,104,2,-25,9,9,6,0,0,174,DF,1.5,1.5,1.5,0,0,0,0,0,0,-1,-1
2093,B,,Rock'n'Roll-Small Formation,Final,3,104,2,-25,9,9,6,0,0,174,FM,1.5,1.5,1.5,0,0,0,0,0,0,-1,-1
2093,B,,Rock'n'Roll-Small Formation,Final,4,180,2,-35,9,7,6.75,0,0,174,CO,1,1.5,2,0,0,0,0,0,0,-1,-1
2093,B,,Rock'n'Roll-Small Formation,Final,4,180,2,-35,9,7,6.75,0,0,174,DF,1,1.5,1,0,0,0,0,0,0,-1,-1
2093,B,,Rock'n'Roll-Small Formation,Final,4,180,2,-35,9,7,6.75,0,0,174,FM,1.5,1.5,1.5,0,0,0,0,0,0,-1,-1
2093,B,,Rock'n'Roll-Small Formation,Final,5,321,2,-25,12,10,8.25,0,0,174,FM,2,2,2,0,0,0,0,0,0,-1,-1
2093,B,,Rock'n'Roll-Small Formation,Final,5,321,2,-25,12,10,8.25,0,0,174,CO,1.5,2,2,0,0,0,0,0,0,-1,-1
2093,B,,Rock'n'Roll-Small Formation,Final,5,321,2,-25,12,10,8.25,0,0,174,DF,1.5,2,1.5,0,0,0,0,0,0,-1,-1
2093,B,,Rock'n'Roll-Small Formation,Final,6,33,2,-25,12,11,7.5,0,0,174,FM,2,2,2,0,0,0,0,0,0,-1,-1
2093,B,,Rock'n'Roll-Small Formation,Final,6,33,2,-25,12,11,7.5,0,0,174,CO,1.5,2,1.5,0,0,0,0,0,0,-1,-1
2093,B,,Rock'n'Roll-Small Formation,Final,6,33,2,-25,12,11,7.5,0,0,174,DF,1.5,2,2,0,0,0,0,0,0,-1,-1
2093,C,,Rock'n'Roll-Small Formation,Final,1,35,3,-35,6,6,6,0,0,174,CO,1,1.5,1.5,0,0,0,0,0,0,-1,-1
2093,C,,Rock'n'Roll-Small Formation,Final,1,35,3,-35,6,6,6,0,0,174,DF,1,1,1,0,0,0,0,0,0,-1,-1
2093,C,,Rock'n'Roll-Small Formation,Final,1,35,3,-35,6,6,6,0,0,174,FM,1,0.5,1.5,0,0,0,0,0,0,-1,-1
2093,C,,Rock'n'Roll-Small Formation,Final,2,31,3,-10,12,12,9.75,0,0,174,FM,2,2,2,0,0,0,0,0,0,-1,-1
2093,C,,Rock'n'Roll-Small Formation,Final,2,31,3,-10,12,12,9.75,0,0,174,DF,2,2,2,0,0,0,0,0,0,-1,-1
2093,C,,Rock'n'Roll-Small Formation,Final,2,31,3,-10,12,12,9.75,0,0,174,CO,2,2.5,2,0,0,0,0,0,0,-1,-1
2093,C,,Rock'n'Roll-Small Formation,Final,3,104,3,-25,12,10,8.25,0,0,174,DF,2,1,2,0,0,0,0,0,0,-1,-1
2093,C,,Rock'n'Roll-Small Formation,Final,3,104,3,-25,12,10,8.25,0,0,174,FM,2,1.5,2.5,0,0,0,0,0,0,-1,-1
2093,C,,Rock'n'Roll-Small Formation,Final,3,104,3,-25,12,10,8.25,0,0,174,CO,1.5,2,2,0,0,0,0,0,0,-1,-1
2093,C,,Rock'n'Roll-Small Formation,Final,4,180,3,-25,9,8,5.25,0,0,174,CO,1,1,1.5,0,0,0,0,0,0,-1,-1
2093,C,,Rock'n'Roll-Small Formation,Final,4,180,3,-25,9,8,5.25,0,0,174,DF,1.5,1,1.5,0,0,0,0,0,0,-1,-1
2093,C,,Rock'n'Roll-Small Formation,Final,4,180,3,-25,9,8,5.25,0,0,174,FM,1.5,1.5,1.5,0,0,0,0,0,0,-1,-1
2093,C,,Rock'n'Roll-Small Formation,Final,5,321,3,-15,8,10,6.75,0,0,174,CO,1.5,1.5,1.5,0,0,0,0,0,0,-1,-1
2093,C,,Rock'n'Roll-Small Formation,Final,5,321,3,-15,8,10,6.75,0,0,174,DF,2,1.5,1.5,0,0,0,0,0,0,-1,-1
2093,C,,Rock'n'Roll-Small Formation,Final,5,321,3,-15,8,10,6.75,0,0,174,FM,1.5,1,1.5,0,0,0,0,0,0,-1,-1
2093,C,,Rock'n'Roll-Small Formation,Final,6,33,3,-25,8,8,4.5,0,0,174,CO,1,1,1,0,0,0,0,0,0,-1,-1
2093,C,,Rock'n'Roll-Small Formation,Final,6,33,3,-25,8,8,4.5,0,0,174,DF,1.5,1,1.5,0,0,0,0,0,0,-1,-1
2093,C,,Rock'n'Roll-Small Formation,Final,6,33,3,-25,8,8,4.5,0,0,174,FM,1.5,1,1.5,0,0,0,0,0,0,-1,-1
2093,D,,Rock'n'Roll-Small Formation,Final,1,35,4,-35,8,8,5.25,0,0,174,FM,1,1.5,1.5,0,0,0,0,0,0,-1,-1
2093,D,,Rock'n'Roll-Small Formation,Final,1,35,4,-35,8,8,5.25,0,0,174,CO,1,1,1.5,0,0,0,0,0,0,-1,-1
2093,D,,Rock'n'Roll-Small Formation,Final,1,35,4,-35,8,8,5.25,0,0,174,DF,1,1.5,1.5,0,0,0,0,0,0,-1,-1
2093,D,,Rock'n'Roll-Small Formation,Final,2,31,4,-10,12,15,8.25,0,0,174,FM,2,2,2,0,0,0,0,0,0,-1,-1
2093,D,,Rock'n'Roll-Small Formation,Final,2,31,4,-10,12,15,8.25,0,0,174,DF,2.5,2.5,2.5,0,0,0,0,0,0,-1,-1
2093,D,,Rock'n'Roll-Small Formation,Final,2,31,4,-10,12,15,8.25,0,0,174,CO,2,2,1.5,0,0,0,0,0,0,-1,-1
2093,D,,Rock'n'Roll-Small Formation,Final,3,104,4,-25,8,8,6.75,0,0,174,CO,1.5,1.5,1.5,0,0,0,0,0,0,-1,-1
2093,D,,Rock'n'Roll-Small Formation,Final,3,104,4,-25,8,8,6.75,0,0,174,DF,2,1,1,0,0,0,0,0,0,-1,-1
2093,D,,Rock'n'Roll-Small Formation,Final,3,104,4,-25,8,8,6.75,0,0,174,FM,1,1.5,1.5,0,0,0,0,0,0,-1,-1
2093,D,,Rock'n'Roll-Small Formation,Final,4,180,4,-35,8,7,5.25,0,0,174,CO,1,1,1.5,0,0,0,0,0,0,-1,-1
2093,D,,Rock'n'Roll-Small Formation,Final,4,180,4,-35,8,7,5.25,0,0,174,DF,1,1,1.5,0,0,0,0,0,0,-1,-1
2093,D,,Rock'n'Roll-Small Formation,Final,4,180,4,-35,8,7,5.25,0,0,174,FM,1.5,1.5,1,0,0,0,0,0,0,-1,-1
2093,D,,Rock'n'Roll-Small Formation,Final,5,321,4,-25,9,9,6.75,0,0,174,CO,1.5,1.5,1.5,0,0,0,0,0,0,-1,-1
2093,D,,Rock'n'Roll-Small Formation,Final,5,321,4,-25,9,9,6.75,0,0,174,DF,1.5,1.5,1.5,0,0,0,0,0,0,-1,-1
2093,D,,Rock'n'Roll-Small Formation,Final,5,321,4,-25,9,9,6.75,0,0,174,FM,1.5,1.5,1.5,0,0,0,0,0,0,-1,-1
2093,D,,Rock'n'Roll-Small Formation,Final,6,33,4,-15,12,12,10.5,0,0,174,CO,2,2,2.5,0,0,0,0,0,0,-1,-1
2093,D,,Rock'n'Roll-Small Formation,Final,6,33,4,-15,12,12,10.5,0,0,174,DF,2,1.5,2,0,0,0,0,0,0,-1,-1
2093,D,,Rock'n'Roll-Small Formation,Final,6,33,4,-15,12,12,10.5,0,0,174,FM,2,2,2,0,0,0,0,0,0,-1,-1
2093,E,,Rock'n'Roll-Small Formation,Final,1,35,5,-35,10,9,9,0,0,174,CO,2,2,2,0,0,0,0,0,0,-1,-1
2093,E,,Rock'n'Roll-Small Formation,Final,1,35,5,-35,10,9,9,0,0,174,DF,2,1,1.5,0,0,0,0,0,0,-1,-1
2093,E,,Rock'n'Roll-Small Formation,Final,1,35,5,-35,10,9,9,0,0,174,FM,1.5,2,1.5,0,0,0,0,0,0,-1,-1
2093,E,,Rock'n'Roll-Small Formation,Final,2,31,5,-15,13,15,9,0,0,174,CO,2,2,2,0,0,0,0,0,0,-1,-1
2093,E,,Rock'n'Roll-Small Formation,Final,2,31,5,-15,13,15,9,0,0,174,DF,2.5,2.5,2,0,0,0,0,0,0,-1,-1
2093,E,,Rock'n'Roll-Small Formation,Final,2,31,5,-15,13,15,9,0,0,174,FM,1.5,2,2.5,0,0,0,0,0,0,-1,-1
2093,E,,Rock'n'Roll-Small Formation,Final,3,104,5,-35,7,6,6,0,0,174,FM,1,1,1.5,0,0,0,0,0,0,-1,-1
2093,E,,Rock'n'Roll-Small Formation,Final,3,104,5,-35,7,6,6,0,0,174,CO,1,1.5,1.5,0,0,0,0,0,0,-1,-1
2093,E,,Rock'n'Roll-Small Formation,Final,3,104,5,-35,7,6,6,0,0,174,DF,1,1,1,0,0,0,0,0,0,-1,-1
2093,E,,Rock'n'Roll-Small Formation,Final,4,180,5,-50,6,7,7.5,0,0,174,FM,1,1,1,0,0,0,0,0,0,-1,-1
2093,E,,Rock'n'Roll-Small Formation,Final,4,180,5,-50,6,7,7.5,0,0,174,CO,1.5,1.5,2,0,0,0,0,0,0,-1,-1
2093,E,,Rock'n'Roll-Small Formation,Final,4,180,5,-50,6,7,7.5,0,0,174,DF,1,1,1.5,0,0,0,0,0,0,-1,-1
2093,E,,Rock'n'Roll-Small Formation,Final,5,321,5,-25,11,13,9,-2,0,174,CO,2,2,2,0,0,0,0,0,0,-1,-1
2093,E,,Rock'n'Roll-Small Formation,Final,5,321,5,-25,11,13,9,-2,0,174,DF,1.5,2.5,2,0,0,0,0,0,0,-1,-1
2093,E,,Rock'n'Roll-Small Formation,Final,5,321,5,-25,11,13,9,-2,0,174,FM,1.5,2,2,0,0,0,0,0,0,-1,-1
2093,E,,Rock'n'Roll-Small Formation,Final,6,33,5,-25,11,13,8.25,0,0,174,FM,1.5,2,2,0,0,0,0,0,0,-1,-1
2093,E,,Rock'n'Roll-Small Formation,Final,6,33,5,-25,11,13,8.25,0,0,174,DF,2,2,2,0,0,0,0,0,0,-1,-1
2093,E,,Rock'n'Roll-Small Formation,Final,6,33,5,-25,11,13,8.25,0,0,174,CO,1.5,2,2,0,0,0,0,0,0,-1,-1
2093,F,,Rock'n'Roll-Small Formation,Final,1,35,6,-15,11,11,7.5,0,0,174,DF,2,2,1.5,0,0,0,0,0,0,-1,-1
2093,F,,Rock'n'Roll-Small Formation,Final,1,35,6,-15,11,11,7.5,0,0,174,FM,2,2,1.5,0,0,0,0,0,0,-1,-1
2093,F,,Rock'n'Roll-Small Formation,Final,1,35,6,-15,11,11,7.5,0,0,174,CO,2,1.5,1.5,0,0,0,0,0,0,-1,-1
2093,F,,Rock'n'Roll-Small Formation,Final,2,31,6,-10,13,13,9.75,0,0,174,CO,2.5,2,2,0,0,0,0,0,0,-1,-1
2093,F,,Rock'n'Roll-Small Formation,Final,2,31,6,-10,13,13,9.75,0,0,174,DF,2.5,2,2,0,0,0,0,0,0,-1,-1
2093,F,,Rock'n'Roll-Small Formation,Final,2,31,6,-10,13,13,9.75,0,0,174,FM,2.5,2,2,0,0,0,0,0,0,-1,-1
2093,F,,Rock'n'Roll-Small Formation,Final,3,104,6,-15,11,13,8.25,0,0,174,CO,2,2,1.5,0,0,0,0,0,0,-1,-1
2093,F,,Rock'n'Roll-Small Formation,Final,3,104,6,-15,11,13,8.25,0,0,174,DF,2.5,2,2,0,0,0,0,0,0,-1,-1
2093,F,,Rock'n'Roll-Small Formation,Final,3,104,6,-15,11,13,8.25,0,0,174,FM,2,2,1.5,0,0,0,0,0,0,-1,-1
2093,F,,Rock'n'Roll-Small Formation,Final,4,180,6,-35,8,8,6,0,0,174,CO,1.5,1.5,1,0,0,0,0,0,0,-1,-1
2093,F,,Rock'n'Roll-Small Formation,Final,4,180,6,-35,8,8,6,0,0,174,DF,1.5,1.5,1,0,0,0,0,0,0,-1,-1
2093,F,,Rock'n'Roll-Small Formation,Final,4,180,6,-35,8,8,6,0,0,174,FM,1.5,1.5,1,0,0,0,0,0,0,-1,-1
2093,F,,Rock'n'Roll-Small Formation,Final,5,321,6,-15,10,11,7.5,0,0,174,FM,2,1.5,1.5,0,0,0,0,0,0,-1,-1
2093,F,,Rock'n'Roll-Small Formation,Final,5,321,6,-15,10,11,7.5,0,0,174,CO,2,2,1,0,0,0,0,0,0,-1,-1
2093,F,,Rock'n'Roll-Small Formation,Final,5,321,6,-15,10,11,7.5,0,0,174,DF,2,2,1.5,0,0,0,0,0,0,-1,-1
2093,F,,Rock'n'Roll-Small Formation,Final,6,33,6,-15,11,12,9,0,0,174,FM,2,2,1.5,0,0,0,0,0,0,-1,-1
2093,F,,Rock'n'Roll-Small Formation,Final,6,33,6,-15,11,12,9,0,0,174,CO,2.5,2,1.5,0,0,0,0,0,0,-1,-1
2093,F,,Rock'n'Roll-Small Formation,Final,6,33,6,-15,11,12,9,0,0,174,DF,2.5,2,1.5,0,0,0,0,0,0,-1,-1
2093,G,,Rock'n'Roll-Small Formation,Final,1,35,7,-15,10,11,6.75,0,0,174,CO,1.5,1.5,1.5,0,0,0,0,0,0,-1,-1
2093,G,,Rock'n'Roll-Small Formation,Final,1,35,7,-15,10,11,6.75,0,0,174,DF,2,2,1.5,0,0,0,0,0,0,-1,-1
2093,G,,Rock'n'Roll-Small Formation,Final,1,35,7,-15,10,11,6.75,0,0,174,FM,1.5,2,1.5,0,0,0,0,0,0,-1,-1
2093,G,,Rock'n'Roll-Small Formation,Final,2,31,7,-15,15,14,12,0,0,174,CO,2.5,2.5,2.5,0,0,0,0,0,0,-1,-1
2093,G,,Rock'n'Roll-Small Formation,Final,2,31,7,-15,15,14,12,0,0,174,DF,2.5,2,2.5,0,0,0,0,0,0,-1,-1
2093,G,,Rock'n'Roll-Small Formation,Final,2,31,7,-15,15,14,12,0,0,174,FM,2.5,2.5,2.5,0,0,0,0,0,0,-1,-1
2093,G,,Rock'n'Roll-Small Formation,Final,3,104,7,-25,11,10,8.25,0,0,174,CO,2,2,1.5,0,0,0,0,0,0,-1,-1
2093,G,,Rock'n'Roll-Small Formation,Final,3,104,7,-25,11,10,8.25,0,0,174,DF,2,1.5,1.5,0,0,0,0,0,0,-1,-1
2093,G,,Rock'n'Roll-Small Formation,Final,3,104,7,-25,11,10,8.25,0,0,174,FM,2,1.5,2,0,0,0,0,0,0,-1,-1
2093,G,,Rock'n'Roll-Small Formation,Final,4,180,7,-35,10,9,6.75,0,0,174,FM,1.5,1.5,2,0,0,0,0,0,0,-1,-1
2093,G,,Rock'n'Roll-Small Formation,Final,4,180,7,-35,10,9,6.75,0,0,174,CO,1.5,1.5,1.5,0,0,0,0,0,0,-1,-1
2093,G,,Rock'n'Roll-Small Formation,Final,4,180,7,-35,10,9,6.75,0,0,174,DF,1.5,1.5,1.5,0,0,0,0,0,0,-1,-1
2093,G,,Rock'n'Roll-Small Formation,Final,5,321,7,-25,12,14,9,0,0,174,FM,2,2,2,0,0,0,0,0,0,-1,-1
2093,G,,Rock'n'Roll-Small Formation,Final,5,321,7,-25,12,14,9,0,0,174,DF,2.5,2.5,2,0,0,0,0,0,0,-1,-1
2093,G,,Rock'n'Roll-Small Formation,Final,5,321,7,-25,12,14,9,0,0,174,CO,2,2,2,0,0,0,0,0,0,-1,-1
2093,G,,Rock'n'Roll-Small Formation,Final,6,33,7,-35,8,9,6.75,0,0,174,CO,1.5,1.5,1.5,0,0,0,0,0,0,-1,-1
2093,G,,Rock'n'Roll-Small Formation,Final,6,33,7,-35,8,9,6.75,0,0,174,DF,1.5,1.5,1.5,0,0,0,0,0,0,-1,-1
2093,G,,Rock'n'Roll-Small Formation,Final,6,33,7,-35,8,9,6.75,0,0,174,FM,1.5,1,1.5,0,0,0,0,0,0,-1,-1
2096,A,F,Rock'n'Roll-Main Class Contact Style,Final - Foot technique,1,283,1,-57.5,4.25,6.25,6,-2,0,174,CO,2,2,2,0,0,0,0,0,0,-1,-1
2096,A,F,Rock'n'Roll-Main Class Contact Style,Final - Foot technique,1,283,1,-57.5,4.25,6.25,6,-2,0,174,DF,2,1.5,1.5,0,0,0,0,0,0,-1,-1
2096,A,F,Rock'n'Roll-Main Class Contact Style,Final - Foot technique,2,430,1,-57.5,4.25,7.5,6,0,0,174,CO,2,2,2,0,0,0,0,0,0,-1,-1
2096,A,F,Rock'n'Roll-Main Class Contact Style,Final - Foot technique,2,430,1,-57.5,4.25,7.5,6,0,0,174,DF,2,2,2,0,0,0,0,0,0,-1,-1
2096,A,F,Rock'n'Roll-Main Class Contact Style,Final - Foot technique,3,179,1,-57.5,4.5,8.125,7.5,0,0,174,CO,2.5,2.5,2.5,0,0,0,0,0,0,-1,-1
2096,A,F,Rock'n'Roll-Main Class Contact Style,Final - Foot technique,3,179,1,-57.5,4.5,8.125,7.5,0,0,174,DF,2,2.5,2,0,0,0,0,0,0,-1,-1
2096,A,F,Rock'n'Roll-Main Class Contact Style,Final - Foot technique,4,28,1,-57.5,3.75,6.25,6,0,0,174,CO,2,2,2,0,0,0,0,0,0,-1,-1
2096,A,F,Rock'n'Roll-Main Class Contact Style,Final - Foot technique,4,28,1,-57.5,3.75,6.25,6,0,0,174,DF,2,1.5,1.5,0,0,0,0,0,0,-1,-1
2096,A,F,Rock'n'Roll-Main Class Contact Style,Final - Foot technique,5,495,1,-57.5,4.5,6.25,6,0,0,174,DF,2,1.5,1.5,0,0,0,0,0,0,-1,-1
2096,A,F,Rock'n'Roll-Main Class Contact Style,Final - Foot technique,5,495,1,-57.5,4.5,6.25,6,0,0,174,CO,2,2,2,0,0,0,0,0,0,-1,-1
2096,A,F,Rock'n'Roll-Main Class Contact Style,Final - Foot technique,6,494,1,-57.5,4.5,6.875,6,0,0,174,DF,2,2,1.5,0,0,0,0,0,0,-1,-1
2096,A,F,Rock'n'Roll-Main Class Contact Style,Final - Foot technique,6,494,1,-57.5,4.5,6.875,6,0,0,174,CO,2,2,2,0,0,0,0,0,0,-1,-1
2096,B,F,Rock'n'Roll-Main Class Contact Style,Final - Foot technique,1,283,2,-57.5,3.75,5.625,4,-2,0,174,CO,1,1.5,1.5,0,0,0,0,0,0,-1,-1
2096,B,F,Rock'n'Roll-Main Class Contact Style,Final - Foot technique,1,283,2,-57.5,3.75,5.625,4,-2,0,174,DF,1,1.5,2,0,0,0,0,0,0,-1,-1
2096,B,F,Rock'n'Roll-Main Class Contact Style,Final - Foot technique,2,430,2,-55,4.75,6.875,6,0,0,174,CO,2,2,2,0,0,0,0,0,0,-1,-1
2096,B,F,Rock'n'Roll-Main Class Contact Style,Final - Foot technique,2,430,2,-55,4.75,6.875,6,0,0,174,DF,2,2,1.5,0,0,0,0,0,0,-1,-1
2096,B,F,Rock'n'Roll-Main Class Contact Style,Final - Foot technique,3,179,2,-57.5,3.75,6.875,5,0,0,174,DF,1.5,2,2,0,0,0,0,0,0,-1,-1
2096,B,F,Rock'n'Roll-Main Class Contact Style,Final - Foot technique,3,179,2,-57.5,3.75,6.875,5,0,0,174,CO,2,1.5,1.5,0,0,0,0,0,0,-1,-1
2096,B,F,Rock'n'Roll-Main Class Contact Style,Final - Foot technique,4,28,2,-55,4.25,5,5,0,0,174,CO,1.5,1.5,2,0,0,0,0,0,0,-1,-1
2096,B,F,Rock'n'Roll-Main Class Contact Style,Final - Foot technique,4,28,2,-55,4.25,5,5,0,0,174,DF,1,1.5,1.5,0,0,0,0,0,0,-1,-1
2096,B,F,Rock'n'Roll-Main Class Contact Style,Final - Foot technique,5,495,2,-57.5,3.75,5,5,0,0,174,CO,2,1.5,1.5,0,0,0,0,0,0,-1,-1
2096,B,F,Rock'n'Roll-Main Class Contact Style,Final - Foot technique,5,495,2,-57.5,3.75,5,5,0,0,174,DF,1,1.5,1.5,0,0,0,0,0,0,-1,-1
2096,B,F,Rock'n'Roll-Main Class Contact Style,Final - Foot technique,6,494,2,-62.5,4.25,6.875,3.5,-2,0,174,CO,1.5,1,1,0,0,0,0,0,0,-1,-1
2096,B,F,Rock'n'Roll-Main Class Contact Style,Final - Foot technique,6,494,2,-62.5,4.25,6.875,3.5,-2,0,174,DF,2,1.5,2,0,0,0,0,0,0,-1,-1
2096,C,F,Rock'n'Roll-Main Class Contact Style,Final - Foot technique,1,283,3,-67.5,3.25,4.375,5,-2,0,174,DF,1,1,1.5,0,0,0,0,0,0,-1,-1
2096,C,F,Rock'n'Roll-Main Class Contact Style,Final - Foot technique,1,283,3,-67.5,3.25,4.375,5,-2,0,174,CO,1.5,2,1.5,0,0,0,0,0,0,-1,-1
2096,C,F,Rock'n'Roll-Main Class Contact Style,Final - Foot technique,2,430,3,-57.5,4.5,7.5,7,0,0,174,DF,2,2,2,0,0,0,0,0,0,-1,-1
2096,C,F,Rock'n'Roll-Main Class Contact Style,Final - Foot technique,2,430,3,-57.5,4.5,7.5,7,0,0,174,CO,2,2.5,2.5,0,0,0,0,0,0,-1,-1
2096,C,F,Rock'n'Roll-Main Class Contact Style,Final - Foot technique,3,179,3,-62.5,4.25,6.875,5.5,0,0,174,CO,2,1.5,2,0,0,0,0,0,0,-1,-1
2096,C,F,Rock'n'Roll-Main Class Contact Style,Final - Foot technique,3,179,3,-62.5,4.25,6.875,5.5,0,0,174,DF,2,1.5,2,0,0,0,0,0,0,-1,-1
2096,C,F,Rock'n'Roll-Main Class Contact Style,Final - Foot technique,4,28,3,-57.5,3.75,5.625,6,0,0,174,CO,2,2,2,0,0,0,0,0,0,-1,-1
2096,C,F,Rock'n'Roll-Main Class Contact Style,Final - Foot technique,4,28,3,-57.5,3.75,5.625,6,0,0,174,DF,1.5,1,2,0,0,0,0,0,0,-1,-1
2096,C,F,Rock'n'Roll-Main Class Contact Style,Final - Foot technique,5,495,3,-55,4.5,6.875,6.5,0,0,174,DF,2,1.5,2,0,0,0,0,0,0,-1,-1
2096,C,F,Rock'n'Roll-Main Class Contact Style,Final - Foot technique,5,495,3,-55,4.5,6.875,6.5,0,0,174,CO,2,2.5,2,0,0,0,0,0,0,-1,-1
2096,C,F,Rock'n'Roll-Main Class Contact Style,Final - Foot technique,6,494,3,-55,4.75,7.5,6,0,0,174,CO,2.5,1.5,2,0,0,0,0,0,0,-1,-1
2096,C,F,Rock'n'Roll-Main Class Contact Style,Final - Foot technique,6,494,3,-55,4.75,7.5,6,0,0,174,DF,2.5,1.5,2,0,0,0,0,0,0,-1,-1
2096,D,F,Rock'n'Roll-Main Class Contact Style,Final - Foot technique,1,283,4,-62.5,4.25,5.625,4,-4,0,174,CO,1.5,1,1.5,0,0,0,0,0,0,-1,-1
2096,D,F,Rock'n'Roll-Main Class Contact Style,Final - Foot technique,1,283,4,-62.5,4.25,5.625,4,-4,0,174,DF,1.5,1.5,1.5,0,0,0,0,0,0,-1,-1
2096,D,F,Rock'n'Roll-Main Class Contact Style,Final - Foot technique,2,430,4,-55,4.5,8.75,7,0,0,174,CO,2,2.5,2.5,0,0,0,0,0,0,-1,-1
2096,D,F,Rock'n'Roll-Main Class Contact Style,Final - Foot technique,2,430,4,-55,4.5,8.75,7,0,0,174,DF,2,2.5,2,0,0,0,0,0,0,-1,-1
2096,D,F,Rock'n'Roll-Main Class Contact Style,Final - Foot technique,3,179,4,-55,4.5,8.75,6.5,0,0,174,DF,2,2.5,2,0,0,0,0,0,0,-1,-1
2096,D,F,Rock'n'Roll-Main Class Contact Style,Final - Foot technique,3,179,4,-55,4.5,8.75,6.5,0,0,174,CO,2,2.5,2,0,0,0,0,0,0,-1,-1
2096,D,F,Rock'n'Roll-Main Class Contact Style,Final - Foot technique,4,28,4,-57.5,3.75,6.875,5,0,0,174,DF,1.5,1.5,2,0,0,0,0,0,0,-1,-1
2096,D,F,Rock'n'Roll-Main Class Contact Style,Final - Foot technique,4,28,4,-57.5,3.75,6.875,5,0,0,174,CO,1.5,1.5,2,0,0,0,0,0,0,-1,-1
2096,D,F,Rock'n'Roll-Main Class Contact Style,Final - Foot technique,5,495,4,-55,4.25,8.125,5,0,0,174,CO,2,1.5,1.5,0,0,0,0,0,0,-1,-1
2096,D,F,Rock'n'Roll-Main Class Contact Style,Final - Foot technique,5,495,4,-55,4.25,8.125,5,0,0,174,DF,2,2,2,0,0,0,0,0,0,-1,-1
2096,D,F,Rock'n'Roll-Main Class Contact Style,Final - Foot technique,6,494,4,-62.5,4.5,9.375,6,0,0,174,CO,2.5,1.5,2,0,0,0,0,0,0,-1,-1
2096,D,F,Rock'n'Roll-Main Class Contact Style,Final - Foot technique,6,494,4,-62.5,4.5,9.375,6,0,0,174,DF,2.5,2.5,2,0,0,0,0,0,0,-1,-1
2096,E,F,Rock'n'Roll-Main Class Contact Style,Final - Foot technique,1,283,5,-57.5,3.25,4.375,3.5,-2,-10,174,DF,1,1,1.5,0,0,0,0,0,0,-1,-1
2096,E,F,Rock'n'Roll-Main Class Contact Style,Final - Foot technique,1,283,5,-57.5,3.25,4.375,3.5,-2,-10,174,CO,1,1,1.5,0,0,0,0,0,0,-1,-1
2096,E,F,Rock'n'Roll-Main Class Contact Style,Final - Foot technique,2,430,5,-57.5,3.75,7.5,5.5,0,0,174,CO,1.5,2,2,0,0,0,0,0,0,-1,-1
2096,E,F,Rock'n'Roll-Main Class Contact Style,Final - Foot technique,2,430,5,-57.5,3.75,7.5,5.5,0,0,174,DF,2,2,2,0,0,0,0,0,0,-1,-1
2096,E,F,Rock'n'Roll-Main Class Contact Style,Final - Foot technique,3,179,5,-62.5,4.25,6.875,6,0,0,174,CO,2,2,2,0,0,0,0,0,0,-1,-1
2096,E,F,Rock'n'Roll-Main Class Contact Style,Final - Foot technique,3,179,5,-62.5,4.25,6.875,6,0,0,174,DF,2,2,1.5,0,0,0,0,0,0,-1,-1
2096,E,F,Rock'n'Roll-Main Class Contact Style,Final - Foot technique,4,28,5,-57.5,3.75,6.875,5.5,0,0,174,CO,1.5,2,2,0,0,0,0,0,0,-1,-1
2096,E,F,Rock'n'Roll-Main Class Contact Style,Final - Foot technique,4,28,5,-57.5,3.75,6.875,5.5,0,0,174,DF,2,2,1.5,0,0,0,0,0,0,-1,-1
2096,E,F,Rock'n'Roll-Main Class Contact Style,Final - Foot technique,5,495,5,-62.5,3.75,6.25,5,0,0,174,DF,2,1,2,0,0,0,0,0,0,-1,-1
2096,E,F,Rock'n'Roll-Main Class Contact Style,Final - Foot technique,5,495,5,-62.5,3.75,6.25,5,0,0,174,CO,1.5,1.5,1.5,0,0,0,0,0,0,-1,-1
2096,E,F,Rock'n'Roll-Main Class Contact Style,Final - Foot technique,6,494,5,-57.5,4.25,6.25,6.5,-2,0,174,DF,1.5,1,2,0,0,0,0,0,0,-1,-1
2096,E,F,Rock'n'Roll-Main Class Contact Style,Final - Foot technique,6,494,5,-57.5,4.25,6.25,6.5,-2,0,174,CO,2,2,2,0,0,0,0,0,0,-1,-1
2096,F,F,Rock'n'Roll-Main Class Contact Style,Final - Foot technique,1,283,6,-55,4.5,6.875,6,-2,0,174,CO,2,2,2,0,0,0,0,0,0,-1,-1
2096,F,F,Rock'n'Roll-Main Class Contact Style,Final - Foot technique,1,283,6,-55,4.5,6.875,6,-2,0,174,DF,2.5,1.5,1.5,0,0,0,0,0,0,-1,-1
2096,F,F,Rock'n'Roll-Main Class Contact Style,Final - Foot technique,2,430,6,-55,4.75,8.125,6,0,0,174,CO,2.5,2,1.5,0,0,0,0,0,0,-1,-1
2096,F,F,Rock'n'Roll-Main Class Contact Style,Final - Foot technique,2,430,6,-55,4.75,8.125,6,0,0,174,DF,2.5,2,2,0,0,0,0,0,0,-1,-1
2096,F,F,Rock'n'Roll-Main Class Contact Style,Final - Foot technique,3,179,6,-55,4.5,8.75,6,0,0,174,DF,2.5,2,2.5,0,0,0,0,0,0,-1,-1
2096,F,F,Rock'n'Roll-Main Class Contact Style,Final - Foot technique,3,179,6,-55,4.5,8.75,6,0,0,174,CO,2.5,2,1.5,0,0,0,0,0,0,-1,-1
2096,F,F,Rock'n'Roll-Main Class Contact Style,Final - Foot technique,4,28,6,-57.5,4.25,6.25,5,0,0,174,CO,2,2,1,0,0,0,0,0,0,-1,-1
2096,F,F,Rock'n'Roll-Main Class Contact Style,Final - Foot technique,4,28,6,-57.5,4.25,6.25,5,0,0,174,DF,2,1.5,1.5,0,0,0,0,0,0,-1,-1
2096,F,F,Rock'n'Roll-Main Class Contact Style,Final - Foot technique,5,495,6,-55,4.5,6.875,5,0,0,174,CO,2,2,1,0,0,0,0,0,0,-1,-1
2096,F,F,Rock'n'Roll-Main Class Contact Style,Final - Foot technique,5,495,6,-55,4.5,6.875,5,0,0,174,DF,2.5,1.5,1.5,0,0,0,0,0,0,-1,-1
2096,F,F,Rock'n'Roll-Main Class Contact Style,Final - Foot technique,6,494,6,-55,4.5,8.75,6.5,0,0,174,CO,2.5,2.5,1.5,0,0,0,0,0,0,-1,-1
2096,F,F,Rock'n'Roll-Main Class Contact Style,Final - Foot technique,6,494,6,-55,4.5,8.75,6.5,0,0,174,DF,2.5,2.5,2,0,0,0,0,0,0,-1,-1
2096,G,F,Rock'n'Roll-Main Class Contact Style,Final - Foot technique,1,283,7,-62.5,4.25,3.75,3,-2,0,174,DF,1,1,1,0,0,0,0,0,0,-1,-1
2096,G,F,Rock'n'Roll-Main Class Contact Style,Final - Foot technique,1,283,7,-62.5,4.25,3.75,3,-2,0,174,CO,1,1,1,0,0,0,0,0,0,-1,-1
2096,G,F,Rock'n'Roll-Main Class Contact Style,Final - Foot technique,2,430,7,-57.5,4.5,8.125,7,0,0,174,DF,2.5,2,2,0,0,0,0,0,0,-1,-1
2096,G,F,Rock'n'Roll-Main Class Contact Style,Final - Foot technique,2,430,7,-57.5,4.5,8.125,7,0,0,174,CO,2.5,2,2,0,0,0,0,0,0,-1,-1
2096,G,F,Rock'n'Roll-Main Class Contact Style,Final - Foot technique,3,179,7,-62.5,4.5,8.75,7,0,0,174,CO,2.5,2,2,0,0,0,0,0,0,-1,-1
2096,G,F,Rock'n'Roll-Main Class Contact Style,Final - Foot technique,3,179,7,-62.5,4.5,8.75,7,0,0,174,DF,2.5,2.5,2,0,0,0,0,0,0,-1,-1
2096,G,F,Rock'n'Roll-Main Class Contact Style,Final - Foot technique,4,28,7,-57.5,4.25,5.625,5.5,0,0,174,CO,2,1.5,1.5,0,0,0,0,0,0,-1,-1
2096,G,F,Rock'n'Roll-Main Class Contact Style,Final - Foot technique,4,28,7,-57.5,4.25,5.625,5.5,0,0,174,DF,1.5,1.5,1.5,0,0,0,0,0,0,-1,-1
2096,G,F,Rock'n'Roll-Main Class Contact Style,Final - Foot technique,5,495,7,-57.5,4.75,6.875,5.5,0,0,174,DF,2,1.5,2,0,0,0,0,0,0,-1,-1
2096,G,F,Rock'n'Roll-Main Class Contact Style,Final - Foot technique,5,495,7,-57.5,4.75,6.875,5.5,0,0,174,CO,2,1.5,1.5,0,0,0,0,0,0,-1,-1
2096,G,F,Rock'n'Roll-Main Class Contact Style,Final - Foot technique,6,494,7,-57.5,4.75,6.25,5,-2,0,174,CO,1.5,1.5,1.5,0,0,0,0,0,0,-1,-1
2096,G,F,Rock'n'Roll-Main Class Contact Style,Final - Foot technique,6,494,7,-57.5,4.75,6.25,5,-2,0,174,DF,2,1.5,1.5,0,0,0,0,0,0,-1,-1
2097,A,F,Rock'n'Roll-Main Class Free Style,Final - Foot technique,1,63,1,-62.5,3.75,6.25,6,0,0,174,CO,2,2,2,0,0,0,0,0,0,-1,-1
2097,A,F,Rock'n'Roll-Main Class Free Style,Final - Foot technique,1,63,1,-62.5,3.75,6.25,6,0,0,174,DF,1.5,2,1.5,0,0,0,0,0,0,-1,-1
2097,A,F,Rock'n'Roll-Main Class Free Style,Final - Foot technique,2,222,1,-62.5,3.75,6.25,5.5,0,0,174,CO,1.5,2,2,0,0,0,0,0,0,-1,-1
2097,A,F,Rock'n'Roll-Main Class Free Style,Final - Foot technique,2,222,1,-62.5,3.75,6.25,5.5,0,0,174,DF,1.5,2,1.5,0,0,0,0,0,0,-1,-1
2097,A,F,Rock'n'Roll-Main Class Free Style,Final - Foot technique,3,292,1,-57.5,3.75,6.25,5.5,0,0,174,DF,1.5,2,1.5,0,0,0,0,0,0,-1,-1
2097,A,F,Rock'n'Roll-Main Class Free Style,Final - Foot technique,3,292,1,-57.5,3.75,6.25,5.5,0,0,174,CO,2,1.5,2,0,0,0,0,0,0,-1,-1
2097,A,F,Rock'n'Roll-Main Class Free Style,Final - Foot technique,4,172,1,-62.5,3.75,6.875,6,0,0,174,DF,2,1.5,2,0,0,0,0,0,0,-1,-1
2097,A,F,Rock'n'Roll-Main Class Free Style,Final - Foot technique,4,172,1,-62.5,3.75,6.875,6,0,0,174,CO,2,2,2,0,0,0,0,0,0,-1,-1
2097,A,F,Rock'n'Roll-Main Class Free Style,Final - Foot technique,5,8,1,-57.5,4.25,7.5,6,0,0,174,CO,2,2,2,0,0,0,0,0,0,-1,-1
2097,A,F,Rock'n'Roll-Main Class Free Style,Final - Foot technique,5,8,1,-57.5,4.25,7.5,6,0,0,174,DF,2,2,2,0,0,0,0,0,0,-1,-1
2097,B,F,Rock'n'Roll-Main Class Free Style,Final - Foot technique,1,63,2,-67.5,2.5,3.75,3,0,0,174,CO,1,1,1,0,0,0,0,0,0,-1,-1
2097,B,F,Rock'n'Roll-Main Class Free Style,Final - Foot technique,1,63,2,-67.5,2.5,3.75,3,0,0,174,DF,1,1,1,0,0,0,0,0,0,-1,-1
2097,B,F,Rock'n'Roll-Main Class Free Style,Final - Foot technique,2,222,2,-62.5,3.25,5.625,5,0,0,174,CO,1.5,2,1.5,0,0,0,0,0,0,-1,-1
2097,B,F,Rock'n'Roll-Main Class Free Style,Final - Foot technique,2,222,2,-62.5,3.25,5.625,5,0,0,174,DF,1.5,1.5,1.5,0,0,0,0,0,0,-1,-1
2097,B,F,Rock'n'Roll-Main Class Free Style,Final - Foot technique,3,292,2,-62.5,2.5,5,3.5,0,0,174,CO,1.5,1,1,0,0,0,0,0,0,-1,-1
2097,B,F,Rock'n'Roll-Main Class Free Style,Final - Foot technique,3,292,2,-62.5,2.5,5,3.5,0,0,174,DF,1.5,1.5,1,0,0,0,0,0,0,-1,-1
2097,B,F,Rock'n'Roll-Main Class Free Style,Final - Foot technique,4,172,2,-62.5,3.75,6.25,4,-2,0,174,CO,1,1.5,1.5,0,0,0,0,0,0,-1,-1
2097,B,F,Rock'n'Roll-Main Class Free Style,Final - Foot technique,4,172,2,-62.5,3.75,6.25,4,-2,0,174,DF,1.5,1.5,2,0,0,0,0,0,0,-1,-1
2097,B,F,Rock'n'Roll-Main Class Free Style,Final - Foot technique,5,8,2,-67.5,2.5,4.375,4.5,0,0,174,CO,1.5,1.5,1.5,0,0,0,0,0,0,-1,-1
2097,B,F,Rock'n'Roll-Main Class Free Style,Final - Foot technique,5,8,2,-67.5,2.5,4.375,4.5,0,0,174,DF,1,1,1.5,0,0,0,0,0,0,-1,-1
2097,C,F,Rock'n'Roll-Main Class Free Style,Final - Foot technique,1,63,3,-67.5,3.25,3.75,3.5,0,0,174,CO,1,1.5,1,0,0,0,0,0,0,-1,-1
2097,C,F,Rock'n'Roll-Main Class Free Style,Final - Foot technique,1,63,3,-67.5,3.25,3.75,3.5,0,0,174,DF,1,1,1,0,0,0,0,0,0,-1,-1
2097,C,F,Rock'n'Roll-Main Class Free Style,Final - Foot technique,2,222,3,-62.5,3.25,4.375,4,0,0,174,CO,1.5,1.5,1,0,0,0,0,0,0,-1,-1
2097,C,F,Rock'n'Roll-Main Class Free Style,Final - Foot technique,2,222,3,-62.5,3.25,4.375,4,0,0,174,DF,1,1,1.5,0,0,0,0,0,0,-1,-1
2097,C,F,Rock'n'Roll-Main Class Free Style,Final - Foot technique,3,292,3,-62.5,3.25,3.75,3.5,0,0,174,CO,1,1.5,1,0,0,0,0,0,0,-1,-1
2097,C,F,Rock'n'Roll-Main Class Free Style,Final - Foot technique,3,292,3,-62.5,3.25,3.75,3.5,0,0,174,DF,1,1,1,0,0,0,0,0,0,-1,-1
2097,C,F,Rock'n'Roll-Main Class Free Style,Final - Foot technique,4,172,3,-62.5,3.25,4.375,3,0,0,174,CO,1,1,1,0,0,0,0,0,0,-1,-1
2097,C,F,Rock'n'Roll-Main Class Free Style,Final - Foot technique,4,172,3,-62.5,3.25,4.375,3,0,0,174,DF,1.5,1,1,0,0,0,0,0,0,-1,-1
2097,C,F,Rock'n'Roll-Main Class Free Style,Final - Foot technique,5,8,3,-57.5,3.25,5,5,0,0,174,CO,1.5,2,1.5,0,0,0,0,0,0,-1,-1
2097,C,F,Rock'n'Roll-Main Class Free Style,Final - Foot technique,5,8,3,-57.5,3.25,5,5,0,0,174,DF,1,1.5,1.5,0,0,0,0,0,0,-1,-1
2097,D,F,Rock'n'Roll-Main Class Free Style,Final - Foot technique,1,63,4,-62.5,3.75,6.25,5,0,0,174,DF,1.5,1.5,2,0,0,0,0,0,0,-1,-1
2097,D,F,Rock'n'Roll-Main Class Free Style,Final - Foot technique,1,63,4,-62.5,3.75,6.25,5,0,0,174,CO,1.5,2,1.5,0,0,0,0,0,0,-1,-1
2097,D,F,Rock'n'Roll-Main Class Free Style,Final - Foot technique,2,222,4,-55,3.25,5,4.5,0,0,174,CO,1,2,1.5,0,0,0,0,0,0,-1,-1
2097,D,F,Rock'n'Roll-Main Class Free Style,Final - Foot technique,2,222,4,-55,3.25,5,4.5,0,0,174,DF,1,1.5,1.5,0,0,0,0,0,0,-1,-1
2097,D,F,Rock'n'Roll-Main Class Free Style,Final - Foot technique,3,292,4,-55,4.5,6.875,5.5,0,0,174,CO,1.5,2,2,0,0,0,0,0,0,-1,-1
2097,D,F,Rock'n'Roll-Main Class Free Style,Final - Foot technique,3,292,4,-55,4.5,6.875,5.5,0,0,174,DF,1.5,2,2,0,0,0,0,0,0,-1,-1
2097,D,F,Rock'n'Roll-Main Class Free Style,Final - Foot technique,4,172,4,-62.5,2.5,5,3.5,0,0,174,CO,1.5,1,1,0,0,0,0,0,0,-1,-1
2097,D,F,Rock'n'Roll-Main Class Free Style,Final - Foot technique,4,172,4,-62.5,2.5,5,3.5,0,0,174,DF,1.5,1,1.5,0,0,0,0,0,0,-1,-1
2097,D,F,Rock'n'Roll-Main Class Free Style,Final - Foot technique,5,8,4,-57.5,3.25,5,4,0,0,174,CO,1,1,2,0,0,0,0,0,0,-1,-1
2097,D,F,Rock'n'Roll-Main Class Free Style,Final - Foot technique,5,8,4,-57.5,3.25,5,4,0,0,174,DF,1.5,1,1.5,0,0,0,0,0,0,-1,-1
2097,E,F,Rock'n'Roll-Main Class Free Style,Final - Foot technique,1,63,5,-67.5,3.25,6.25,3.5,0,0,174,CO,1.5,1,1,0,0,0,0,0,0,-1,-1
2097,E,F,Rock'n'Roll-Main Class Free Style,Final - Foot technique,1,63,5,-67.5,3.25,6.25,3.5,0,0,174,DF,2,1,2,0,0,0,0,0,0,-1,-1
2097,E,F,Rock'n'Roll-Main Class Free Style,Final - Foot technique,2,222,5,-67.5,3.25,4.375,3.5,0,0,174,CO,1,1,1.5,0,0,0,0,0,0,-1,-1
2097,E,F,Rock'n'Roll-Main Class Free Style,Final - Foot technique,2,222,5,-67.5,3.25,4.375,3.5,0,0,174,DF,1.5,1,1,0,0,0,0,0,0,-1,-1
2097,E,F,Rock'n'Roll-Main Class Free Style,Final - Foot technique,3,292,5,-62.5,3.75,5.625,5,0,0,174,CO,1,2,2,0,0,0,0,0,0,-1,-1
2097,E,F,Rock'n'Roll-Main Class Free Style,Final - Foot technique,3,292,5,-62.5,3.75,5.625,5,0,0,174,DF,1.5,1.5,1.5,0,0,0,0,0,0,-1,-1
2097,E,F,Rock'n'Roll-Main Class Free Style,Final - Foot technique,4,172,5,-67.5,3.25,4.375,4,-2,0,174,DF,1.5,1,1,0,0,0,0,0,0,-1,-1
2097,E,F,Rock'n'Roll-Main Class Free Style,Final - Foot technique,4,172,5,-67.5,3.25,4.375,4,-2,0,174,CO,1,1.5,1.5,0,0,0,0,0,0,-1,-1
2097,E,F,Rock'n'Roll-Main Class Free Style,Final - Foot technique,5,8,5,-62.5,3.25,5.625,4.5,-2,0,174,CO,1,1.5,2,0,0,0,0,0,0,-1,-1
2097,E,F,Rock'n'Roll-Main Class Free Style,Final - Foot technique,5,8,5,-62.5,3.25,5.625,4.5,-2,0,174,DF,1.5,2,1,0,0,0,0,0,0,-1,-1
2097,F,F,Rock'n'Roll-Main Class Free Style,Final - Foot technique,1,63,6,-62.5,3.75,5.625,4.5,0,0,174,CO,2,1.5,1,0,0,0,0,0,0,-1,-1
2097,F,F,Rock'n'Roll-Main Class Free Style,Final - Foot technique,1,63,6,-62.5,3.75,5.625,4.5,0,0,174,DF,1.5,1.5,1.5,0,0,0,0,0,0,-1,-1
2097,F,F,Rock'n'Roll-Main Class Free Style,Final - Foot technique,2,222,6,-57.5,3.75,6.875,6,0,0,174,CO,2.5,2,1.5,0,0,0,0,0,0,-1,-1
2097,F,F,Rock'n'Roll-Main Class Free Style,Final - Foot technique,2,222,6,-57.5,3.75,6.875,6,0,0,174,DF,2,2,1.5,0,0,0,0,0,0,-1,-1
2097,F,F,Rock'n'Roll-Main Class Free Style,Final - Foot technique,3,292,6,-57.5,4.25,6.875,5,0,-10,174,CO,2,2,1,0,0,0,0,0,0,-1,-1
2097,F,F,Rock'n'Roll-Main Class Free Style,Final - Foot technique,3,292,6,-57.5,4.25,6.875,5,0,-10,174,DF,2,2,1.5,0,0,0,0,0,0,-1,-1
2097,F,F,Rock'n'Roll-Main Class Free Style,Final - Foot technique,4,172,6,-57.5,4.25,6.875,6,0,0,174,CO,2,2.5,1.5,0,0,0,0,0,0,-1,-1
2097,F,F,Rock'n'Roll-Main Class Free Style,Final - Foot technique,4,172,6,-57.5,4.25,6.875,6,0,0,174,DF,2,2,1.5,0,0,0,0,0,0,-1,-1
2097,F,F,Rock'n'Roll-Main Class Free Style,Final - Foot technique,5,8,6,-57.5,3.75,5.625,5,0,0,174,CO,2.5,1.5,1,0,0,0,0,0,0,-1,-1
2097,F,F,Rock'n'Roll-Main Class Free Style,Final - Foot technique,5,8,6,-57.5,3.75,5.625,5,0,0,174,DF,1.5,1.5,1.5,0,0,0,0,0,0,-1,-1
2097,G,F,Rock'n'Roll-Main Class Free Style,Final - Foot technique,1,63,7,-62.5,3.75,6.25,5,0,0,174,CO,2,1.5,1.5,0,0,0,0,0,0,-1,-1
2097,G,F,Rock'n'Roll-Main Class Free Style,Final - Foot technique,1,63,7,-62.5,3.75,6.25,5,0,0,174,DF,2,1.5,1.5,0,0,0,0,0,0,-1,-1
2097,G,F,Rock'n'Roll-Main Class Free Style,Final - Foot technique,2,222,7,-57.5,3.75,7.5,6,0,0,174,DF,2,2,2,0,0,0,0,0,0,-1,-1
2097,G,F,Rock'n'Roll-Main Class Free Style,Final - Foot technique,2,222,7,-57.5,3.75,7.5,6,0,0,174,CO,2,2,2,0,0,0,0,0,0,-1,-1
2097,G,F,Rock'n'Roll-Main Class Free Style,Final - Foot technique,3,292,7,-62.5,4.25,7.5,7,0,0,174,CO,2.5,2.5,2,0,0,0,0,0,0,-1,-1
2097,G,F,Rock'n'Roll-Main Class Free Style,Final - Foot technique,3,292,7,-62.5,4.25,7.5,7,0,0,174,DF,2,2,2,0,0,0,0,0,0,-1,-1
2097,G,F,Rock'n'Roll-Main Class Free Style,Final - Foot technique,4,172,7,-62.5,3.25,4.375,4,0,0,174,CO,1.5,1.5,1,0,0,0,0,0,0,-1,-1
2097,G,F,Rock'n'Roll-Main Class Free Style,Final - Foot technique,4,172,7,-62.5,3.25,4.375,4,0,0,174,DF,1.5,1,1,0,0,0,0,0,0,-1,-1
2097,G,F,Rock'n'Roll-Main Class Free Style,Final - Foot technique,5,8,7,-57.5,3.25,3.75,3.5,-2,0,174,CO,1.5,1,1,0,0,0,0,0,0,-1,-1
2097,G,F,Rock'n'Roll-Main Class Free Style,Final - Foot technique,5,8,7,-57.5,3.25,3.75,3.5,-2,0,174,DF,1,1,1,0,0,0,0,0,0,-1,-1
2100,A,,Rock'n'Roll-Formation,Final,1,77,1,-15,12,12,11.25,0,0,174,CO,2,2,2.5,0,0,0,0,0,0,-1,-1
2100,A,,Rock'n'Roll-Formation,Final,1,77,1,-15,12,12,11.25,0,0,174,DF,2,2,2,0,0,0,0,0,0,-1,-1
2100,A,,Rock'n'Roll-Formation,Final,1,77,1,-15,12,12,11.25,0,0,174,FM,2,2,2,0,0,0,0,0,0,-1,-1
2100,A,,Rock'n'Roll-Formation,Final,2,208,1,-10,12,14,12,-2,0,174,CO,2.5,3,2.5,0,0,0,0,0,0,-1,-1
2100,A,,Rock'n'Roll-Formation,Final,2,208,1,-10,12,14,12,-2,0,174,DF,2.5,2.5,2,0,0,0,0,0,0,-1,-1
2100,A,,Rock'n'Roll-Formation,Final,2,208,1,-10,12,14,12,-2,0,174,FM,2,2,2,0,0,0,0,0,0,-1,-1
2100,A,,Rock'n'Roll-Formation,Final,3,128,1,-35,9,9,8.25,-4,0,174,CO,2,1.5,2,0,0,0,0,0,0,-1,-1
2100,A,,Rock'n'Roll-Formation,Final,3,128,1,-35,9,9,8.25,-4,0,174,DF,1.5,1.5,1.5,0,0,0,0,0,0,-1,-1
2100,A,,Rock'n'Roll-Formation,Final,3,128,1,-35,9,9,8.25,-4,0,174,FM,1.5,1.5,1.5,0,0,0,0,0,0,-1,-1
2100,B,,Rock'n'Roll-Formation,Final,1,77,2,-15,12,10,8.25,0,0,174,CO,1.5,2,2,0,0,0,0,0,0,-1,-1
2100,B,,Rock'n'Roll-Formation,Final,1,77,2,-15,12,10,8.25,0,0,174,DF,2,1.5,1.5,0,0,0,0,0,0,-1,-1
2100,B,,Rock'n'Roll-Formation,Final,1,77,2,-15,12,10,8.25,0,0,174,FM,2,2,2,0,0,0,0,0,0,-1,-1
2100,B,,Rock'n'Roll-Formation,Final,2,208,2,-5,15,15,12,0,0,174,FM,2.5,2.5,2.5,0,0,0,0,0,0,-1,-1
2100,B,,Rock'n'Roll-Formation,Final,2,208,2,-5,15,15,12,0,0,174,CO,2.5,2.5,2.5,0,0,0,0,0,0,-1,-1
2100,B,,Rock'n'Roll-Formation,Final,2,208,2,-5,15,15,12,0,0,174,DF,2.5,2.5,2.5,0,0,0,0,0,0,-1,-1
2100,B,,Rock'n'Roll-Formation,Final,3,128,2,-25,13,12,9.75,0,0,174,FM,2.5,2,2,0,0,0,0,0,0,-1,-1
2100,B,,Rock'n'Roll-Formation,Final,3,128,2,-25,13,12,9.75,0,0,174,CO,2,2,2.5,0,0,0,0,0,0,-1,-1
2100,B,,Rock'n'Roll-Formation,Final,3,128,2,-25,13,12,9.75,0,0,174,DF,2,1.5,2.5,0,0,0,0,0,0,-1,-1
2100,C,,Rock'n'Roll-Formation,Final,1,77,3,-35,8,7,6.75,0,0,174,CO,1.5,1.5,1.5,0,0,0,0,0,0,-1,-1
2100,C,,Rock'n'Roll-Formation,Final,1,77,3,-35,8,7,6.75,0,0,174,DF,1,1,1.5,0,0,0,0,0,0,-1,-1
2100,C,,Rock'n'Roll-Formation,Final,1,77,3,-35,8,7,6.75,0,0,174,FM,1.5,1,1.5,0,0,0,0,0,0,-1,-1
2100,C,,Rock'n'Roll-Formation,Final,2,208,3,-15,11,11,10.5,0,0,174,CO,2,2.5,2.5,0,0,0,0,0,0,-1,-1
2100,C,,Rock'n'Roll-Formation,Final,2,208,3,-15,11,11,10.5,0,0,174,DF,2,1.5,2,0,0,0,0,0,0,-1,-1
2100,C,,Rock'n'Roll-Formation,Final,2,208,3,-15,11,11,10.5,0,0,174,FM,2,1.5,2,0,0,0,0,0,0,-1,-1
2100,C,,Rock'n'Roll-Formation,Final,3,128,3,-35,8,8,6,0,0,174,CO,1,1.5,1.5,0,0,0,0,0,0,-1,-1
2100,C,,Rock'n'Roll-Formation,Final,3,128,3,-35,8,8,6,0,0,174,DF,1.5,1,1.5,0,0,0,0,0,0,-1,-1
2100,C,,Rock'n'Roll-Formation,Final,3,128,3,-35,8,8,6,0,0,174,FM,1.5,1,1.5,0,0,0,0,0,0,-1,-1
2100,D,,Rock'n'Roll-Formation,Final,1,77,4,-35,10,9,7.5,0,0,174,CO,1.5,1.5,2,0,0,0,0,0,0,-1,-1
2100,D,,Rock'n'Roll-Formation,Final,1,77,4,-35,10,9,7.5,0,0,174,DF,1.5,1.5,1.5,0,0,0,0,0,0,-1,-1
2100,D,,Rock'n'Roll-Formation,Final,1,77,4,-35,10,9,7.5,0,0,174,FM,1.5,1.5,2,0,0,0,0,0,0,-1,-1
2100,D,,Rock'n'Roll-Formation,Final,2,208,4,-10,13,15,12,0,0,174,CO,2.5,2.5,2.5,0,0,0,0,0,0,-1,-1
2100,D,,Rock'n'Roll-Formation,Final,2,208,4,-10,13,15,12,0,0,174,FM,2.5,1.5,2.5,0,0,0,0,0,0,-1,-1
2100,D,,Rock'n'Roll-Formation,Final,2,208,4,-10,13,15,12,0,0,174,DF,2.5,2.5,2,0,0,0,0,0,0,-1,-1
2100,D,,Rock'n'Roll-Formation,Final,3,128,4,-25,9,9,7.5,0,0,174,CO,1.5,1,2.5,0,0,0,0,0,0,-1,-1
2100,D,,Rock'n'Roll-Formation,Final,3,128,4,-25,9,9,7.5,0,0,174,DF,1.5,1.5,1.5,0,0,0,0,0,0,-1,-1
2100,D,,Rock'n'Roll-Formation,Final,3,128,4,-25,9,9,7.5,0,0,174,FM,1.5,1.5,1.5,0,0,0,0,0,0,-1,-1
2100,E,,Rock'n'Roll-Formation,Final,1,77,5,-35,12,12,9.75,0,0,174,FM,2,2,2,0,0,0,0,0,0,-1,-1
2100,E,,Rock'n'Roll-Formation,Final,1,77,5,-35,12,12,9.75,0,0,174,CO,2.5,2,2,0,0,0,0,0,0,-1,-1
2100,E,,Rock'n'Roll-Formation,Final,1,77,5,-35,12,12,9.75,0,0,174,DF,2,2,2,0,0,0,0,0,0,-1,-1
2100,E,,Rock'n'Roll-Formation,Final,2,208,5,-15,15,15,10.5,0,0,174,FM,2.5,2,2.5,0,0,0,0,0,0,-1,-1
2100,E,,Rock'n'Roll-Formation,Final,2,208,5,-15,15,15,10.5,0,0,174,CO,2,2,2.5,0,0,0,0,0,0,-1,-1
2100,E,,Rock'n'Roll-Formation,Final,2,208,5,-15,15,15,10.5,0,0,174,DF,2.5,2.5,2.5,0,0,0,0,0,0,-1,-1
2100,E,,Rock'n'Roll-Formation,Final,3,128,5,-35,11,10,11.25,-2,0,174,CO,2.5,2.5,2,0,0,0,0,0,0,-1,-1
2100,E,,Rock'n'Roll-Formation,Final,3,128,5,-35,11,10,11.25,-2,0,174,DF,2,1,2,0,0,0,0,0,0,-1,-1
2100,E,,Rock'n'Roll-Formation,Final,3,128,5,-35,11,10,11.25,-2,0,174,FM,2,1.5,2,0,0,0,0,0,0,-1,-1
2100,F,,Rock'n'Roll-Formation,Final,1,77,6,-10,11,11,7.5,0,0,174,DF,2,2,1.5,0,0,0,0,0,0,-1,-1
2100,F,,Rock'n'Roll-Formation,Final,1,77,6,-10,11,11,7.5,0,0,174,FM,2,2,1.5,0,0,0,0,0,0,-1,-1
2100,F,,Rock'n'Roll-Formation,Final,1,77,6,-10,11,11,7.5,0,0,174,CO,2,2,1,0,0,0,0,0,0,-1,-1
2100,F,,Rock'n'Roll-Formation,Final,2,208,6,-10,17,15,11.25,0,0,174,CO,3,2.5,2,0,0,0,0,0,0,-1,-1
2100,F,,Rock'n'Roll-Formation,Final,2,208,6,-10,17,15,11.25,0,0,174,DF,2.5,2.5,2.5,0,0,0,0,0,0,-1,-1
2100,F,,Rock'n'Roll-Formation,Final,2,208,6,-10,17,15,11.25,0,0,174,FM,3,2.5,2.5,0,0,0,0,0,0,-1,-1
2100,F,,Rock'n'Roll-Formation,Final,3,128,6,-15,15,13,10.5,0,0,174,CO,2.5,2.5,2,0,0,0,0,0,0,-1,-1
2100,F,,Rock'n'Roll-Formation,Final,3,128,6,-15,15,13,10.5,0,0,174,DF,2.5,2,2,0,0,0,0,0,0,-1,-1
2100,F,,Rock'n'Roll-Formation,Final,3,128,6,-15,15,13,10.5,0,0,174,FM,2.5,2.5,2.5,0,0,0,0,0,0,-1,-1
2100,G,,Rock'n'Roll-Formation,Final,1,77,7,-35,11,10,8.25,0,0,174,CO,2,2,1.5,0,0,0,0,0,0,-1,-1
2100,G,,Rock'n'Roll-Formation,Final,1,77,7,-35,11,10,8.25,0,0,174,DF,2,1.5,1.5,0,0,0,0,0,0,-1,-1
2100,G,,Rock'n'Roll-Formation,Final,1,77,7,-35,11,10,8.25,0,0,174,FM,2,1.5,2,0,0,0,0,0,0,-1,-1
2100,G,,Rock'n'Roll-Formation,Final,2,208,7,-25,17,14,12.75,0,0,174,CO,2.5,2.5,2.5,0,0,0,0,0,0,-1,-1
2100,G,,Rock'n'Roll-Formation,Final,2,208,7,-25,17,14,12.75,0,0,174,DF,2.5,2,2.5,0,0,0,0,0,0,-1,-1
2100,G,,Rock'n'Roll-Formation,Final,2,208,7,-25,17,14,12.75,0,0,174,FM,2.5,2.5,2.5,0,0,0,0,0,0,-1,-1
2100,G,,Rock'n'Roll-Formation,Final,3,128,7,-35,6,6,5.25,-2,0,174,FM,1,1,1,0,0,0,0,0,0,-1,-1
2100,G,,Rock'n'Roll-Formation,Final,3,128,7,-35,6,6,5.25,-2,0,174,CO,1,1.5,1,0,0,0,0,0,0,-1,-1
2100,G,,Rock'n'Roll-Formation,Final,3,128,7,-35,6,6,5.25,-2,0,174,DF,1,1,1,0,0,0,0,0,0,-1,-1
2101,A,F,Rock'n'Roll-Main Class Start,Final,1,323,1,-25,7.5,13.75,10,0,0,174,DF,1.5,2,2,0,0,0,0,0,0,-1,-1
2101,A,F,Rock'n'Roll-Main Class Start,Final,1,323,1,-25,7.5,13.75,10,0,0,174,CO,1.5,2,1.5,0,0,0,0,0,0,-1,-1
2101,A,F,Rock'n'Roll-Main Class Start,Final,2,286,1,-35,5,7.5,9,-2,0,174,CO,1.5,1.5,1.5,0,0,0,0,0,0,-1,-1
2101,A,F,Rock'n'Roll-Main Class Start,Final,2,286,1,-35,5,7.5,9,-2,0,174,DF,1,1,1,0,0,0,0,0,0,-1,-1
2101,A,F,Rock'n'Roll-Main Class Start,Final,3,142,1,-35,7.5,11.25,12,0,0,174,CO,2,2,2,0,0,0,0,0,0,-1,-1
2101,A,F,Rock'n'Roll-Main Class Start,Final,3,142,1,-35,7.5,11.25,12,0,0,174,DF,1.5,1.5,1.5,0,0,0,0,0,0,-1,-1
2101,A,F,Rock'n'Roll-Main Class Start,Final,4,118,1,-15,8.5,15,13,0,0,174,DF,2,2,2,0,0,0,0,0,0,-1,-1
2101,A,F,Rock'n'Roll-Main Class Start,Final,4,118,1,-15,8.5,15,13,0,0,174,CO,2.5,2,2,0,0,0,0,0,0,-1,-1
2101,A,F,Rock'n'Roll-Main Class Start,Final,5,226,1,-35,7.5,11.25,11,0,0,174,CO,2,1.5,2,0,0,0,0,0,0,-1,-1
2101,A,F,Rock'n'Roll-Main Class Start,Final,5,226,1,-35,7.5,11.25,11,0,0,174,DF,1.5,1.5,1.5,0,0,0,0,0,0,-1,-1
2101,C,F,Rock'n'Roll-Main Class Start,Final,1,323,3,-35,5,7.5,6,0,0,174,CO,1,1,1,0,0,0,0,0,0,-1,-1
2101,C,F,Rock'n'Roll-Main Class Start,Final,1,323,3,-35,5,7.5,6,0,0,174,DF,1,1,1,0,0,0,0,0,0,-1,-1
2101,C,F,Rock'n'Roll-Main Class Start,Final,2,286,3,-75,2.5,6.25,5,-2,0,174,CO,0.5,1,1,0,0,0,0,0,0,-1,-1
2101,C,F,Rock'n'Roll-Main Class Start,Final,2,286,3,-75,2.5,6.25,5,-2,0,174,DF,1,0.5,1,0,0,0,0,0,0,-1,-1
2101,C,F,Rock'n'Roll-Main Class Start,Final,3,142,3,-35,7.5,7.5,7,0,0,174,DF,1,1,1,0,0,0,0,0,0,-1,-1
2101,C,F,Rock'n'Roll-Main Class Start,Final,3,142,3,-35,7.5,7.5,7,0,0,174,CO,1,1.5,1,0,0,0,0,0,0,-1,-1
2101,C,F,Rock'n'Roll-Main Class Start,Final,4,118,3,-25,7.5,10,8,0,0,174,DF,1.5,1,1.5,0,0,0,0,0,0,-1,-1
2101,C,F,Rock'n'Roll-Main Class Start,Final,4,118,3,-25,7.5,10,8,0,0,174,CO,1.5,1,1.5,0,0,0,0,0,0,-1,-1
2101,C,F,Rock'n'Roll-Main Class Start,Final,5,226,3,-15,7.5,11.25,10,0,0,174,CO,1.5,2,1.5,0,0,0,0,0,0,-1,-1
2101,C,F,Rock'n'Roll-Main Class Start,Final,5,226,3,-15,7.5,11.25,10,0,0,174,DF,1.5,1.5,1.5,0,0,0,0,0,0,-1,-1
2101,D,F,Rock'n'Roll-Main Class Start,Final,1,323,4,-35,6.5,11.25,7,0,0,174,CO,1.5,1,1,0,0,0,0,0,0,-1,-1
2101,D,F,Rock'n'Roll-Main Class Start,Final,1,323,4,-35,6.5,11.25,7,0,0,174,DF,1.5,1.5,1.5,0,0,0,0,0,0,-1,-1
2101,D,F,Rock'n'Roll-Main Class Start,Final,2,286,4,-75,2.5,3.75,6,-4,0,174,DF,0.5,0.5,0.5,0,0,0,0,0,0,-1,-1
2101,D,F,Rock'n'Roll-Main Class Start,Final,2,286,4,-75,2.5,3.75,6,-4,0,174,CO,0.5,1,1.5,0,0,0,0,0,0,-1,-1
2101,D,F,Rock'n'Roll-Main Class Start,Final,3,142,4,-35,5,10,9,0,0,174,CO,1.5,1.5,1.5,0,0,0,0,0,0,-1,-1
2101,D,F,Rock'n'Roll-Main Class Start,Final,3,142,4,-35,5,10,9,0,0,174,DF,1.5,1.5,1,0,0,0,0,0,0,-1,-1
2101,D,F,Rock'n'Roll-Main Class Start,Final,4,118,4,-35,5,10,7,0,0,174,CO,1.5,1,1,0,0,0,0,0,0,-1,-1
2101,D,F,Rock'n'Roll-Main Class Start,Final,4,118,4,-35,5,10,7,0,0,174,DF,1.5,1.5,1,0,0,0,0,0,0,-1,-1
2101,D,F,Rock'n'Roll-Main Class Start,Final,5,226,4,-25,8.5,15,10,0,0,174,CO,1.5,2,1.5,0,0,0,0,0,0,-1,-1
2101,D,F,Rock'n'Roll-Main Class Start,Final,5,226,4,-25,8.5,15,10,0,0,174,DF,2,2,2,0,0,0,0,0,0,-1,-1
2101,G,F,Rock'n'Roll-Main Class Start,Final,1,323,7,-10,7.5,12.5,10,0,0,174,DF,1.5,2,1.5,0,0,0,0,0,0,-1,-1
2101,G,F,Rock'n'Roll-Main Class Start,Final,1,323,7,-10,7.5,12.5,10,0,0,174,CO,2,1.5,1.5,0,0,0,0,0,0,-1,-1
2101,G,F,Rock'n'Roll-Main Class Start,Final,2,286,7,-50,5,7.5,6,-4,0,174,DF,1,1,1,0,0,0,0,0,0,-1,-1
2101,G,F,Rock'n'Roll-Main Class Start,Final,2,286,7,-50,5,7.5,6,-4,0,174,CO,1,1,1,0,0,0,0,0,0,-1,-1
2101,G,F,Rock'n'Roll-Main Class Start,Final,3,142,7,-25,7.5,12.5,9,0,0,174,CO,1.5,1.5,1.5,0,0,0,0,0,0,-1,-1
2101,G,F,Rock'n'Roll-Main Class Start,Final,3,142,7,-25,7.5,12.5,9,0,0,174,DF,1.5,2,1.5,0,0,0,0,0,0,-1,-1
2101,G,F,Rock'n'Roll-Main Class Start,Final,4,118,7,-10,8.5,13.75,13,0,0,174,CO,2.5,2,2,0,0,0,0,0,0,-1,-1
2101,G,F,Rock'n'Roll-Main Class Start,Final,4,118,7,-10,8.5,13.75,13,0,0,174,DF,2,1,2.5,0,0,0,0,0,0,-1,-1
2101,G,F,Rock'n'Roll-Main Class Start,Final,5,226,7,-15,7.5,15,11,0,0,174,DF,2,2,2,0,0,0,0,0,0,-1,-1
2101,G,F,Rock'n'Roll-Main Class Start,Final,5,226,7,-15,7.5,15,11,0,0,174,CO,1.5,2,2,0,0,0,0,0,0,-1,-1
2102,B,F,Rock'n'Roll-Main Class Contact Style,Final - Acrobatic,1,179,2,-55,4.5,7.5,5,0,0,174,CO,1.5,2,1.5,0,0,0,0,0,0,-1,-1
2102,B,F,Rock'n'Roll-Main Class Contact Style,Final - Acrobatic,1,179,2,-55,4.5,7.5,5,0,0,174,DF,2,2,2,0,0,0,0,0,0,-1,-1
2102,B,F,Rock'n'Roll-Main Class Contact Style,Final - Acrobatic,2,28,2,-62.5,3.25,6.875,5,0,0,174,CO,1.5,1.5,2,0,0,0,0,0,0,-1,-1
2102,B,F,Rock'n'Roll-Main Class Contact Style,Final - Acrobatic,2,28,2,-62.5,3.25,6.875,5,0,0,174,DF,2,1.5,2,0,0,0,0,0,0,-1,-1
2102,B,F,Rock'n'Roll-Main Class Contact Style,Final - Acrobatic,3,494,2,-57.5,4.5,6.875,5.5,0,0,174,CO,2,2,1.5,0,0,0,0,0,0,-1,-1
2102,B,F,Rock'n'Roll-Main Class Contact Style,Final - Acrobatic,3,494,2,-57.5,4.5,6.875,5.5,0,0,174,DF,2,2,1.5,0,0,0,0,0,0,-1,-1
2102,B,F,Rock'n'Roll-Main Class Contact Style,Final - Acrobatic,4,430,2,-55,4.75,7.5,7.5,0,0,174,DF,2,2,2,0,0,0,0,0,0,-1,-1
2102,B,F,Rock'n'Roll-Main Class Contact Style,Final - Acrobatic,4,430,2,-55,4.75,7.5,7.5,0,0,174,CO,2.5,2.5,2,0,0,0,0,0,0,-1,-1
2102,B,F,Rock'n'Roll-Main Class Contact Style,Final - Acrobatic,5,283,2,-57.5,3.75,5.625,5,0,0,174,DF,1.5,1,2,0,0,0,0,0,0,-1,-1
2102,B,F,Rock'n'Roll-Main Class Contact Style,Final - Acrobatic,5,283,2,-57.5,3.75,5.625,5,0,0,174,CO,1.5,1.5,1.5,0,0,0,0,0,0,-1,-1
2102,B,F,Rock'n'Roll-Main Class Contact Style,Final - Acrobatic,6,495,2,-62.5,4.25,5.625,6.5,0,0,174,CO,2,2,2,0,0,0,0,0,0,-1,-1
2102,B,F,Rock'n'Roll-Main Class Contact Style,Final - Acrobatic,6,495,2,-62.5,4.25,5.625,6.5,0,0,174,DF,1.5,1,2,0,0,0,0,0,0,-1,-1
2102,E,F,Rock'n'Roll-Main Class Contact Style,Final - Acrobatic,1,179,5,-62.5,4.25,8.125,6.5,0,0,174,CO,2,2,2,0,0,0,0,0,0,-1,-1
2102,E,F,Rock'n'Roll-Main Class Contact Style,Final - Acrobatic,1,179,5,-62.5,4.25,8.125,6.5,0,0,174,DF,2.5,2,1.5,0,0,0,0,0,0,-1,-1
2102,E,F,Rock'n'Roll-Main Class Contact Style,Final - Acrobatic,2,28,5,-57.5,3.75,5.625,6.5,0,0,174,DF,1.5,1.5,1,0,0,0,0,0,0,-1,-1
2102,E,F,Rock'n'Roll-Main Class Contact Style,Final - Acrobatic,2,28,5,-57.5,3.75,5.625,6.5,0,0,174,CO,1.5,2,2.5,0,0,0,0,0,0,-1,-1
2102,E,F,Rock'n'Roll-Main Class Contact Style,Final - Acrobatic,3,494,5,-62.5,4.25,8.125,6,0,0,174,CO,1.5,2,2,0,0,0,0,0,0,-1,-1
2102,E,F,Rock'n'Roll-Main Class Contact Style,Final - Acrobatic,3,494,5,-62.5,4.25,8.125,6,0,0,174,DF,2,2,2,0,0,0,0,0,0,-1,-1
2102,E,F,Rock'n'Roll-Main Class Contact Style,Final - Acrobatic,4,430,5,-62.5,3.75,7.5,6,-2,0,174,CO,1.5,2,2,0,0,0,0,0,0,-1,-1
2102,E,F,Rock'n'Roll-Main Class Contact Style,Final - Acrobatic,4,430,5,-62.5,3.75,7.5,6,-2,0,174,DF,2,1.5,2,0,0,0,0,0,0,-1,-1
2102,E,F,Rock'n'Roll-Main Class Contact Style,Final - Acrobatic,5,283,5,-67.5,3.25,4.375,4.5,-4,0,174,CO,1,1.5,1.5,0,0,0,0,0,0,-1,-1
2102,E,F,Rock'n'Roll-Main Class Contact Style,Final - Acrobatic,5,283,5,-67.5,3.25,4.375,4.5,-4,0,174,DF,1,1,1,0,0,0,0,0,0,-1,-1
2102,E,F,Rock'n'Roll-Main Class Contact Style,Final - Acrobatic,6,495,5,-62.5,4.25,7.5,6,0,0,174,DF,2,1.5,2,0,0,0,0,0,0,-1,-1
2102,E,F,Rock'n'Roll-Main Class Contact Style,Final - Acrobatic,6,495,5,-62.5,4.25,7.5,6,0,0,174,CO,1.5,2,2,0,0,0,0,0,0,-1,-1
2102,F,F,Rock'n'Roll-Main Class Contact Style,Final - Acrobatic,1,179,6,-55,4.5,6.875,5,0,0,174,DF,2,2,1.5,0,0,0,0,0,0,-1,-1
2102,F,F,Rock'n'Roll-Main Class Contact Style,Final - Acrobatic,1,179,6,-55,4.5,6.875,5,0,0,174,CO,2,2,1,0,0,0,0,0,0,-1,-1
2102,F,F,Rock'n'Roll-Main Class Contact Style,Final - Acrobatic,2,28,6,-67.5,3.25,4.375,4,-4,0,174,CO,1.5,1.5,1,0,0,0,0,0,0,-1,-1
2102,F,F,Rock'n'Roll-Main Class Contact Style,Final - Acrobatic,2,28,6,-67.5,3.25,4.375,4,-4,0,174,DF,1.5,0.5,1.5,0,0,0,0,0,0,-1,-1
2102,F,F,Rock'n'Roll-Main Class Contact Style,Final - Acrobatic,3,494,6,-55,4.5,7.5,5.5,0,0,174,CO,2.5,2,1,0,0,0,0,0,0,-1,-1
2102,F,F,Rock'n'Roll-Main Class Contact Style,Final - Acrobatic,3,494,6,-55,4.5,7.5,5.5,0,0,174,DF,2.5,2,1.5,0,0,0,0,0,0,-1,-1
2102,F,F,Rock'n'Roll-Main Class Contact Style,Final - Acrobatic,4,430,6,-57.5,4.25,6.25,5,0,0,174,DF,2.5,1,1.5,0,0,0,0,0,0,-1,-1
2102,F,F,Rock'n'Roll-Main Class Contact Style,Final - Acrobatic,4,430,6,-57.5,4.25,6.25,5,0,0,174,CO,2,1.5,1.5,0,0,0,0,0,0,-1,-1
2102,F,F,Rock'n'Roll-Main Class Contact Style,Final - Acrobatic,5,283,6,-57.5,3.75,4.375,4,0,0,174,CO,1.5,1.5,1,0,0,0,0,0,0,-1,-1
2102,F,F,Rock'n'Roll-Main Class Contact Style,Final - Acrobatic,5,283,6,-57.5,3.75,4.375,4,0,0,174,DF,1.5,1,1,0,0,0,0,0,0,-1,-1
2102,F,F,Rock'n'Roll-Main Class Contact Style,Final - Acrobatic,6,495,6,-55,4.5,5.625,6,0,0,174,CO,2.5,2,1.5,0,0,0,0,0,0,-1,-1
2102,F,F,Rock'n'Roll-Main Class Contact Style,Final - Acrobatic,6,495,6,-55,4.5,5.625,6,0,0,174,DF,1.5,1.5,1.5,0,0,0,0,0,0,-1,-1
2102,G,F,Rock'n'Roll-Main Class Contact Style,Final - Acrobatic,1,179,7,-62.5,4.5,8.75,7,0,0,174,CO,2.5,2.5,2,0,0,0,0,0,0,-1,-1
2102,G,F,Rock'n'Roll-Main Class Contact Style,Final - Acrobatic,1,179,7,-62.5,4.5,8.75,7,0,0,174,DF,2.5,2.5,2,0,0,0,0,0,0,-1,-1
2102,G,F,Rock'n'Roll-Main Class Contact Style,Final - Acrobatic,2,28,7,-57.5,3.75,6.25,5,0,0,174,DF,2,1.5,1.5,0,0,0,0,0,0,-1,-1
2102,G,F,Rock'n'Roll-Main Class Contact Style,Final - Acrobatic,2,28,7,-57.5,3.75,6.25,5,0,0,174,CO,2,1.5,1.5,0,0,0,0,0,0,-1,-1
2102,G,F,Rock'n'Roll-Main Class Contact Style,Final - Acrobatic,3,494,7,-57.5,4.75,6.875,5,0,0,174,DF,1.5,2,2,0,0,0,0,0,0,-1,-1
2102,G,F,Rock'n'Roll-Main Class Contact Style,Final - Acrobatic,3,494,7,-57.5,4.75,6.875,5,0,0,174,CO,2,1.5,1.5,0,0,0,0,0,0,-1,-1
2102,G,F,Rock'n'Roll-Main Class Contact Style,Final - Acrobatic,4,430,7,-55,4.5,6.875,6,0,0,174,CO,1.5,2,2,0,0,0,0,0,0,-1,-1
2102,G,F,Rock'n'Roll-Main Class Contact Style,Final - Acrobatic,4,430,7,-55,4.5,6.875,6,0,0,174,DF,2,1.5,2,0,0,0,0,0,0,-1,-1
2102,G,F,Rock'n'Roll-Main Class Contact Style,Final - Acrobatic,5,283,7,-62.5,3.75,3.75,3.5,0,0,174,CO,1,1,1,0,0,0,0,0,0,-1,-1
2102,G,F,Rock'n'Roll-Main Class Contact Style,Final - Acrobatic,5,283,7,-62.5,3.75,3.75,3.5,0,0,174,DF,1,1,1,0,0,0,0,0,0,-1,-1
2102,G,F,Rock'n'Roll-Main Class Contact Style,Final - Acrobatic,6,495,7,-57.5,4.75,6.875,5,0,0,174,DF,1.5,2,2,0,0,0,0,0,0,-1,-1
2102,G,F,Rock'n'Roll-Main Class Contact Style,Final - Acrobatic,6,495,7,-57.5,4.75,6.875,5,0,0,174,CO,1.5,1.5,1.5,0,0,0,0,0,0,-1,-1
2103,A,F,Rock'n'Roll-Main Class Free Style,Final - Acrobatic,1,292,1,-57.5,4.25,6.25,6,-2,0,174,CO,2,2,2,0,0,0,0,0,0,-1,-1
2103,A,F,Rock'n'Roll-Main Class Free Style,Final - Acrobatic,1,292,1,-57.5,4.25,6.25,6,-2,0,174,DF,1.5,2,1.5,0,0,0,0,0,0,-1,-1
2103,A,F,Rock'n'Roll-Main Class Free Style,Final - Acrobatic,2,8,1,-62.5,3.75,6.25,5,0,0,174,CO,2,1.5,1.5,0,0,0,0,0,0,-1,-1
2103,A,F,Rock'n'Roll-Main Class Free Style,Final - Acrobatic,2,8,1,-62.5,3.75,6.25,5,0,0,174,DF,1.5,2,1.5,0,0,0,0,0,0,-1,-1
2103,A,F,Rock'n'Roll-Main Class Free Style,Final - Acrobatic,3,172,1,-62.5,3.25,6.25,5,0,0,174,CO,1.5,1.5,2,0,0,0,0,0,0,-1,-1
2103,A,F,Rock'n'Roll-Main Class Free Style,Final - Acrobatic,3,172,1,-62.5,3.25,6.25,5,0,0,174,DF,1.5,2,1.5,0,0,0,0,0,0,-1,-1
2103,A,F,Rock'n'Roll-Main Class Free Style,Final - Acrobatic,4,63,1,-62.5,3.75,6.875,6,0,0,174,DF,1.5,2.5,1.5,0,0,0,0,0,0,-1,-1
2103,A,F,Rock'n'Roll-Main Class Free Style,Final - Acrobatic,4,63,1,-62.5,3.75,6.875,6,0,0,174,CO,2,2,2,0,0,0,0,0,0,-1,-1
2103,A,F,Rock'n'Roll-Main Class Free Style,Final - Acrobatic,5,222,1,-62.5,3.25,6.25,6,0,0,174,DF,2,1.5,1.5,0,0,0,0,0,0,-1,-1
2103,A,F,Rock'n'Roll-Main Class Free Style,Final - Acrobatic,5,222,1,-62.5,3.25,6.25,6,0,0,174,CO,2,2,2,0,0,0,0,0,0,-1,-1
2103,B,F,Rock'n'Roll-Main Class Free Style,Final - Acrobatic,1,292,2,-57.5,3.75,5.625,5,-2,0,174,CO,1.5,1.5,2,0,0,0,0,0,0,-1,-1
2103,B,F,Rock'n'Roll-Main Class Free Style,Final - Acrobatic,1,292,2,-57.5,3.75,5.625,5,-2,0,174,DF,1.5,1.5,1.5,0,0,0,0,0,0,-1,-1
2103,B,F,Rock'n'Roll-Main Class Free Style,Final - Acrobatic,2,8,2,-55,3.25,4.375,3.5,0,0,174,CO,1,1.5,1,0,0,0,0,0,0,-1,-1
2103,B,F,Rock'n'Roll-Main Class Free Style,Final - Acrobatic,2,8,2,-55,3.25,4.375,3.5,0,0,174,DF,1,1.5,1,0,0,0,0,0,0,-1,-1
2103,B,F,Rock'n'Roll-Main Class Free Style,Final - Acrobatic,3,172,2,-57.5,4.25,5,5,0,0,174,DF,1,1.5,1.5,0,0,0,0,0,0,-1,-1
2103,B,F,Rock'n'Roll-Main Class Free Style,Final - Acrobatic,3,172,2,-57.5,4.25,5,5,0,0,174,CO,1.5,2,1.5,0,0,0,0,0,0,-1,-1
2103,B,F,Rock'n'Roll-Main Class Free Style,Final - Acrobatic,4,63,2,-62.5,2.5,4.375,4,0,0,174,CO,1,1.5,1.5,0,0,0,0,0,0,-1,-1
2103,B,F,Rock'n'Roll-Main Class Free Style,Final - Acrobatic,4,63,2,-62.5,2.5,4.375,4,0,0,174,DF,1,1,1.5,0,0,0,0,0,0,-1,-1
2103,B,F,Rock'n'Roll-Main Class Free Style,Final - Acrobatic,5,222,2,-57.5,3.25,6.25,5,0,0,174,CO,1.5,1.5,2,0,0,0,0,0,0,-1,-1
2103,B,F,Rock'n'Roll-Main Class Free Style,Final - Acrobatic,5,222,2,-57.5,3.25,6.25,5,0,0,174,DF,1.5,1.5,2,0,0,0,0,0,0,-1,-1
2103,C,F,Rock'n'Roll-Main Class Free Style,Final - Acrobatic,1,292,3,-62.5,3.25,4.375,4,0,0,174,CO,1,1.5,1.5,0,0,0,0,0,0,-1,-1
2103,C,F,Rock'n'Roll-Main Class Free Style,Final - Acrobatic,1,292,3,-62.5,3.25,4.375,4,0,0,174,DF,1,1.5,1,0,0,0,0,0,0,-1,-1
2103,C,F,Rock'n'Roll-Main Class Free Style,Final - Acrobatic,2,8,3,-57.5,3.25,5,4.5,0,0,174,DF,1,1.5,1.5,0,0,0,0,0,0,-1,-1
2103,C,F,Rock'n'Roll-Main Class Free Style,Final - Acrobatic,2,8,3,-57.5,3.25,5,4.5,0,0,174,CO,1.5,1.5,1.5,0,0,0,0,0,0,-1,-1
2103,C,F,Rock'n'Roll-Main Class Free Style,Final - Acrobatic,3,172,3,-57.5,3.25,4.375,3.5,0,0,174,DF,1,1.5,1,0,0,0,0,0,0,-1,-1
2103,C,F,Rock'n'Roll-Main Class Free Style,Final - Acrobatic,3,172,3,-57.5,3.25,4.375,3.5,0,0,174,CO,1,1.5,1,0,0,0,0,0,0,-1,-1
2103,C,F,Rock'n'Roll-Main Class Free Style,Final - Acrobatic,4,63,3,-67.5,3.25,4.375,3.5,0,0,174,CO,1.5,1,1,0,0,0,0,0,0,-1,-1
2103,C,F,Rock'n'Roll-Main Class Free Style,Final - Acrobatic,4,63,3,-67.5,3.25,4.375,3.5,0,0,174,DF,1,1.5,1,0,0,0,0,0,0,-1,-1
2103,C,F,Rock'n'Roll-Main Class Free Style,Final - Acrobatic,5,222,3,-62.5,3.25,5,4.5,0,0,174,CO,1.5,1.5,1.5,0,0,0,0,0,0,-1,-1
2103,C,F,Rock'n'Roll-Main Class Free Style,Final - Acrobatic,5,222,3,-62.5,3.25,5,4.5,0,0,174,DF,1.5,1,1.5,0,0,0,0,0,0,-1,-1
2103,E,F,Rock'n'Roll-Main Class Free Style,Final - Acrobatic,1,292,5,-62.5,3.75,4.375,4.5,-2,0,174,DF,0.5,2,1,0,0,0,0,0,0,-1,-1
2103,E,F,Rock'n'Roll-Main Class Free Style,Final - Acrobatic,1,292,5,-62.5,3.75,4.375,4.5,-2,0,174,CO,1,2,1.5,0,0,0,0,0,0,-1,-1
2103,E,F,Rock'n'Roll-Main Class Free Style,Final - Acrobatic,2,8,5,-62.5,3.25,3.75,3.5,-2,0,174,CO,1,1.5,1,0,0,0,0,0,0,-1,-1
2103,E,F,Rock'n'Roll-Main Class Free Style,Final - Acrobatic,2,8,5,-62.5,3.25,3.75,3.5,-2,0,174,DF,1,1,1,0,0,0,0,0,0,-1,-1
2103,E,F,Rock'n'Roll-Main Class Free Style,Final - Acrobatic,3,172,5,-62.5,3.25,5,6,-2,0,174,CO,1.5,2,2.5,0,0,0,0,0,0,-1,-1
2103,E,F,Rock'n'Roll-Main Class Free Style,Final - Acrobatic,3,172,5,-62.5,3.25,5,6,-2,0,174,DF,1,1.5,1.5,0,0,0,0,0,0,-1,-1
2103,E,F,Rock'n'Roll-Main Class Free Style,Final - Acrobatic,4,63,5,-67.5,3.25,5,4.5,-4,0,174,CO,1.5,1.5,1.5,0,0,0,0,0,0,-1,-1
2103,E,F,Rock'n'Roll-Main Class Free Style,Final - Acrobatic,4,63,5,-67.5,3.25,5,4.5,-4,0,174,DF,1.5,1,1.5,0,0,0,0,0,0,-1,-1
2103,E,F,Rock'n'Roll-Main Class Free Style,Final - Acrobatic,5,222,5,-67.5,2.5,4.375,3,-2,0,174,DF,1.5,0.5,1.5,0,0,0,0,0,0,-1,-1
2103,E,F,Rock'n'Roll-Main Class Free Style,Final - Acrobatic,5,222,5,-67.5,2.5,4.375,3,-2,0,174,CO,1,1,1,0,0,0,0,0,0,-1,-1
